Copyright 1986-2022 Xilinx, Inc. All Rights Reserved. Copyright 2022-2025 Advanced Micro Devices, Inc. All Rights Reserved.
------------------------------------------------------------------------------------------------------------------------------------------------------------------------------------------------------------------------------------------------------------------------------------------
| Tool Version : Vivado v.2025.2 (win64) Build 6299465 Fri Nov 14 19:35:11 GMT 2025
| Date         : Sat Jun 27 21:03:08 2026
| Host         : Michel-PC running 64-bit major release  (build 9200)
| Command      : report_timing_summary -max_paths 10 -routable_nets -report_unconstrained -file drone_block_design_wrapper_timing_summary_routed.rpt -pb drone_block_design_wrapper_timing_summary_routed.pb -rpx drone_block_design_wrapper_timing_summary_routed.rpx -warn_on_violation
| Design       : drone_block_design_wrapper
| Device       : 7z020-clg400
| Speed File   : -1  PRODUCTION 1.12 2019-11-22
| Design State : Routed
------------------------------------------------------------------------------------------------------------------------------------------------------------------------------------------------------------------------------------------------------------------------------------------

Timing Summary Report

------------------------------------------------------------------------------------------------
| Timer Settings
| --------------
------------------------------------------------------------------------------------------------

  Enable Multi Corner Analysis               :  Yes
  Enable Pessimism Removal                   :  Yes
  Pessimism Removal Resolution               :  Nearest Common Node
  Enable Input Delay Default Clock           :  No
  Enable Preset / Clear Arcs                 :  No
  Disable Flight Delays                      :  No
  Ignore I/O Paths                           :  No
  Timing Early Launch at Borrowing Latches   :  No
  Borrow Time for Max Delay Exceptions       :  Yes
  Merge Timing Exceptions                    :  Yes
  Inter-SLR Compensation                     :  Conservative

  Corner  Analyze    Analyze    
  Name    Max Paths  Min Paths  
  ------  ---------  ---------  
  Slow    Yes        Yes        
  Fast    Yes        Yes        


------------------------------------------------------------------------------------------------
| Report Methodology
| ------------------
------------------------------------------------------------------------------------------------

Rule       Severity  Description                    Violations  
---------  --------  -----------------------------  ----------  
LUTAR-1    Warning   LUT drives async reset alert   5           
TIMING-18  Warning   Missing input or output delay  4           

Note: This report is based on the most recent report_methodology run and may not be up-to-date. Run report_methodology on the current design for the latest report.



check_timing report

Table of Contents
-----------------
1. checking no_clock (0)
2. checking constant_clock (0)
3. checking pulse_width_clock (0)
4. checking unconstrained_internal_endpoints (0)
5. checking no_input_delay (2)
6. checking no_output_delay (2)
7. checking multiple_clock (0)
8. checking generated_clocks (0)
9. checking loops (0)
10. checking partial_input_delay (0)
11. checking partial_output_delay (0)
12. checking latch_loops (0)

1. checking no_clock (0)
------------------------
 There are 0 register/latch pins with no clock.


2. checking constant_clock (0)
------------------------------
 There are 0 register/latch pins with constant_clock.


3. checking pulse_width_clock (0)
---------------------------------
 There are 0 register/latch pins which need pulse_width check


4. checking unconstrained_internal_endpoints (0)
------------------------------------------------
 There are 0 pins that are not constrained for maximum delay.

 There are 0 pins that are not constrained for maximum delay due to constant clock.


5. checking no_input_delay (2)
------------------------------
 There are 2 input ports with no input delay specified. (HIGH)

 There are 0 input ports with no input delay but user has a false path constraint.


6. checking no_output_delay (2)
-------------------------------
 There are 2 ports with no output delay specified. (HIGH)

 There are 0 ports with no output delay but user has a false path constraint

 There are 0 ports with no output delay but with a timing clock defined on it or propagating through it


7. checking multiple_clock (0)
------------------------------
 There are 0 register/latch pins with multiple clocks.


8. checking generated_clocks (0)
--------------------------------
 There are 0 generated clocks that are not connected to a clock source.


9. checking loops (0)
---------------------
 There are 0 combinational loops in the design.


10. checking partial_input_delay (0)
------------------------------------
 There are 0 input ports with partial input delay specified.


11. checking partial_output_delay (0)
-------------------------------------
 There are 0 ports with partial output delay specified.


12. checking latch_loops (0)
----------------------------
 There are 0 combinational latch loops in the design through latch input



------------------------------------------------------------------------------------------------
| Design Timing Summary
| ---------------------
------------------------------------------------------------------------------------------------

    WNS(ns)      TNS(ns)  TNS Failing Endpoints  TNS Total Endpoints      WHS(ns)      THS(ns)  THS Failing Endpoints  THS Total Endpoints     WPWS(ns)     TPWS(ns)  TPWS Failing Endpoints  TPWS Total Endpoints  
    -------      -------  ---------------------  -------------------      -------      -------  ---------------------  -------------------     --------     --------  ----------------------  --------------------  
      2.121        0.000                      0                10964        0.012        0.000                      0                10964        3.750        0.000                       0                  4103  


All user specified timing constraints are met.


------------------------------------------------------------------------------------------------
| Clock Summary
| -------------
------------------------------------------------------------------------------------------------

Clock       Waveform(ns)       Period(ns)      Frequency(MHz)
-----       ------------       ----------      --------------
clk_fpga_0  {0.000 5.000}      10.000          100.000         


------------------------------------------------------------------------------------------------
| Intra Clock Table
| -----------------
------------------------------------------------------------------------------------------------

Clock             WNS(ns)      TNS(ns)  TNS Failing Endpoints  TNS Total Endpoints      WHS(ns)      THS(ns)  THS Failing Endpoints  THS Total Endpoints     WPWS(ns)     TPWS(ns)  TPWS Failing Endpoints  TPWS Total Endpoints  
-----             -------      -------  ---------------------  -------------------      -------      -------  ---------------------  -------------------     --------     --------  ----------------------  --------------------  
clk_fpga_0          2.121        0.000                      0                10804        0.012        0.000                      0                10804        3.750        0.000                       0                  4103  


------------------------------------------------------------------------------------------------
| Inter Clock Table
| -----------------
------------------------------------------------------------------------------------------------

From Clock    To Clock          WNS(ns)      TNS(ns)  TNS Failing Endpoints  TNS Total Endpoints      WHS(ns)      THS(ns)  THS Failing Endpoints  THS Total Endpoints  
----------    --------          -------      -------  ---------------------  -------------------      -------      -------  ---------------------  -------------------  


------------------------------------------------------------------------------------------------
| Other Path Groups Table
| -----------------------
------------------------------------------------------------------------------------------------

Path Group         From Clock         To Clock               WNS(ns)      TNS(ns)  TNS Failing Endpoints  TNS Total Endpoints      WHS(ns)      THS(ns)  THS Failing Endpoints  THS Total Endpoints  
----------         ----------         --------               -------      -------  ---------------------  -------------------      -------      -------  ---------------------  -------------------  
**async_default**  clk_fpga_0         clk_fpga_0               6.520        0.000                      0                  160        0.580        0.000                      0                  160  


------------------------------------------------------------------------------------------------
| User Ignored Path Table
| -----------------------
------------------------------------------------------------------------------------------------

Path Group    From Clock    To Clock    
----------    ----------    --------    
(none)                      clk_fpga_0    
(none)        clk_fpga_0    clk_fpga_0    


------------------------------------------------------------------------------------------------
| Unconstrained Path Table
| ------------------------
------------------------------------------------------------------------------------------------

Path Group    From Clock    To Clock    
----------    ----------    --------    
(none)        clk_fpga_0                  
(none)                      clk_fpga_0    


------------------------------------------------------------------------------------------------
| Timing Details
| --------------
------------------------------------------------------------------------------------------------


---------------------------------------------------------------------------------------------------
From Clock:  clk_fpga_0
  To Clock:  clk_fpga_0

Setup :            0  Failing Endpoints,  Worst Slack        2.121ns,  Total Violation        0.000ns
Hold  :            0  Failing Endpoints,  Worst Slack        0.012ns,  Total Violation        0.000ns
PW    :            0  Failing Endpoints,  Worst Slack        3.750ns,  Total Violation        0.000ns
---------------------------------------------------------------------------------------------------


Max Delay Paths
--------------------------------------------------------------------------------------
Slack (MET) :             2.121ns  (required time - arrival time)
  Source:                 drone_block_design_i/axi_dma_0/U0/I_PRMRY_DATAMOVER/GEN_S2MM_FULL.I_S2MM_FULL_WRAPPER/GEN_INCLUDE_REALIGNER.I_S2MM_REALIGNER/GEN_INCLUDE_SCATTER.I_S2MM_SCATTER/sig_max_first_increment_reg[1]/C
                            (rising edge-triggered cell FDRE clocked by clk_fpga_0  {rise@0.000ns fall@5.000ns period=10.000ns})
  Destination:            drone_block_design_i/axi_dma_0/U0/I_PRMRY_DATAMOVER/GEN_S2MM_FULL.I_S2MM_FULL_WRAPPER/GEN_INCLUDE_REALIGNER.I_S2MM_REALIGNER/GEN_INCLUDE_SCATTER.I_S2MM_SCATTER/sig_btt_eq_0_reg/D
                            (rising edge-triggered cell FDRE clocked by clk_fpga_0  {rise@0.000ns fall@5.000ns period=10.000ns})
  Path Group:             clk_fpga_0
  Path Type:              Setup (Max at Slow Process Corner)
  Requirement:            10.000ns  (clk_fpga_0 rise@10.000ns - clk_fpga_0 rise@0.000ns)
  Data Path Delay:        7.726ns  (logic 3.783ns (48.961%)  route 3.943ns (51.039%))
  Logic Levels:           14  (CARRY4=9 LUT4=3 LUT6=2)
  Clock Path Skew:        -0.027ns (DCD - SCD + CPR)
    Destination Clock Delay (DCD):    2.646ns = ( 12.646 - 10.000 ) 
    Source Clock Delay      (SCD):    2.936ns
    Clock Pessimism Removal (CPR):    0.263ns
  Clock Uncertainty:      0.154ns  ((TSJ^2 + TIJ^2)^1/2 + DJ) / 2 + PE
    Total System Jitter     (TSJ):    0.071ns
    Total Input Jitter      (TIJ):    0.300ns
    Discrete Jitter          (DJ):    0.000ns
    Phase Error              (PE):    0.000ns

    Location             Delay type                Incr(ns)  Path(ns)    Netlist Resource(s)
  -------------------------------------------------------------------    -------------------
                         (clock clk_fpga_0 rise edge)
                                                      0.000     0.000 r  
    PS7_X0Y0             PS7                          0.000     0.000 r  drone_block_design_i/processing_system7_0/inst/PS7_i/FCLKCLK[0]
                         net (fo=1, routed)           1.193     1.193    drone_block_design_i/processing_system7_0/inst/FCLK_CLK_unbuffered[0]
    BUFGCTRL_X0Y16       BUFG (Prop_bufg_I_O)         0.101     1.294 r  drone_block_design_i/processing_system7_0/inst/buffer_fclk_clk_0.FCLK_CLK_0_BUFG/O
                         net (fo=4104, routed)        1.642     2.936    drone_block_design_i/axi_dma_0/U0/I_PRMRY_DATAMOVER/GEN_S2MM_FULL.I_S2MM_FULL_WRAPPER/GEN_INCLUDE_REALIGNER.I_S2MM_REALIGNER/GEN_INCLUDE_SCATTER.I_S2MM_SCATTER/m_axi_s2mm_aclk
    SLICE_X47Y67         FDRE                                         r  drone_block_design_i/axi_dma_0/U0/I_PRMRY_DATAMOVER/GEN_S2MM_FULL.I_S2MM_FULL_WRAPPER/GEN_INCLUDE_REALIGNER.I_S2MM_REALIGNER/GEN_INCLUDE_SCATTER.I_S2MM_SCATTER/sig_max_first_increment_reg[1]/C
  -------------------------------------------------------------------    -------------------
    SLICE_X47Y67         FDRE (Prop_fdre_C_Q)         0.456     3.392 r  drone_block_design_i/axi_dma_0/U0/I_PRMRY_DATAMOVER/GEN_S2MM_FULL.I_S2MM_FULL_WRAPPER/GEN_INCLUDE_REALIGNER.I_S2MM_REALIGNER/GEN_INCLUDE_SCATTER.I_S2MM_SCATTER/sig_max_first_increment_reg[1]/Q
                         net (fo=3, routed)           1.079     4.471    drone_block_design_i/axi_dma_0/U0/I_PRMRY_DATAMOVER/GEN_S2MM_FULL.I_S2MM_FULL_WRAPPER/GEN_INCLUDE_REALIGNER.I_S2MM_REALIGNER/GEN_INCLUDE_SCATTER.I_S2MM_SCATTER/sig_max_first_increment_reg_n_0_[1]
    SLICE_X44Y67         LUT4 (Prop_lut4_I0_O)        0.124     4.595 r  drone_block_design_i/axi_dma_0/U0/I_PRMRY_DATAMOVER/GEN_S2MM_FULL.I_S2MM_FULL_WRAPPER/GEN_INCLUDE_REALIGNER.I_S2MM_REALIGNER/GEN_INCLUDE_SCATTER.I_S2MM_SCATTER/sig_btt_lteq_max_first_incr0_carry_i_7/O
                         net (fo=1, routed)           0.000     4.595    drone_block_design_i/axi_dma_0/U0/I_PRMRY_DATAMOVER/GEN_S2MM_FULL.I_S2MM_FULL_WRAPPER/GEN_INCLUDE_REALIGNER.I_S2MM_REALIGNER/GEN_INCLUDE_SCATTER.I_S2MM_SCATTER/sig_btt_lteq_max_first_incr0_carry_i_7_n_0
    SLICE_X44Y67         CARRY4 (Prop_carry4_S[0]_CO[3])
                                                      0.532     5.127 r  drone_block_design_i/axi_dma_0/U0/I_PRMRY_DATAMOVER/GEN_S2MM_FULL.I_S2MM_FULL_WRAPPER/GEN_INCLUDE_REALIGNER.I_S2MM_REALIGNER/GEN_INCLUDE_SCATTER.I_S2MM_SCATTER/sig_btt_lteq_max_first_incr0_carry/CO[3]
                         net (fo=1, routed)           0.000     5.127    drone_block_design_i/axi_dma_0/U0/I_PRMRY_DATAMOVER/GEN_S2MM_FULL.I_S2MM_FULL_WRAPPER/GEN_INCLUDE_REALIGNER.I_S2MM_REALIGNER/GEN_INCLUDE_SCATTER.I_S2MM_SCATTER/sig_btt_lteq_max_first_incr0_carry_n_0
    SLICE_X44Y68         CARRY4 (Prop_carry4_CI_CO[3])
                                                      0.114     5.241 r  drone_block_design_i/axi_dma_0/U0/I_PRMRY_DATAMOVER/GEN_S2MM_FULL.I_S2MM_FULL_WRAPPER/GEN_INCLUDE_REALIGNER.I_S2MM_REALIGNER/GEN_INCLUDE_SCATTER.I_S2MM_SCATTER/sig_btt_lteq_max_first_incr0_carry__0/CO[3]
                         net (fo=1, routed)           0.000     5.241    drone_block_design_i/axi_dma_0/U0/I_PRMRY_DATAMOVER/GEN_S2MM_FULL.I_S2MM_FULL_WRAPPER/GEN_INCLUDE_REALIGNER.I_S2MM_REALIGNER/GEN_INCLUDE_SCATTER.I_S2MM_SCATTER/sig_btt_lteq_max_first_incr0_carry__0_n_0
    SLICE_X44Y69         CARRY4 (Prop_carry4_CI_CO[3])
                                                      0.114     5.355 r  drone_block_design_i/axi_dma_0/U0/I_PRMRY_DATAMOVER/GEN_S2MM_FULL.I_S2MM_FULL_WRAPPER/GEN_INCLUDE_REALIGNER.I_S2MM_REALIGNER/GEN_INCLUDE_SCATTER.I_S2MM_SCATTER/sig_btt_lteq_max_first_incr0_carry__1/CO[3]
                         net (fo=1, routed)           0.000     5.355    drone_block_design_i/axi_dma_0/U0/I_PRMRY_DATAMOVER/GEN_S2MM_FULL.I_S2MM_FULL_WRAPPER/GEN_INCLUDE_REALIGNER.I_S2MM_REALIGNER/GEN_INCLUDE_SCATTER.I_S2MM_SCATTER/sig_btt_lteq_max_first_incr0_carry__1_n_0
    SLICE_X44Y70         CARRY4 (Prop_carry4_CI_CO[0])
                                                      0.293     5.648 r  drone_block_design_i/axi_dma_0/U0/I_PRMRY_DATAMOVER/GEN_S2MM_FULL.I_S2MM_FULL_WRAPPER/GEN_INCLUDE_REALIGNER.I_S2MM_REALIGNER/GEN_INCLUDE_SCATTER.I_S2MM_SCATTER/sig_btt_lteq_max_first_incr0_carry__2/CO[0]
                         net (fo=32, routed)          0.929     6.577    drone_block_design_i/axi_dma_0/U0/I_PRMRY_DATAMOVER/GEN_S2MM_FULL.I_S2MM_FULL_WRAPPER/GEN_INCLUDE_REALIGNER.I_S2MM_REALIGNER/GEN_INCLUDE_SCATTER.I_S2MM_SCATTER/CO[0]
    SLICE_X45Y66         LUT4 (Prop_lut4_I2_O)        0.373     6.950 r  drone_block_design_i/axi_dma_0/U0/I_PRMRY_DATAMOVER/GEN_S2MM_FULL.I_S2MM_FULL_WRAPPER/GEN_INCLUDE_REALIGNER.I_S2MM_REALIGNER/GEN_INCLUDE_SCATTER.I_S2MM_SCATTER/sig_btt_cntr_prv0_carry_i_3/O
                         net (fo=1, routed)           0.000     6.950    drone_block_design_i/axi_dma_0/U0/I_PRMRY_DATAMOVER/GEN_S2MM_FULL.I_S2MM_FULL_WRAPPER/GEN_INCLUDE_REALIGNER.I_S2MM_REALIGNER/GEN_INCLUDE_SCATTER.I_S2MM_SCATTER/sig_btt_cntr_prv0_carry_i_3_n_0
    SLICE_X45Y66         CARRY4 (Prop_carry4_S[1]_CO[3])
                                                      0.550     7.500 r  drone_block_design_i/axi_dma_0/U0/I_PRMRY_DATAMOVER/GEN_S2MM_FULL.I_S2MM_FULL_WRAPPER/GEN_INCLUDE_REALIGNER.I_S2MM_REALIGNER/GEN_INCLUDE_SCATTER.I_S2MM_SCATTER/sig_btt_cntr_prv0_carry/CO[3]
                         net (fo=1, routed)           0.000     7.500    drone_block_design_i/axi_dma_0/U0/I_PRMRY_DATAMOVER/GEN_S2MM_FULL.I_S2MM_FULL_WRAPPER/GEN_INCLUDE_REALIGNER.I_S2MM_REALIGNER/GEN_INCLUDE_SCATTER.I_S2MM_SCATTER/sig_btt_cntr_prv0_carry_n_0
    SLICE_X45Y67         CARRY4 (Prop_carry4_CI_CO[3])
                                                      0.114     7.614 r  drone_block_design_i/axi_dma_0/U0/I_PRMRY_DATAMOVER/GEN_S2MM_FULL.I_S2MM_FULL_WRAPPER/GEN_INCLUDE_REALIGNER.I_S2MM_REALIGNER/GEN_INCLUDE_SCATTER.I_S2MM_SCATTER/sig_btt_cntr_prv0_carry__0/CO[3]
                         net (fo=1, routed)           0.000     7.614    drone_block_design_i/axi_dma_0/U0/I_PRMRY_DATAMOVER/GEN_S2MM_FULL.I_S2MM_FULL_WRAPPER/GEN_INCLUDE_REALIGNER.I_S2MM_REALIGNER/GEN_INCLUDE_SCATTER.I_S2MM_SCATTER/sig_btt_cntr_prv0_carry__0_n_0
    SLICE_X45Y68         CARRY4 (Prop_carry4_CI_CO[3])
                                                      0.114     7.728 r  drone_block_design_i/axi_dma_0/U0/I_PRMRY_DATAMOVER/GEN_S2MM_FULL.I_S2MM_FULL_WRAPPER/GEN_INCLUDE_REALIGNER.I_S2MM_REALIGNER/GEN_INCLUDE_SCATTER.I_S2MM_SCATTER/sig_btt_cntr_prv0_carry__1/CO[3]
                         net (fo=1, routed)           0.000     7.728    drone_block_design_i/axi_dma_0/U0/I_PRMRY_DATAMOVER/GEN_S2MM_FULL.I_S2MM_FULL_WRAPPER/GEN_INCLUDE_REALIGNER.I_S2MM_REALIGNER/GEN_INCLUDE_SCATTER.I_S2MM_SCATTER/sig_btt_cntr_prv0_carry__1_n_0
    SLICE_X45Y69         CARRY4 (Prop_carry4_CI_CO[3])
                                                      0.114     7.842 r  drone_block_design_i/axi_dma_0/U0/I_PRMRY_DATAMOVER/GEN_S2MM_FULL.I_S2MM_FULL_WRAPPER/GEN_INCLUDE_REALIGNER.I_S2MM_REALIGNER/GEN_INCLUDE_SCATTER.I_S2MM_SCATTER/sig_btt_cntr_prv0_carry__2/CO[3]
                         net (fo=1, routed)           0.000     7.842    drone_block_design_i/axi_dma_0/U0/I_PRMRY_DATAMOVER/GEN_S2MM_FULL.I_S2MM_FULL_WRAPPER/GEN_INCLUDE_REALIGNER.I_S2MM_REALIGNER/GEN_INCLUDE_SCATTER.I_S2MM_SCATTER/sig_btt_cntr_prv0_carry__2_n_0
    SLICE_X45Y70         CARRY4 (Prop_carry4_CI_O[1])
                                                      0.334     8.176 f  drone_block_design_i/axi_dma_0/U0/I_PRMRY_DATAMOVER/GEN_S2MM_FULL.I_S2MM_FULL_WRAPPER/GEN_INCLUDE_REALIGNER.I_S2MM_REALIGNER/GEN_INCLUDE_SCATTER.I_S2MM_SCATTER/sig_btt_cntr_prv0_carry__3/O[1]
                         net (fo=1, routed)           0.303     8.479    drone_block_design_i/axi_dma_0/U0/I_PRMRY_DATAMOVER/GEN_S2MM_FULL.I_S2MM_FULL_WRAPPER/GEN_INCLUDE_REALIGNER.I_S2MM_REALIGNER/GEN_INCLUDE_SCATTER.I_S2MM_SCATTER/sig_btt_cntr_prv0[17]
    SLICE_X44Y71         LUT4 (Prop_lut4_I3_O)        0.303     8.782 f  drone_block_design_i/axi_dma_0/U0/I_PRMRY_DATAMOVER/GEN_S2MM_FULL.I_S2MM_FULL_WRAPPER/GEN_INCLUDE_REALIGNER.I_S2MM_REALIGNER/GEN_INCLUDE_SCATTER.I_S2MM_SCATTER/sig_btt_cntr[17]_i_1/O
                         net (fo=3, routed)           1.042     9.825    drone_block_design_i/axi_dma_0/U0/I_PRMRY_DATAMOVER/GEN_S2MM_FULL.I_S2MM_FULL_WRAPPER/GEN_INCLUDE_REALIGNER.I_S2MM_REALIGNER/GEN_INCLUDE_SCATTER.I_S2MM_SCATTER/sel0[17]
    SLICE_X43Y71         LUT6 (Prop_lut6_I2_O)        0.124     9.949 f  drone_block_design_i/axi_dma_0/U0/I_PRMRY_DATAMOVER/GEN_S2MM_FULL.I_S2MM_FULL_WRAPPER/GEN_INCLUDE_REALIGNER.I_S2MM_REALIGNER/GEN_INCLUDE_SCATTER.I_S2MM_SCATTER/sig_btt_eq_0_i_3/O
                         net (fo=1, routed)           0.590    10.538    drone_block_design_i/axi_dma_0/U0/I_PRMRY_DATAMOVER/GEN_S2MM_FULL.I_S2MM_FULL_WRAPPER/GEN_INCLUDE_REALIGNER.I_S2MM_REALIGNER/GEN_INCLUDE_SCATTER.I_S2MM_SCATTER/I_MSSAI_SKID_BUF/sig_btt_eq_0_reg_1
    SLICE_X47Y69         LUT6 (Prop_lut6_I2_O)        0.124    10.662 r  drone_block_design_i/axi_dma_0/U0/I_PRMRY_DATAMOVER/GEN_S2MM_FULL.I_S2MM_FULL_WRAPPER/GEN_INCLUDE_REALIGNER.I_S2MM_REALIGNER/GEN_INCLUDE_SCATTER.I_S2MM_SCATTER/I_MSSAI_SKID_BUF/sig_btt_eq_0_i_1/O
                         net (fo=1, routed)           0.000    10.662    drone_block_design_i/axi_dma_0/U0/I_PRMRY_DATAMOVER/GEN_S2MM_FULL.I_S2MM_FULL_WRAPPER/GEN_INCLUDE_REALIGNER.I_S2MM_REALIGNER/GEN_INCLUDE_SCATTER.I_S2MM_SCATTER/I_MSSAI_SKID_BUF_n_8
    SLICE_X47Y69         FDRE                                         r  drone_block_design_i/axi_dma_0/U0/I_PRMRY_DATAMOVER/GEN_S2MM_FULL.I_S2MM_FULL_WRAPPER/GEN_INCLUDE_REALIGNER.I_S2MM_REALIGNER/GEN_INCLUDE_SCATTER.I_S2MM_SCATTER/sig_btt_eq_0_reg/D
  -------------------------------------------------------------------    -------------------

                         (clock clk_fpga_0 rise edge)
                                                     10.000    10.000 r  
    PS7_X0Y0             PS7                          0.000    10.000 r  drone_block_design_i/processing_system7_0/inst/PS7_i/FCLKCLK[0]
                         net (fo=1, routed)           1.088    11.088    drone_block_design_i/processing_system7_0/inst/FCLK_CLK_unbuffered[0]
    BUFGCTRL_X0Y16       BUFG (Prop_bufg_I_O)         0.091    11.179 r  drone_block_design_i/processing_system7_0/inst/buffer_fclk_clk_0.FCLK_CLK_0_BUFG/O
                         net (fo=4104, routed)        1.467    12.646    drone_block_design_i/axi_dma_0/U0/I_PRMRY_DATAMOVER/GEN_S2MM_FULL.I_S2MM_FULL_WRAPPER/GEN_INCLUDE_REALIGNER.I_S2MM_REALIGNER/GEN_INCLUDE_SCATTER.I_S2MM_SCATTER/m_axi_s2mm_aclk
    SLICE_X47Y69         FDRE                                         r  drone_block_design_i/axi_dma_0/U0/I_PRMRY_DATAMOVER/GEN_S2MM_FULL.I_S2MM_FULL_WRAPPER/GEN_INCLUDE_REALIGNER.I_S2MM_REALIGNER/GEN_INCLUDE_SCATTER.I_S2MM_SCATTER/sig_btt_eq_0_reg/C
                         clock pessimism              0.263    12.909    
                         clock uncertainty           -0.154    12.755    
    SLICE_X47Y69         FDRE (Setup_fdre_C_D)        0.029    12.784    drone_block_design_i/axi_dma_0/U0/I_PRMRY_DATAMOVER/GEN_S2MM_FULL.I_S2MM_FULL_WRAPPER/GEN_INCLUDE_REALIGNER.I_S2MM_REALIGNER/GEN_INCLUDE_SCATTER.I_S2MM_SCATTER/sig_btt_eq_0_reg
  -------------------------------------------------------------------
                         required time                         12.784    
                         arrival time                         -10.662    
  -------------------------------------------------------------------
                         slack                                  2.121    

Slack (MET) :             2.396ns  (required time - arrival time)
  Source:                 drone_block_design_wrapper/drone_block_design/drone_block_design_axi_mem_intercon_0/s00_couplers_imp_1QUQC6S/drone_block_design_axi_mem_intercon_imp_auto_ds_0/drone_block_design_axi_mem_intercon_imp_auto_ds_0_axi_dwidth_converter_v2_1_37_top/drone_block_design_axi_mem_intercon_imp_auto_ds_0_axi_protocol_converter_v2_1_37_axi_protocol_converter/drone_block_design_axi_mem_intercon_imp_auto_ds_0_axi_protocol_converter_v2_1_37_axi3_conv/drone_block_design_axi_mem_intercon_imp_auto_ds_0_axi_protocol_converter_v2_1_37_a_axi3_conv/drone_block_design_axi_mem_intercon_imp_auto_ds_0_axi_data_fifo_v2_1_36_axic_fifo/drone_block_design_axi_mem_intercon_imp_auto_ds_0_axi_data_fifo_v2_1_36_fifo_gen_1/<hidden>/<hidden>/<hidden>/<hidden>/<hidden>/<hidden>
                            (rising edge-triggered cell FDPE clocked by clk_fpga_0  {rise@0.000ns fall@5.000ns period=10.000ns})
  Destination:            drone_block_design_i/axi_dma_0/U0/I_PRMRY_DATAMOVER/GEN_S2MM_FULL.I_S2MM_FULL_WRAPPER/I_S2MM_MMAP_SKID_BUF/sig_data_reg_out_reg[1]/CE
                            (rising edge-triggered cell FDRE clocked by clk_fpga_0  {rise@0.000ns fall@5.000ns period=10.000ns})
  Path Group:             clk_fpga_0
  Path Type:              Setup (Max at Slow Process Corner)
  Requirement:            10.000ns  (clk_fpga_0 rise@10.000ns - clk_fpga_0 rise@0.000ns)
  Data Path Delay:        7.169ns  (logic 1.408ns (19.641%)  route 5.761ns (80.359%))
  Logic Levels:           5  (LUT2=1 LUT3=2 LUT4=1 LUT6=1)
  Clock Path Skew:        -0.076ns (DCD - SCD + CPR)
    Destination Clock Delay (DCD):    2.754ns = ( 12.754 - 10.000 ) 
    Source Clock Delay      (SCD):    2.945ns
    Clock Pessimism Removal (CPR):    0.115ns
  Clock Uncertainty:      0.154ns  ((TSJ^2 + TIJ^2)^1/2 + DJ) / 2 + PE
    Total System Jitter     (TSJ):    0.071ns
    Total Input Jitter      (TIJ):    0.300ns
    Discrete Jitter          (DJ):    0.000ns
    Phase Error              (PE):    0.000ns

    Location             Delay type                Incr(ns)  Path(ns)    Netlist Resource(s)
  -------------------------------------------------------------------    -------------------
                         (clock clk_fpga_0 rise edge)
                                                      0.000     0.000 r  
    PS7_X0Y0             PS7                          0.000     0.000 r  drone_block_design_i/processing_system7_0/inst/PS7_i/FCLKCLK[0]
                         net (fo=1, routed)           1.193     1.193    drone_block_design_i/processing_system7_0/inst/FCLK_CLK_unbuffered[0]
    BUFGCTRL_X0Y16       BUFG (Prop_bufg_I_O)         0.101     1.294 r  drone_block_design_i/processing_system7_0/inst/buffer_fclk_clk_0.FCLK_CLK_0_BUFG/O
                         net (fo=4104, routed)        1.651     2.945    drone_block_design_wrapper/drone_block_design/drone_block_design_axi_mem_intercon_0/s00_couplers_imp_1QUQC6S/drone_block_design_axi_mem_intercon_imp_auto_ds_0/drone_block_design_axi_mem_intercon_imp_auto_ds_0_axi_dwidth_converter_v2_1_37_top/drone_block_design_axi_mem_intercon_imp_auto_ds_0_axi_protocol_converter_v2_1_37_axi_protocol_converter/drone_block_design_axi_mem_intercon_imp_auto_ds_0_axi_protocol_converter_v2_1_37_axi3_conv/drone_block_design_axi_mem_intercon_imp_auto_ds_0_axi_protocol_converter_v2_1_37_a_axi3_conv/drone_block_design_axi_mem_intercon_imp_auto_ds_0_axi_data_fifo_v2_1_36_axic_fifo/drone_block_design_axi_mem_intercon_imp_auto_ds_0_axi_data_fifo_v2_1_36_fifo_gen_1/<hidden>/<hidden>/<hidden>/<hidden>/<hidden>/<hidden>
    SLICE_X41Y53         FDPE                                         r  drone_block_design_wrapper/drone_block_design/drone_block_design_axi_mem_intercon_0/s00_couplers_imp_1QUQC6S/drone_block_design_axi_mem_intercon_imp_auto_ds_0/drone_block_design_axi_mem_intercon_imp_auto_ds_0_axi_dwidth_converter_v2_1_37_top/drone_block_design_axi_mem_intercon_imp_auto_ds_0_axi_protocol_converter_v2_1_37_axi_protocol_converter/drone_block_design_axi_mem_intercon_imp_auto_ds_0_axi_protocol_converter_v2_1_37_axi3_conv/drone_block_design_axi_mem_intercon_imp_auto_ds_0_axi_protocol_converter_v2_1_37_a_axi3_conv/drone_block_design_axi_mem_intercon_imp_auto_ds_0_axi_data_fifo_v2_1_36_axic_fifo/drone_block_design_axi_mem_intercon_imp_auto_ds_0_axi_data_fifo_v2_1_36_fifo_gen_1/<hidden>/<hidden>/<hidden>/<hidden>/<hidden>/<hidden>
  -------------------------------------------------------------------    -------------------
    SLICE_X41Y53         FDPE (Prop_fdpe_C_Q)         0.419     3.364 f  drone_block_design_wrapper/drone_block_design/drone_block_design_axi_mem_intercon_0/s00_couplers_imp_1QUQC6S/drone_block_design_axi_mem_intercon_imp_auto_ds_0/drone_block_design_axi_mem_intercon_imp_auto_ds_0_axi_dwidth_converter_v2_1_37_top/drone_block_design_axi_mem_intercon_imp_auto_ds_0_axi_protocol_converter_v2_1_37_axi_protocol_converter/drone_block_design_axi_mem_intercon_imp_auto_ds_0_axi_protocol_converter_v2_1_37_axi3_conv/drone_block_design_axi_mem_intercon_imp_auto_ds_0_axi_protocol_converter_v2_1_37_a_axi3_conv/drone_block_design_axi_mem_intercon_imp_auto_ds_0_axi_data_fifo_v2_1_36_axic_fifo/drone_block_design_axi_mem_intercon_imp_auto_ds_0_axi_data_fifo_v2_1_36_fifo_gen_1/<hidden>/<hidden>/<hidden>/<hidden>/<hidden>/<hidden>
                         net (fo=3, routed)           0.973     4.337    drone_block_design_i/axi_mem_intercon/s00_couplers/auto_ds/inst/gen_downsizer.gen_cascaded_downsizer.gen_axi3_conv.axi3_conv_inst/gen_axi4_axi3.axi3_conv_inst/USE_WRITE.write_addr_inst/USE_BURSTS.cmd_queue/inst/empty
    SLICE_X35Y52         LUT3 (Prop_lut3_I0_O)        0.297     4.634 r  drone_block_design_i/axi_mem_intercon/s00_couplers/auto_ds/inst/gen_downsizer.gen_cascaded_downsizer.gen_axi3_conv.axi3_conv_inst/gen_axi4_axi3.axi3_conv_inst/USE_WRITE.write_addr_inst/USE_BURSTS.cmd_queue/inst/m_axi_wvalid_INST_0/O
                         net (fo=4, routed)           0.720     5.354    drone_block_design_i/axi_mem_intercon/s00_couplers/auto_pc/inst/gen_axi4_axi3.axi3_conv_inst/USE_WRITE.write_addr_inst/USE_BURSTS.cmd_queue/inst/s_axi_wvalid
    SLICE_X26Y53         LUT3 (Prop_lut3_I1_O)        0.116     5.470 r  drone_block_design_i/axi_mem_intercon/s00_couplers/auto_pc/inst/gen_axi4_axi3.axi3_conv_inst/USE_WRITE.write_addr_inst/USE_BURSTS.cmd_queue/inst/s_axi_wready_INST_0/O
                         net (fo=10, routed)          0.762     6.232    drone_block_design_i/axi_mem_intercon/s00_couplers/auto_ds/inst/gen_downsizer.gen_cascaded_downsizer.first_downsizer_inst/USE_WRITE.write_addr_inst/cmd_queue/inst/m_axi_wready
    SLICE_X35Y52         LUT4 (Prop_lut4_I0_O)        0.328     6.560 r  drone_block_design_i/axi_mem_intercon/s00_couplers/auto_ds/inst/gen_downsizer.gen_cascaded_downsizer.first_downsizer_inst/USE_WRITE.write_addr_inst/cmd_queue/inst/s_axi_wready_INST_0_i_1/O
                         net (fo=24, routed)          1.166     7.726    drone_block_design_i/axi_mem_intercon/s00_couplers/auto_ds/inst/gen_downsizer.gen_cascaded_downsizer.first_downsizer_inst/USE_WRITE.write_addr_inst/cmd_queue/inst/E[0]
    SLICE_X32Y51         LUT6 (Prop_lut6_I0_O)        0.124     7.850 r  drone_block_design_i/axi_mem_intercon/s00_couplers/auto_ds/inst/gen_downsizer.gen_cascaded_downsizer.first_downsizer_inst/USE_WRITE.write_addr_inst/cmd_queue/inst/s_axi_wready_INST_0/O
                         net (fo=3, routed)           0.524     8.374    drone_block_design_i/axi_dma_0/U0/I_PRMRY_DATAMOVER/GEN_S2MM_FULL.I_S2MM_FULL_WRAPPER/I_S2MM_MMAP_SKID_BUF/m_axi_s2mm_wready
    SLICE_X33Y51         LUT2 (Prop_lut2_I0_O)        0.124     8.498 r  drone_block_design_i/axi_dma_0/U0/I_PRMRY_DATAMOVER/GEN_S2MM_FULL.I_S2MM_FULL_WRAPPER/I_S2MM_MMAP_SKID_BUF/sig_data_reg_out[127]_i_1__1/O
                         net (fo=144, routed)         1.616    10.114    drone_block_design_i/axi_dma_0/U0/I_PRMRY_DATAMOVER/GEN_S2MM_FULL.I_S2MM_FULL_WRAPPER/I_S2MM_MMAP_SKID_BUF/sig_data_reg_out_en
    SLICE_X19Y35         FDRE                                         r  drone_block_design_i/axi_dma_0/U0/I_PRMRY_DATAMOVER/GEN_S2MM_FULL.I_S2MM_FULL_WRAPPER/I_S2MM_MMAP_SKID_BUF/sig_data_reg_out_reg[1]/CE
  -------------------------------------------------------------------    -------------------

                         (clock clk_fpga_0 rise edge)
                                                     10.000    10.000 r  
    PS7_X0Y0             PS7                          0.000    10.000 r  drone_block_design_i/processing_system7_0/inst/PS7_i/FCLKCLK[0]
                         net (fo=1, routed)           1.088    11.088    drone_block_design_i/processing_system7_0/inst/FCLK_CLK_unbuffered[0]
    BUFGCTRL_X0Y16       BUFG (Prop_bufg_I_O)         0.091    11.179 r  drone_block_design_i/processing_system7_0/inst/buffer_fclk_clk_0.FCLK_CLK_0_BUFG/O
                         net (fo=4104, routed)        1.575    12.754    drone_block_design_i/axi_dma_0/U0/I_PRMRY_DATAMOVER/GEN_S2MM_FULL.I_S2MM_FULL_WRAPPER/I_S2MM_MMAP_SKID_BUF/m_axi_s2mm_aclk
    SLICE_X19Y35         FDRE                                         r  drone_block_design_i/axi_dma_0/U0/I_PRMRY_DATAMOVER/GEN_S2MM_FULL.I_S2MM_FULL_WRAPPER/I_S2MM_MMAP_SKID_BUF/sig_data_reg_out_reg[1]/C
                         clock pessimism              0.115    12.869    
                         clock uncertainty           -0.154    12.715    
    SLICE_X19Y35         FDRE (Setup_fdre_C_CE)      -0.205    12.510    drone_block_design_i/axi_dma_0/U0/I_PRMRY_DATAMOVER/GEN_S2MM_FULL.I_S2MM_FULL_WRAPPER/I_S2MM_MMAP_SKID_BUF/sig_data_reg_out_reg[1]
  -------------------------------------------------------------------
                         required time                         12.510    
                         arrival time                         -10.114    
  -------------------------------------------------------------------
                         slack                                  2.396    

Slack (MET) :             2.396ns  (required time - arrival time)
  Source:                 drone_block_design_wrapper/drone_block_design/drone_block_design_axi_mem_intercon_0/s00_couplers_imp_1QUQC6S/drone_block_design_axi_mem_intercon_imp_auto_ds_0/drone_block_design_axi_mem_intercon_imp_auto_ds_0_axi_dwidth_converter_v2_1_37_top/drone_block_design_axi_mem_intercon_imp_auto_ds_0_axi_protocol_converter_v2_1_37_axi_protocol_converter/drone_block_design_axi_mem_intercon_imp_auto_ds_0_axi_protocol_converter_v2_1_37_axi3_conv/drone_block_design_axi_mem_intercon_imp_auto_ds_0_axi_protocol_converter_v2_1_37_a_axi3_conv/drone_block_design_axi_mem_intercon_imp_auto_ds_0_axi_data_fifo_v2_1_36_axic_fifo/drone_block_design_axi_mem_intercon_imp_auto_ds_0_axi_data_fifo_v2_1_36_fifo_gen_1/<hidden>/<hidden>/<hidden>/<hidden>/<hidden>/<hidden>
                            (rising edge-triggered cell FDPE clocked by clk_fpga_0  {rise@0.000ns fall@5.000ns period=10.000ns})
  Destination:            drone_block_design_i/axi_dma_0/U0/I_PRMRY_DATAMOVER/GEN_S2MM_FULL.I_S2MM_FULL_WRAPPER/I_S2MM_MMAP_SKID_BUF/sig_data_reg_out_reg[64]/CE
                            (rising edge-triggered cell FDRE clocked by clk_fpga_0  {rise@0.000ns fall@5.000ns period=10.000ns})
  Path Group:             clk_fpga_0
  Path Type:              Setup (Max at Slow Process Corner)
  Requirement:            10.000ns  (clk_fpga_0 rise@10.000ns - clk_fpga_0 rise@0.000ns)
  Data Path Delay:        7.169ns  (logic 1.408ns (19.641%)  route 5.761ns (80.359%))
  Logic Levels:           5  (LUT2=1 LUT3=2 LUT4=1 LUT6=1)
  Clock Path Skew:        -0.076ns (DCD - SCD + CPR)
    Destination Clock Delay (DCD):    2.754ns = ( 12.754 - 10.000 ) 
    Source Clock Delay      (SCD):    2.945ns
    Clock Pessimism Removal (CPR):    0.115ns
  Clock Uncertainty:      0.154ns  ((TSJ^2 + TIJ^2)^1/2 + DJ) / 2 + PE
    Total System Jitter     (TSJ):    0.071ns
    Total Input Jitter      (TIJ):    0.300ns
    Discrete Jitter          (DJ):    0.000ns
    Phase Error              (PE):    0.000ns

    Location             Delay type                Incr(ns)  Path(ns)    Netlist Resource(s)
  -------------------------------------------------------------------    -------------------
                         (clock clk_fpga_0 rise edge)
                                                      0.000     0.000 r  
    PS7_X0Y0             PS7                          0.000     0.000 r  drone_block_design_i/processing_system7_0/inst/PS7_i/FCLKCLK[0]
                         net (fo=1, routed)           1.193     1.193    drone_block_design_i/processing_system7_0/inst/FCLK_CLK_unbuffered[0]
    BUFGCTRL_X0Y16       BUFG (Prop_bufg_I_O)         0.101     1.294 r  drone_block_design_i/processing_system7_0/inst/buffer_fclk_clk_0.FCLK_CLK_0_BUFG/O
                         net (fo=4104, routed)        1.651     2.945    drone_block_design_wrapper/drone_block_design/drone_block_design_axi_mem_intercon_0/s00_couplers_imp_1QUQC6S/drone_block_design_axi_mem_intercon_imp_auto_ds_0/drone_block_design_axi_mem_intercon_imp_auto_ds_0_axi_dwidth_converter_v2_1_37_top/drone_block_design_axi_mem_intercon_imp_auto_ds_0_axi_protocol_converter_v2_1_37_axi_protocol_converter/drone_block_design_axi_mem_intercon_imp_auto_ds_0_axi_protocol_converter_v2_1_37_axi3_conv/drone_block_design_axi_mem_intercon_imp_auto_ds_0_axi_protocol_converter_v2_1_37_a_axi3_conv/drone_block_design_axi_mem_intercon_imp_auto_ds_0_axi_data_fifo_v2_1_36_axic_fifo/drone_block_design_axi_mem_intercon_imp_auto_ds_0_axi_data_fifo_v2_1_36_fifo_gen_1/<hidden>/<hidden>/<hidden>/<hidden>/<hidden>/<hidden>
    SLICE_X41Y53         FDPE                                         r  drone_block_design_wrapper/drone_block_design/drone_block_design_axi_mem_intercon_0/s00_couplers_imp_1QUQC6S/drone_block_design_axi_mem_intercon_imp_auto_ds_0/drone_block_design_axi_mem_intercon_imp_auto_ds_0_axi_dwidth_converter_v2_1_37_top/drone_block_design_axi_mem_intercon_imp_auto_ds_0_axi_protocol_converter_v2_1_37_axi_protocol_converter/drone_block_design_axi_mem_intercon_imp_auto_ds_0_axi_protocol_converter_v2_1_37_axi3_conv/drone_block_design_axi_mem_intercon_imp_auto_ds_0_axi_protocol_converter_v2_1_37_a_axi3_conv/drone_block_design_axi_mem_intercon_imp_auto_ds_0_axi_data_fifo_v2_1_36_axic_fifo/drone_block_design_axi_mem_intercon_imp_auto_ds_0_axi_data_fifo_v2_1_36_fifo_gen_1/<hidden>/<hidden>/<hidden>/<hidden>/<hidden>/<hidden>
  -------------------------------------------------------------------    -------------------
    SLICE_X41Y53         FDPE (Prop_fdpe_C_Q)         0.419     3.364 f  drone_block_design_wrapper/drone_block_design/drone_block_design_axi_mem_intercon_0/s00_couplers_imp_1QUQC6S/drone_block_design_axi_mem_intercon_imp_auto_ds_0/drone_block_design_axi_mem_intercon_imp_auto_ds_0_axi_dwidth_converter_v2_1_37_top/drone_block_design_axi_mem_intercon_imp_auto_ds_0_axi_protocol_converter_v2_1_37_axi_protocol_converter/drone_block_design_axi_mem_intercon_imp_auto_ds_0_axi_protocol_converter_v2_1_37_axi3_conv/drone_block_design_axi_mem_intercon_imp_auto_ds_0_axi_protocol_converter_v2_1_37_a_axi3_conv/drone_block_design_axi_mem_intercon_imp_auto_ds_0_axi_data_fifo_v2_1_36_axic_fifo/drone_block_design_axi_mem_intercon_imp_auto_ds_0_axi_data_fifo_v2_1_36_fifo_gen_1/<hidden>/<hidden>/<hidden>/<hidden>/<hidden>/<hidden>
                         net (fo=3, routed)           0.973     4.337    drone_block_design_i/axi_mem_intercon/s00_couplers/auto_ds/inst/gen_downsizer.gen_cascaded_downsizer.gen_axi3_conv.axi3_conv_inst/gen_axi4_axi3.axi3_conv_inst/USE_WRITE.write_addr_inst/USE_BURSTS.cmd_queue/inst/empty
    SLICE_X35Y52         LUT3 (Prop_lut3_I0_O)        0.297     4.634 r  drone_block_design_i/axi_mem_intercon/s00_couplers/auto_ds/inst/gen_downsizer.gen_cascaded_downsizer.gen_axi3_conv.axi3_conv_inst/gen_axi4_axi3.axi3_conv_inst/USE_WRITE.write_addr_inst/USE_BURSTS.cmd_queue/inst/m_axi_wvalid_INST_0/O
                         net (fo=4, routed)           0.720     5.354    drone_block_design_i/axi_mem_intercon/s00_couplers/auto_pc/inst/gen_axi4_axi3.axi3_conv_inst/USE_WRITE.write_addr_inst/USE_BURSTS.cmd_queue/inst/s_axi_wvalid
    SLICE_X26Y53         LUT3 (Prop_lut3_I1_O)        0.116     5.470 r  drone_block_design_i/axi_mem_intercon/s00_couplers/auto_pc/inst/gen_axi4_axi3.axi3_conv_inst/USE_WRITE.write_addr_inst/USE_BURSTS.cmd_queue/inst/s_axi_wready_INST_0/O
                         net (fo=10, routed)          0.762     6.232    drone_block_design_i/axi_mem_intercon/s00_couplers/auto_ds/inst/gen_downsizer.gen_cascaded_downsizer.first_downsizer_inst/USE_WRITE.write_addr_inst/cmd_queue/inst/m_axi_wready
    SLICE_X35Y52         LUT4 (Prop_lut4_I0_O)        0.328     6.560 r  drone_block_design_i/axi_mem_intercon/s00_couplers/auto_ds/inst/gen_downsizer.gen_cascaded_downsizer.first_downsizer_inst/USE_WRITE.write_addr_inst/cmd_queue/inst/s_axi_wready_INST_0_i_1/O
                         net (fo=24, routed)          1.166     7.726    drone_block_design_i/axi_mem_intercon/s00_couplers/auto_ds/inst/gen_downsizer.gen_cascaded_downsizer.first_downsizer_inst/USE_WRITE.write_addr_inst/cmd_queue/inst/E[0]
    SLICE_X32Y51         LUT6 (Prop_lut6_I0_O)        0.124     7.850 r  drone_block_design_i/axi_mem_intercon/s00_couplers/auto_ds/inst/gen_downsizer.gen_cascaded_downsizer.first_downsizer_inst/USE_WRITE.write_addr_inst/cmd_queue/inst/s_axi_wready_INST_0/O
                         net (fo=3, routed)           0.524     8.374    drone_block_design_i/axi_dma_0/U0/I_PRMRY_DATAMOVER/GEN_S2MM_FULL.I_S2MM_FULL_WRAPPER/I_S2MM_MMAP_SKID_BUF/m_axi_s2mm_wready
    SLICE_X33Y51         LUT2 (Prop_lut2_I0_O)        0.124     8.498 r  drone_block_design_i/axi_dma_0/U0/I_PRMRY_DATAMOVER/GEN_S2MM_FULL.I_S2MM_FULL_WRAPPER/I_S2MM_MMAP_SKID_BUF/sig_data_reg_out[127]_i_1__1/O
                         net (fo=144, routed)         1.616    10.114    drone_block_design_i/axi_dma_0/U0/I_PRMRY_DATAMOVER/GEN_S2MM_FULL.I_S2MM_FULL_WRAPPER/I_S2MM_MMAP_SKID_BUF/sig_data_reg_out_en
    SLICE_X19Y35         FDRE                                         r  drone_block_design_i/axi_dma_0/U0/I_PRMRY_DATAMOVER/GEN_S2MM_FULL.I_S2MM_FULL_WRAPPER/I_S2MM_MMAP_SKID_BUF/sig_data_reg_out_reg[64]/CE
  -------------------------------------------------------------------    -------------------

                         (clock clk_fpga_0 rise edge)
                                                     10.000    10.000 r  
    PS7_X0Y0             PS7                          0.000    10.000 r  drone_block_design_i/processing_system7_0/inst/PS7_i/FCLKCLK[0]
                         net (fo=1, routed)           1.088    11.088    drone_block_design_i/processing_system7_0/inst/FCLK_CLK_unbuffered[0]
    BUFGCTRL_X0Y16       BUFG (Prop_bufg_I_O)         0.091    11.179 r  drone_block_design_i/processing_system7_0/inst/buffer_fclk_clk_0.FCLK_CLK_0_BUFG/O
                         net (fo=4104, routed)        1.575    12.754    drone_block_design_i/axi_dma_0/U0/I_PRMRY_DATAMOVER/GEN_S2MM_FULL.I_S2MM_FULL_WRAPPER/I_S2MM_MMAP_SKID_BUF/m_axi_s2mm_aclk
    SLICE_X19Y35         FDRE                                         r  drone_block_design_i/axi_dma_0/U0/I_PRMRY_DATAMOVER/GEN_S2MM_FULL.I_S2MM_FULL_WRAPPER/I_S2MM_MMAP_SKID_BUF/sig_data_reg_out_reg[64]/C
                         clock pessimism              0.115    12.869    
                         clock uncertainty           -0.154    12.715    
    SLICE_X19Y35         FDRE (Setup_fdre_C_CE)      -0.205    12.510    drone_block_design_i/axi_dma_0/U0/I_PRMRY_DATAMOVER/GEN_S2MM_FULL.I_S2MM_FULL_WRAPPER/I_S2MM_MMAP_SKID_BUF/sig_data_reg_out_reg[64]
  -------------------------------------------------------------------
                         required time                         12.510    
                         arrival time                         -10.114    
  -------------------------------------------------------------------
                         slack                                  2.396    

Slack (MET) :             2.396ns  (required time - arrival time)
  Source:                 drone_block_design_wrapper/drone_block_design/drone_block_design_axi_mem_intercon_0/s00_couplers_imp_1QUQC6S/drone_block_design_axi_mem_intercon_imp_auto_ds_0/drone_block_design_axi_mem_intercon_imp_auto_ds_0_axi_dwidth_converter_v2_1_37_top/drone_block_design_axi_mem_intercon_imp_auto_ds_0_axi_protocol_converter_v2_1_37_axi_protocol_converter/drone_block_design_axi_mem_intercon_imp_auto_ds_0_axi_protocol_converter_v2_1_37_axi3_conv/drone_block_design_axi_mem_intercon_imp_auto_ds_0_axi_protocol_converter_v2_1_37_a_axi3_conv/drone_block_design_axi_mem_intercon_imp_auto_ds_0_axi_data_fifo_v2_1_36_axic_fifo/drone_block_design_axi_mem_intercon_imp_auto_ds_0_axi_data_fifo_v2_1_36_fifo_gen_1/<hidden>/<hidden>/<hidden>/<hidden>/<hidden>/<hidden>
                            (rising edge-triggered cell FDPE clocked by clk_fpga_0  {rise@0.000ns fall@5.000ns period=10.000ns})
  Destination:            drone_block_design_i/axi_dma_0/U0/I_PRMRY_DATAMOVER/GEN_S2MM_FULL.I_S2MM_FULL_WRAPPER/I_S2MM_MMAP_SKID_BUF/sig_data_reg_out_reg[65]/CE
                            (rising edge-triggered cell FDRE clocked by clk_fpga_0  {rise@0.000ns fall@5.000ns period=10.000ns})
  Path Group:             clk_fpga_0
  Path Type:              Setup (Max at Slow Process Corner)
  Requirement:            10.000ns  (clk_fpga_0 rise@10.000ns - clk_fpga_0 rise@0.000ns)
  Data Path Delay:        7.169ns  (logic 1.408ns (19.641%)  route 5.761ns (80.359%))
  Logic Levels:           5  (LUT2=1 LUT3=2 LUT4=1 LUT6=1)
  Clock Path Skew:        -0.076ns (DCD - SCD + CPR)
    Destination Clock Delay (DCD):    2.754ns = ( 12.754 - 10.000 ) 
    Source Clock Delay      (SCD):    2.945ns
    Clock Pessimism Removal (CPR):    0.115ns
  Clock Uncertainty:      0.154ns  ((TSJ^2 + TIJ^2)^1/2 + DJ) / 2 + PE
    Total System Jitter     (TSJ):    0.071ns
    Total Input Jitter      (TIJ):    0.300ns
    Discrete Jitter          (DJ):    0.000ns
    Phase Error              (PE):    0.000ns

    Location             Delay type                Incr(ns)  Path(ns)    Netlist Resource(s)
  -------------------------------------------------------------------    -------------------
                         (clock clk_fpga_0 rise edge)
                                                      0.000     0.000 r  
    PS7_X0Y0             PS7                          0.000     0.000 r  drone_block_design_i/processing_system7_0/inst/PS7_i/FCLKCLK[0]
                         net (fo=1, routed)           1.193     1.193    drone_block_design_i/processing_system7_0/inst/FCLK_CLK_unbuffered[0]
    BUFGCTRL_X0Y16       BUFG (Prop_bufg_I_O)         0.101     1.294 r  drone_block_design_i/processing_system7_0/inst/buffer_fclk_clk_0.FCLK_CLK_0_BUFG/O
                         net (fo=4104, routed)        1.651     2.945    drone_block_design_wrapper/drone_block_design/drone_block_design_axi_mem_intercon_0/s00_couplers_imp_1QUQC6S/drone_block_design_axi_mem_intercon_imp_auto_ds_0/drone_block_design_axi_mem_intercon_imp_auto_ds_0_axi_dwidth_converter_v2_1_37_top/drone_block_design_axi_mem_intercon_imp_auto_ds_0_axi_protocol_converter_v2_1_37_axi_protocol_converter/drone_block_design_axi_mem_intercon_imp_auto_ds_0_axi_protocol_converter_v2_1_37_axi3_conv/drone_block_design_axi_mem_intercon_imp_auto_ds_0_axi_protocol_converter_v2_1_37_a_axi3_conv/drone_block_design_axi_mem_intercon_imp_auto_ds_0_axi_data_fifo_v2_1_36_axic_fifo/drone_block_design_axi_mem_intercon_imp_auto_ds_0_axi_data_fifo_v2_1_36_fifo_gen_1/<hidden>/<hidden>/<hidden>/<hidden>/<hidden>/<hidden>
    SLICE_X41Y53         FDPE                                         r  drone_block_design_wrapper/drone_block_design/drone_block_design_axi_mem_intercon_0/s00_couplers_imp_1QUQC6S/drone_block_design_axi_mem_intercon_imp_auto_ds_0/drone_block_design_axi_mem_intercon_imp_auto_ds_0_axi_dwidth_converter_v2_1_37_top/drone_block_design_axi_mem_intercon_imp_auto_ds_0_axi_protocol_converter_v2_1_37_axi_protocol_converter/drone_block_design_axi_mem_intercon_imp_auto_ds_0_axi_protocol_converter_v2_1_37_axi3_conv/drone_block_design_axi_mem_intercon_imp_auto_ds_0_axi_protocol_converter_v2_1_37_a_axi3_conv/drone_block_design_axi_mem_intercon_imp_auto_ds_0_axi_data_fifo_v2_1_36_axic_fifo/drone_block_design_axi_mem_intercon_imp_auto_ds_0_axi_data_fifo_v2_1_36_fifo_gen_1/<hidden>/<hidden>/<hidden>/<hidden>/<hidden>/<hidden>
  -------------------------------------------------------------------    -------------------
    SLICE_X41Y53         FDPE (Prop_fdpe_C_Q)         0.419     3.364 f  drone_block_design_wrapper/drone_block_design/drone_block_design_axi_mem_intercon_0/s00_couplers_imp_1QUQC6S/drone_block_design_axi_mem_intercon_imp_auto_ds_0/drone_block_design_axi_mem_intercon_imp_auto_ds_0_axi_dwidth_converter_v2_1_37_top/drone_block_design_axi_mem_intercon_imp_auto_ds_0_axi_protocol_converter_v2_1_37_axi_protocol_converter/drone_block_design_axi_mem_intercon_imp_auto_ds_0_axi_protocol_converter_v2_1_37_axi3_conv/drone_block_design_axi_mem_intercon_imp_auto_ds_0_axi_protocol_converter_v2_1_37_a_axi3_conv/drone_block_design_axi_mem_intercon_imp_auto_ds_0_axi_data_fifo_v2_1_36_axic_fifo/drone_block_design_axi_mem_intercon_imp_auto_ds_0_axi_data_fifo_v2_1_36_fifo_gen_1/<hidden>/<hidden>/<hidden>/<hidden>/<hidden>/<hidden>
                         net (fo=3, routed)           0.973     4.337    drone_block_design_i/axi_mem_intercon/s00_couplers/auto_ds/inst/gen_downsizer.gen_cascaded_downsizer.gen_axi3_conv.axi3_conv_inst/gen_axi4_axi3.axi3_conv_inst/USE_WRITE.write_addr_inst/USE_BURSTS.cmd_queue/inst/empty
    SLICE_X35Y52         LUT3 (Prop_lut3_I0_O)        0.297     4.634 r  drone_block_design_i/axi_mem_intercon/s00_couplers/auto_ds/inst/gen_downsizer.gen_cascaded_downsizer.gen_axi3_conv.axi3_conv_inst/gen_axi4_axi3.axi3_conv_inst/USE_WRITE.write_addr_inst/USE_BURSTS.cmd_queue/inst/m_axi_wvalid_INST_0/O
                         net (fo=4, routed)           0.720     5.354    drone_block_design_i/axi_mem_intercon/s00_couplers/auto_pc/inst/gen_axi4_axi3.axi3_conv_inst/USE_WRITE.write_addr_inst/USE_BURSTS.cmd_queue/inst/s_axi_wvalid
    SLICE_X26Y53         LUT3 (Prop_lut3_I1_O)        0.116     5.470 r  drone_block_design_i/axi_mem_intercon/s00_couplers/auto_pc/inst/gen_axi4_axi3.axi3_conv_inst/USE_WRITE.write_addr_inst/USE_BURSTS.cmd_queue/inst/s_axi_wready_INST_0/O
                         net (fo=10, routed)          0.762     6.232    drone_block_design_i/axi_mem_intercon/s00_couplers/auto_ds/inst/gen_downsizer.gen_cascaded_downsizer.first_downsizer_inst/USE_WRITE.write_addr_inst/cmd_queue/inst/m_axi_wready
    SLICE_X35Y52         LUT4 (Prop_lut4_I0_O)        0.328     6.560 r  drone_block_design_i/axi_mem_intercon/s00_couplers/auto_ds/inst/gen_downsizer.gen_cascaded_downsizer.first_downsizer_inst/USE_WRITE.write_addr_inst/cmd_queue/inst/s_axi_wready_INST_0_i_1/O
                         net (fo=24, routed)          1.166     7.726    drone_block_design_i/axi_mem_intercon/s00_couplers/auto_ds/inst/gen_downsizer.gen_cascaded_downsizer.first_downsizer_inst/USE_WRITE.write_addr_inst/cmd_queue/inst/E[0]
    SLICE_X32Y51         LUT6 (Prop_lut6_I0_O)        0.124     7.850 r  drone_block_design_i/axi_mem_intercon/s00_couplers/auto_ds/inst/gen_downsizer.gen_cascaded_downsizer.first_downsizer_inst/USE_WRITE.write_addr_inst/cmd_queue/inst/s_axi_wready_INST_0/O
                         net (fo=3, routed)           0.524     8.374    drone_block_design_i/axi_dma_0/U0/I_PRMRY_DATAMOVER/GEN_S2MM_FULL.I_S2MM_FULL_WRAPPER/I_S2MM_MMAP_SKID_BUF/m_axi_s2mm_wready
    SLICE_X33Y51         LUT2 (Prop_lut2_I0_O)        0.124     8.498 r  drone_block_design_i/axi_dma_0/U0/I_PRMRY_DATAMOVER/GEN_S2MM_FULL.I_S2MM_FULL_WRAPPER/I_S2MM_MMAP_SKID_BUF/sig_data_reg_out[127]_i_1__1/O
                         net (fo=144, routed)         1.616    10.114    drone_block_design_i/axi_dma_0/U0/I_PRMRY_DATAMOVER/GEN_S2MM_FULL.I_S2MM_FULL_WRAPPER/I_S2MM_MMAP_SKID_BUF/sig_data_reg_out_en
    SLICE_X19Y35         FDRE                                         r  drone_block_design_i/axi_dma_0/U0/I_PRMRY_DATAMOVER/GEN_S2MM_FULL.I_S2MM_FULL_WRAPPER/I_S2MM_MMAP_SKID_BUF/sig_data_reg_out_reg[65]/CE
  -------------------------------------------------------------------    -------------------

                         (clock clk_fpga_0 rise edge)
                                                     10.000    10.000 r  
    PS7_X0Y0             PS7                          0.000    10.000 r  drone_block_design_i/processing_system7_0/inst/PS7_i/FCLKCLK[0]
                         net (fo=1, routed)           1.088    11.088    drone_block_design_i/processing_system7_0/inst/FCLK_CLK_unbuffered[0]
    BUFGCTRL_X0Y16       BUFG (Prop_bufg_I_O)         0.091    11.179 r  drone_block_design_i/processing_system7_0/inst/buffer_fclk_clk_0.FCLK_CLK_0_BUFG/O
                         net (fo=4104, routed)        1.575    12.754    drone_block_design_i/axi_dma_0/U0/I_PRMRY_DATAMOVER/GEN_S2MM_FULL.I_S2MM_FULL_WRAPPER/I_S2MM_MMAP_SKID_BUF/m_axi_s2mm_aclk
    SLICE_X19Y35         FDRE                                         r  drone_block_design_i/axi_dma_0/U0/I_PRMRY_DATAMOVER/GEN_S2MM_FULL.I_S2MM_FULL_WRAPPER/I_S2MM_MMAP_SKID_BUF/sig_data_reg_out_reg[65]/C
                         clock pessimism              0.115    12.869    
                         clock uncertainty           -0.154    12.715    
    SLICE_X19Y35         FDRE (Setup_fdre_C_CE)      -0.205    12.510    drone_block_design_i/axi_dma_0/U0/I_PRMRY_DATAMOVER/GEN_S2MM_FULL.I_S2MM_FULL_WRAPPER/I_S2MM_MMAP_SKID_BUF/sig_data_reg_out_reg[65]
  -------------------------------------------------------------------
                         required time                         12.510    
                         arrival time                         -10.114    
  -------------------------------------------------------------------
                         slack                                  2.396    

Slack (MET) :             2.432ns  (required time - arrival time)
  Source:                 drone_block_design_wrapper/drone_block_design/drone_block_design_axi_mem_intercon_0/s00_couplers_imp_1QUQC6S/drone_block_design_axi_mem_intercon_imp_auto_ds_0/drone_block_design_axi_mem_intercon_imp_auto_ds_0_axi_dwidth_converter_v2_1_37_top/drone_block_design_axi_mem_intercon_imp_auto_ds_0_axi_protocol_converter_v2_1_37_axi_protocol_converter/drone_block_design_axi_mem_intercon_imp_auto_ds_0_axi_protocol_converter_v2_1_37_axi3_conv/drone_block_design_axi_mem_intercon_imp_auto_ds_0_axi_protocol_converter_v2_1_37_a_axi3_conv/drone_block_design_axi_mem_intercon_imp_auto_ds_0_axi_data_fifo_v2_1_36_axic_fifo/drone_block_design_axi_mem_intercon_imp_auto_ds_0_axi_data_fifo_v2_1_36_fifo_gen_1/<hidden>/<hidden>/<hidden>/<hidden>/<hidden>/<hidden>
                            (rising edge-triggered cell FDPE clocked by clk_fpga_0  {rise@0.000ns fall@5.000ns period=10.000ns})
  Destination:            drone_block_design_i/axi_dma_0/U0/I_PRMRY_DATAMOVER/GEN_S2MM_FULL.I_S2MM_FULL_WRAPPER/I_S2MM_MMAP_SKID_BUF/sig_data_reg_out_reg[0]/CE
                            (rising edge-triggered cell FDRE clocked by clk_fpga_0  {rise@0.000ns fall@5.000ns period=10.000ns})
  Path Group:             clk_fpga_0
  Path Type:              Setup (Max at Slow Process Corner)
  Requirement:            10.000ns  (clk_fpga_0 rise@10.000ns - clk_fpga_0 rise@0.000ns)
  Data Path Delay:        7.169ns  (logic 1.408ns (19.641%)  route 5.761ns (80.359%))
  Logic Levels:           5  (LUT2=1 LUT3=2 LUT4=1 LUT6=1)
  Clock Path Skew:        -0.076ns (DCD - SCD + CPR)
    Destination Clock Delay (DCD):    2.754ns = ( 12.754 - 10.000 ) 
    Source Clock Delay      (SCD):    2.945ns
    Clock Pessimism Removal (CPR):    0.115ns
  Clock Uncertainty:      0.154ns  ((TSJ^2 + TIJ^2)^1/2 + DJ) / 2 + PE
    Total System Jitter     (TSJ):    0.071ns
    Total Input Jitter      (TIJ):    0.300ns
    Discrete Jitter          (DJ):    0.000ns
    Phase Error              (PE):    0.000ns

    Location             Delay type                Incr(ns)  Path(ns)    Netlist Resource(s)
  -------------------------------------------------------------------    -------------------
                         (clock clk_fpga_0 rise edge)
                                                      0.000     0.000 r  
    PS7_X0Y0             PS7                          0.000     0.000 r  drone_block_design_i/processing_system7_0/inst/PS7_i/FCLKCLK[0]
                         net (fo=1, routed)           1.193     1.193    drone_block_design_i/processing_system7_0/inst/FCLK_CLK_unbuffered[0]
    BUFGCTRL_X0Y16       BUFG (Prop_bufg_I_O)         0.101     1.294 r  drone_block_design_i/processing_system7_0/inst/buffer_fclk_clk_0.FCLK_CLK_0_BUFG/O
                         net (fo=4104, routed)        1.651     2.945    drone_block_design_wrapper/drone_block_design/drone_block_design_axi_mem_intercon_0/s00_couplers_imp_1QUQC6S/drone_block_design_axi_mem_intercon_imp_auto_ds_0/drone_block_design_axi_mem_intercon_imp_auto_ds_0_axi_dwidth_converter_v2_1_37_top/drone_block_design_axi_mem_intercon_imp_auto_ds_0_axi_protocol_converter_v2_1_37_axi_protocol_converter/drone_block_design_axi_mem_intercon_imp_auto_ds_0_axi_protocol_converter_v2_1_37_axi3_conv/drone_block_design_axi_mem_intercon_imp_auto_ds_0_axi_protocol_converter_v2_1_37_a_axi3_conv/drone_block_design_axi_mem_intercon_imp_auto_ds_0_axi_data_fifo_v2_1_36_axic_fifo/drone_block_design_axi_mem_intercon_imp_auto_ds_0_axi_data_fifo_v2_1_36_fifo_gen_1/<hidden>/<hidden>/<hidden>/<hidden>/<hidden>/<hidden>
    SLICE_X41Y53         FDPE                                         r  drone_block_design_wrapper/drone_block_design/drone_block_design_axi_mem_intercon_0/s00_couplers_imp_1QUQC6S/drone_block_design_axi_mem_intercon_imp_auto_ds_0/drone_block_design_axi_mem_intercon_imp_auto_ds_0_axi_dwidth_converter_v2_1_37_top/drone_block_design_axi_mem_intercon_imp_auto_ds_0_axi_protocol_converter_v2_1_37_axi_protocol_converter/drone_block_design_axi_mem_intercon_imp_auto_ds_0_axi_protocol_converter_v2_1_37_axi3_conv/drone_block_design_axi_mem_intercon_imp_auto_ds_0_axi_protocol_converter_v2_1_37_a_axi3_conv/drone_block_design_axi_mem_intercon_imp_auto_ds_0_axi_data_fifo_v2_1_36_axic_fifo/drone_block_design_axi_mem_intercon_imp_auto_ds_0_axi_data_fifo_v2_1_36_fifo_gen_1/<hidden>/<hidden>/<hidden>/<hidden>/<hidden>/<hidden>
  -------------------------------------------------------------------    -------------------
    SLICE_X41Y53         FDPE (Prop_fdpe_C_Q)         0.419     3.364 f  drone_block_design_wrapper/drone_block_design/drone_block_design_axi_mem_intercon_0/s00_couplers_imp_1QUQC6S/drone_block_design_axi_mem_intercon_imp_auto_ds_0/drone_block_design_axi_mem_intercon_imp_auto_ds_0_axi_dwidth_converter_v2_1_37_top/drone_block_design_axi_mem_intercon_imp_auto_ds_0_axi_protocol_converter_v2_1_37_axi_protocol_converter/drone_block_design_axi_mem_intercon_imp_auto_ds_0_axi_protocol_converter_v2_1_37_axi3_conv/drone_block_design_axi_mem_intercon_imp_auto_ds_0_axi_protocol_converter_v2_1_37_a_axi3_conv/drone_block_design_axi_mem_intercon_imp_auto_ds_0_axi_data_fifo_v2_1_36_axic_fifo/drone_block_design_axi_mem_intercon_imp_auto_ds_0_axi_data_fifo_v2_1_36_fifo_gen_1/<hidden>/<hidden>/<hidden>/<hidden>/<hidden>/<hidden>
                         net (fo=3, routed)           0.973     4.337    drone_block_design_i/axi_mem_intercon/s00_couplers/auto_ds/inst/gen_downsizer.gen_cascaded_downsizer.gen_axi3_conv.axi3_conv_inst/gen_axi4_axi3.axi3_conv_inst/USE_WRITE.write_addr_inst/USE_BURSTS.cmd_queue/inst/empty
    SLICE_X35Y52         LUT3 (Prop_lut3_I0_O)        0.297     4.634 r  drone_block_design_i/axi_mem_intercon/s00_couplers/auto_ds/inst/gen_downsizer.gen_cascaded_downsizer.gen_axi3_conv.axi3_conv_inst/gen_axi4_axi3.axi3_conv_inst/USE_WRITE.write_addr_inst/USE_BURSTS.cmd_queue/inst/m_axi_wvalid_INST_0/O
                         net (fo=4, routed)           0.720     5.354    drone_block_design_i/axi_mem_intercon/s00_couplers/auto_pc/inst/gen_axi4_axi3.axi3_conv_inst/USE_WRITE.write_addr_inst/USE_BURSTS.cmd_queue/inst/s_axi_wvalid
    SLICE_X26Y53         LUT3 (Prop_lut3_I1_O)        0.116     5.470 r  drone_block_design_i/axi_mem_intercon/s00_couplers/auto_pc/inst/gen_axi4_axi3.axi3_conv_inst/USE_WRITE.write_addr_inst/USE_BURSTS.cmd_queue/inst/s_axi_wready_INST_0/O
                         net (fo=10, routed)          0.762     6.232    drone_block_design_i/axi_mem_intercon/s00_couplers/auto_ds/inst/gen_downsizer.gen_cascaded_downsizer.first_downsizer_inst/USE_WRITE.write_addr_inst/cmd_queue/inst/m_axi_wready
    SLICE_X35Y52         LUT4 (Prop_lut4_I0_O)        0.328     6.560 r  drone_block_design_i/axi_mem_intercon/s00_couplers/auto_ds/inst/gen_downsizer.gen_cascaded_downsizer.first_downsizer_inst/USE_WRITE.write_addr_inst/cmd_queue/inst/s_axi_wready_INST_0_i_1/O
                         net (fo=24, routed)          1.166     7.726    drone_block_design_i/axi_mem_intercon/s00_couplers/auto_ds/inst/gen_downsizer.gen_cascaded_downsizer.first_downsizer_inst/USE_WRITE.write_addr_inst/cmd_queue/inst/E[0]
    SLICE_X32Y51         LUT6 (Prop_lut6_I0_O)        0.124     7.850 r  drone_block_design_i/axi_mem_intercon/s00_couplers/auto_ds/inst/gen_downsizer.gen_cascaded_downsizer.first_downsizer_inst/USE_WRITE.write_addr_inst/cmd_queue/inst/s_axi_wready_INST_0/O
                         net (fo=3, routed)           0.524     8.374    drone_block_design_i/axi_dma_0/U0/I_PRMRY_DATAMOVER/GEN_S2MM_FULL.I_S2MM_FULL_WRAPPER/I_S2MM_MMAP_SKID_BUF/m_axi_s2mm_wready
    SLICE_X33Y51         LUT2 (Prop_lut2_I0_O)        0.124     8.498 r  drone_block_design_i/axi_dma_0/U0/I_PRMRY_DATAMOVER/GEN_S2MM_FULL.I_S2MM_FULL_WRAPPER/I_S2MM_MMAP_SKID_BUF/sig_data_reg_out[127]_i_1__1/O
                         net (fo=144, routed)         1.616    10.114    drone_block_design_i/axi_dma_0/U0/I_PRMRY_DATAMOVER/GEN_S2MM_FULL.I_S2MM_FULL_WRAPPER/I_S2MM_MMAP_SKID_BUF/sig_data_reg_out_en
    SLICE_X18Y35         FDRE                                         r  drone_block_design_i/axi_dma_0/U0/I_PRMRY_DATAMOVER/GEN_S2MM_FULL.I_S2MM_FULL_WRAPPER/I_S2MM_MMAP_SKID_BUF/sig_data_reg_out_reg[0]/CE
  -------------------------------------------------------------------    -------------------

                         (clock clk_fpga_0 rise edge)
                                                     10.000    10.000 r  
    PS7_X0Y0             PS7                          0.000    10.000 r  drone_block_design_i/processing_system7_0/inst/PS7_i/FCLKCLK[0]
                         net (fo=1, routed)           1.088    11.088    drone_block_design_i/processing_system7_0/inst/FCLK_CLK_unbuffered[0]
    BUFGCTRL_X0Y16       BUFG (Prop_bufg_I_O)         0.091    11.179 r  drone_block_design_i/processing_system7_0/inst/buffer_fclk_clk_0.FCLK_CLK_0_BUFG/O
                         net (fo=4104, routed)        1.575    12.754    drone_block_design_i/axi_dma_0/U0/I_PRMRY_DATAMOVER/GEN_S2MM_FULL.I_S2MM_FULL_WRAPPER/I_S2MM_MMAP_SKID_BUF/m_axi_s2mm_aclk
    SLICE_X18Y35         FDRE                                         r  drone_block_design_i/axi_dma_0/U0/I_PRMRY_DATAMOVER/GEN_S2MM_FULL.I_S2MM_FULL_WRAPPER/I_S2MM_MMAP_SKID_BUF/sig_data_reg_out_reg[0]/C
                         clock pessimism              0.115    12.869    
                         clock uncertainty           -0.154    12.715    
    SLICE_X18Y35         FDRE (Setup_fdre_C_CE)      -0.169    12.546    drone_block_design_i/axi_dma_0/U0/I_PRMRY_DATAMOVER/GEN_S2MM_FULL.I_S2MM_FULL_WRAPPER/I_S2MM_MMAP_SKID_BUF/sig_data_reg_out_reg[0]
  -------------------------------------------------------------------
                         required time                         12.546    
                         arrival time                         -10.114    
  -------------------------------------------------------------------
                         slack                                  2.432    

Slack (MET) :             2.432ns  (required time - arrival time)
  Source:                 drone_block_design_wrapper/drone_block_design/drone_block_design_axi_mem_intercon_0/s00_couplers_imp_1QUQC6S/drone_block_design_axi_mem_intercon_imp_auto_ds_0/drone_block_design_axi_mem_intercon_imp_auto_ds_0_axi_dwidth_converter_v2_1_37_top/drone_block_design_axi_mem_intercon_imp_auto_ds_0_axi_protocol_converter_v2_1_37_axi_protocol_converter/drone_block_design_axi_mem_intercon_imp_auto_ds_0_axi_protocol_converter_v2_1_37_axi3_conv/drone_block_design_axi_mem_intercon_imp_auto_ds_0_axi_protocol_converter_v2_1_37_a_axi3_conv/drone_block_design_axi_mem_intercon_imp_auto_ds_0_axi_data_fifo_v2_1_36_axic_fifo/drone_block_design_axi_mem_intercon_imp_auto_ds_0_axi_data_fifo_v2_1_36_fifo_gen_1/<hidden>/<hidden>/<hidden>/<hidden>/<hidden>/<hidden>
                            (rising edge-triggered cell FDPE clocked by clk_fpga_0  {rise@0.000ns fall@5.000ns period=10.000ns})
  Destination:            drone_block_design_i/axi_dma_0/U0/I_PRMRY_DATAMOVER/GEN_S2MM_FULL.I_S2MM_FULL_WRAPPER/I_S2MM_MMAP_SKID_BUF/sig_data_reg_out_reg[40]/CE
                            (rising edge-triggered cell FDRE clocked by clk_fpga_0  {rise@0.000ns fall@5.000ns period=10.000ns})
  Path Group:             clk_fpga_0
  Path Type:              Setup (Max at Slow Process Corner)
  Requirement:            10.000ns  (clk_fpga_0 rise@10.000ns - clk_fpga_0 rise@0.000ns)
  Data Path Delay:        7.169ns  (logic 1.408ns (19.641%)  route 5.761ns (80.359%))
  Logic Levels:           5  (LUT2=1 LUT3=2 LUT4=1 LUT6=1)
  Clock Path Skew:        -0.076ns (DCD - SCD + CPR)
    Destination Clock Delay (DCD):    2.754ns = ( 12.754 - 10.000 ) 
    Source Clock Delay      (SCD):    2.945ns
    Clock Pessimism Removal (CPR):    0.115ns
  Clock Uncertainty:      0.154ns  ((TSJ^2 + TIJ^2)^1/2 + DJ) / 2 + PE
    Total System Jitter     (TSJ):    0.071ns
    Total Input Jitter      (TIJ):    0.300ns
    Discrete Jitter          (DJ):    0.000ns
    Phase Error              (PE):    0.000ns

    Location             Delay type                Incr(ns)  Path(ns)    Netlist Resource(s)
  -------------------------------------------------------------------    -------------------
                         (clock clk_fpga_0 rise edge)
                                                      0.000     0.000 r  
    PS7_X0Y0             PS7                          0.000     0.000 r  drone_block_design_i/processing_system7_0/inst/PS7_i/FCLKCLK[0]
                         net (fo=1, routed)           1.193     1.193    drone_block_design_i/processing_system7_0/inst/FCLK_CLK_unbuffered[0]
    BUFGCTRL_X0Y16       BUFG (Prop_bufg_I_O)         0.101     1.294 r  drone_block_design_i/processing_system7_0/inst/buffer_fclk_clk_0.FCLK_CLK_0_BUFG/O
                         net (fo=4104, routed)        1.651     2.945    drone_block_design_wrapper/drone_block_design/drone_block_design_axi_mem_intercon_0/s00_couplers_imp_1QUQC6S/drone_block_design_axi_mem_intercon_imp_auto_ds_0/drone_block_design_axi_mem_intercon_imp_auto_ds_0_axi_dwidth_converter_v2_1_37_top/drone_block_design_axi_mem_intercon_imp_auto_ds_0_axi_protocol_converter_v2_1_37_axi_protocol_converter/drone_block_design_axi_mem_intercon_imp_auto_ds_0_axi_protocol_converter_v2_1_37_axi3_conv/drone_block_design_axi_mem_intercon_imp_auto_ds_0_axi_protocol_converter_v2_1_37_a_axi3_conv/drone_block_design_axi_mem_intercon_imp_auto_ds_0_axi_data_fifo_v2_1_36_axic_fifo/drone_block_design_axi_mem_intercon_imp_auto_ds_0_axi_data_fifo_v2_1_36_fifo_gen_1/<hidden>/<hidden>/<hidden>/<hidden>/<hidden>/<hidden>
    SLICE_X41Y53         FDPE                                         r  drone_block_design_wrapper/drone_block_design/drone_block_design_axi_mem_intercon_0/s00_couplers_imp_1QUQC6S/drone_block_design_axi_mem_intercon_imp_auto_ds_0/drone_block_design_axi_mem_intercon_imp_auto_ds_0_axi_dwidth_converter_v2_1_37_top/drone_block_design_axi_mem_intercon_imp_auto_ds_0_axi_protocol_converter_v2_1_37_axi_protocol_converter/drone_block_design_axi_mem_intercon_imp_auto_ds_0_axi_protocol_converter_v2_1_37_axi3_conv/drone_block_design_axi_mem_intercon_imp_auto_ds_0_axi_protocol_converter_v2_1_37_a_axi3_conv/drone_block_design_axi_mem_intercon_imp_auto_ds_0_axi_data_fifo_v2_1_36_axic_fifo/drone_block_design_axi_mem_intercon_imp_auto_ds_0_axi_data_fifo_v2_1_36_fifo_gen_1/<hidden>/<hidden>/<hidden>/<hidden>/<hidden>/<hidden>
  -------------------------------------------------------------------    -------------------
    SLICE_X41Y53         FDPE (Prop_fdpe_C_Q)         0.419     3.364 f  drone_block_design_wrapper/drone_block_design/drone_block_design_axi_mem_intercon_0/s00_couplers_imp_1QUQC6S/drone_block_design_axi_mem_intercon_imp_auto_ds_0/drone_block_design_axi_mem_intercon_imp_auto_ds_0_axi_dwidth_converter_v2_1_37_top/drone_block_design_axi_mem_intercon_imp_auto_ds_0_axi_protocol_converter_v2_1_37_axi_protocol_converter/drone_block_design_axi_mem_intercon_imp_auto_ds_0_axi_protocol_converter_v2_1_37_axi3_conv/drone_block_design_axi_mem_intercon_imp_auto_ds_0_axi_protocol_converter_v2_1_37_a_axi3_conv/drone_block_design_axi_mem_intercon_imp_auto_ds_0_axi_data_fifo_v2_1_36_axic_fifo/drone_block_design_axi_mem_intercon_imp_auto_ds_0_axi_data_fifo_v2_1_36_fifo_gen_1/<hidden>/<hidden>/<hidden>/<hidden>/<hidden>/<hidden>
                         net (fo=3, routed)           0.973     4.337    drone_block_design_i/axi_mem_intercon/s00_couplers/auto_ds/inst/gen_downsizer.gen_cascaded_downsizer.gen_axi3_conv.axi3_conv_inst/gen_axi4_axi3.axi3_conv_inst/USE_WRITE.write_addr_inst/USE_BURSTS.cmd_queue/inst/empty
    SLICE_X35Y52         LUT3 (Prop_lut3_I0_O)        0.297     4.634 r  drone_block_design_i/axi_mem_intercon/s00_couplers/auto_ds/inst/gen_downsizer.gen_cascaded_downsizer.gen_axi3_conv.axi3_conv_inst/gen_axi4_axi3.axi3_conv_inst/USE_WRITE.write_addr_inst/USE_BURSTS.cmd_queue/inst/m_axi_wvalid_INST_0/O
                         net (fo=4, routed)           0.720     5.354    drone_block_design_i/axi_mem_intercon/s00_couplers/auto_pc/inst/gen_axi4_axi3.axi3_conv_inst/USE_WRITE.write_addr_inst/USE_BURSTS.cmd_queue/inst/s_axi_wvalid
    SLICE_X26Y53         LUT3 (Prop_lut3_I1_O)        0.116     5.470 r  drone_block_design_i/axi_mem_intercon/s00_couplers/auto_pc/inst/gen_axi4_axi3.axi3_conv_inst/USE_WRITE.write_addr_inst/USE_BURSTS.cmd_queue/inst/s_axi_wready_INST_0/O
                         net (fo=10, routed)          0.762     6.232    drone_block_design_i/axi_mem_intercon/s00_couplers/auto_ds/inst/gen_downsizer.gen_cascaded_downsizer.first_downsizer_inst/USE_WRITE.write_addr_inst/cmd_queue/inst/m_axi_wready
    SLICE_X35Y52         LUT4 (Prop_lut4_I0_O)        0.328     6.560 r  drone_block_design_i/axi_mem_intercon/s00_couplers/auto_ds/inst/gen_downsizer.gen_cascaded_downsizer.first_downsizer_inst/USE_WRITE.write_addr_inst/cmd_queue/inst/s_axi_wready_INST_0_i_1/O
                         net (fo=24, routed)          1.166     7.726    drone_block_design_i/axi_mem_intercon/s00_couplers/auto_ds/inst/gen_downsizer.gen_cascaded_downsizer.first_downsizer_inst/USE_WRITE.write_addr_inst/cmd_queue/inst/E[0]
    SLICE_X32Y51         LUT6 (Prop_lut6_I0_O)        0.124     7.850 r  drone_block_design_i/axi_mem_intercon/s00_couplers/auto_ds/inst/gen_downsizer.gen_cascaded_downsizer.first_downsizer_inst/USE_WRITE.write_addr_inst/cmd_queue/inst/s_axi_wready_INST_0/O
                         net (fo=3, routed)           0.524     8.374    drone_block_design_i/axi_dma_0/U0/I_PRMRY_DATAMOVER/GEN_S2MM_FULL.I_S2MM_FULL_WRAPPER/I_S2MM_MMAP_SKID_BUF/m_axi_s2mm_wready
    SLICE_X33Y51         LUT2 (Prop_lut2_I0_O)        0.124     8.498 r  drone_block_design_i/axi_dma_0/U0/I_PRMRY_DATAMOVER/GEN_S2MM_FULL.I_S2MM_FULL_WRAPPER/I_S2MM_MMAP_SKID_BUF/sig_data_reg_out[127]_i_1__1/O
                         net (fo=144, routed)         1.616    10.114    drone_block_design_i/axi_dma_0/U0/I_PRMRY_DATAMOVER/GEN_S2MM_FULL.I_S2MM_FULL_WRAPPER/I_S2MM_MMAP_SKID_BUF/sig_data_reg_out_en
    SLICE_X18Y35         FDRE                                         r  drone_block_design_i/axi_dma_0/U0/I_PRMRY_DATAMOVER/GEN_S2MM_FULL.I_S2MM_FULL_WRAPPER/I_S2MM_MMAP_SKID_BUF/sig_data_reg_out_reg[40]/CE
  -------------------------------------------------------------------    -------------------

                         (clock clk_fpga_0 rise edge)
                                                     10.000    10.000 r  
    PS7_X0Y0             PS7                          0.000    10.000 r  drone_block_design_i/processing_system7_0/inst/PS7_i/FCLKCLK[0]
                         net (fo=1, routed)           1.088    11.088    drone_block_design_i/processing_system7_0/inst/FCLK_CLK_unbuffered[0]
    BUFGCTRL_X0Y16       BUFG (Prop_bufg_I_O)         0.091    11.179 r  drone_block_design_i/processing_system7_0/inst/buffer_fclk_clk_0.FCLK_CLK_0_BUFG/O
                         net (fo=4104, routed)        1.575    12.754    drone_block_design_i/axi_dma_0/U0/I_PRMRY_DATAMOVER/GEN_S2MM_FULL.I_S2MM_FULL_WRAPPER/I_S2MM_MMAP_SKID_BUF/m_axi_s2mm_aclk
    SLICE_X18Y35         FDRE                                         r  drone_block_design_i/axi_dma_0/U0/I_PRMRY_DATAMOVER/GEN_S2MM_FULL.I_S2MM_FULL_WRAPPER/I_S2MM_MMAP_SKID_BUF/sig_data_reg_out_reg[40]/C
                         clock pessimism              0.115    12.869    
                         clock uncertainty           -0.154    12.715    
    SLICE_X18Y35         FDRE (Setup_fdre_C_CE)      -0.169    12.546    drone_block_design_i/axi_dma_0/U0/I_PRMRY_DATAMOVER/GEN_S2MM_FULL.I_S2MM_FULL_WRAPPER/I_S2MM_MMAP_SKID_BUF/sig_data_reg_out_reg[40]
  -------------------------------------------------------------------
                         required time                         12.546    
                         arrival time                         -10.114    
  -------------------------------------------------------------------
                         slack                                  2.432    

Slack (MET) :             2.468ns  (required time - arrival time)
  Source:                 drone_block_design_wrapper/drone_block_design/drone_block_design_axi_mem_intercon_0/s00_couplers_imp_1QUQC6S/drone_block_design_axi_mem_intercon_imp_auto_ds_0/drone_block_design_axi_mem_intercon_imp_auto_ds_0_axi_dwidth_converter_v2_1_37_top/drone_block_design_axi_mem_intercon_imp_auto_ds_0_axi_protocol_converter_v2_1_37_axi_protocol_converter/drone_block_design_axi_mem_intercon_imp_auto_ds_0_axi_protocol_converter_v2_1_37_axi3_conv/drone_block_design_axi_mem_intercon_imp_auto_ds_0_axi_protocol_converter_v2_1_37_a_axi3_conv/drone_block_design_axi_mem_intercon_imp_auto_ds_0_axi_data_fifo_v2_1_36_axic_fifo/drone_block_design_axi_mem_intercon_imp_auto_ds_0_axi_data_fifo_v2_1_36_fifo_gen_1/<hidden>/<hidden>/<hidden>/<hidden>/<hidden>/<hidden>
                            (rising edge-triggered cell FDPE clocked by clk_fpga_0  {rise@0.000ns fall@5.000ns period=10.000ns})
  Destination:            drone_block_design_i/axi_dma_0/U0/I_PRMRY_DATAMOVER/GEN_S2MM_FULL.I_S2MM_FULL_WRAPPER/I_S2MM_MMAP_SKID_BUF/sig_data_reg_out_reg[67]/CE
                            (rising edge-triggered cell FDRE clocked by clk_fpga_0  {rise@0.000ns fall@5.000ns period=10.000ns})
  Path Group:             clk_fpga_0
  Path Type:              Setup (Max at Slow Process Corner)
  Requirement:            10.000ns  (clk_fpga_0 rise@10.000ns - clk_fpga_0 rise@0.000ns)
  Data Path Delay:        7.095ns  (logic 1.408ns (19.844%)  route 5.687ns (80.156%))
  Logic Levels:           5  (LUT2=1 LUT3=2 LUT4=1 LUT6=1)
  Clock Path Skew:        -0.078ns (DCD - SCD + CPR)
    Destination Clock Delay (DCD):    2.752ns = ( 12.752 - 10.000 ) 
    Source Clock Delay      (SCD):    2.945ns
    Clock Pessimism Removal (CPR):    0.115ns
  Clock Uncertainty:      0.154ns  ((TSJ^2 + TIJ^2)^1/2 + DJ) / 2 + PE
    Total System Jitter     (TSJ):    0.071ns
    Total Input Jitter      (TIJ):    0.300ns
    Discrete Jitter          (DJ):    0.000ns
    Phase Error              (PE):    0.000ns

    Location             Delay type                Incr(ns)  Path(ns)    Netlist Resource(s)
  -------------------------------------------------------------------    -------------------
                         (clock clk_fpga_0 rise edge)
                                                      0.000     0.000 r  
    PS7_X0Y0             PS7                          0.000     0.000 r  drone_block_design_i/processing_system7_0/inst/PS7_i/FCLKCLK[0]
                         net (fo=1, routed)           1.193     1.193    drone_block_design_i/processing_system7_0/inst/FCLK_CLK_unbuffered[0]
    BUFGCTRL_X0Y16       BUFG (Prop_bufg_I_O)         0.101     1.294 r  drone_block_design_i/processing_system7_0/inst/buffer_fclk_clk_0.FCLK_CLK_0_BUFG/O
                         net (fo=4104, routed)        1.651     2.945    drone_block_design_wrapper/drone_block_design/drone_block_design_axi_mem_intercon_0/s00_couplers_imp_1QUQC6S/drone_block_design_axi_mem_intercon_imp_auto_ds_0/drone_block_design_axi_mem_intercon_imp_auto_ds_0_axi_dwidth_converter_v2_1_37_top/drone_block_design_axi_mem_intercon_imp_auto_ds_0_axi_protocol_converter_v2_1_37_axi_protocol_converter/drone_block_design_axi_mem_intercon_imp_auto_ds_0_axi_protocol_converter_v2_1_37_axi3_conv/drone_block_design_axi_mem_intercon_imp_auto_ds_0_axi_protocol_converter_v2_1_37_a_axi3_conv/drone_block_design_axi_mem_intercon_imp_auto_ds_0_axi_data_fifo_v2_1_36_axic_fifo/drone_block_design_axi_mem_intercon_imp_auto_ds_0_axi_data_fifo_v2_1_36_fifo_gen_1/<hidden>/<hidden>/<hidden>/<hidden>/<hidden>/<hidden>
    SLICE_X41Y53         FDPE                                         r  drone_block_design_wrapper/drone_block_design/drone_block_design_axi_mem_intercon_0/s00_couplers_imp_1QUQC6S/drone_block_design_axi_mem_intercon_imp_auto_ds_0/drone_block_design_axi_mem_intercon_imp_auto_ds_0_axi_dwidth_converter_v2_1_37_top/drone_block_design_axi_mem_intercon_imp_auto_ds_0_axi_protocol_converter_v2_1_37_axi_protocol_converter/drone_block_design_axi_mem_intercon_imp_auto_ds_0_axi_protocol_converter_v2_1_37_axi3_conv/drone_block_design_axi_mem_intercon_imp_auto_ds_0_axi_protocol_converter_v2_1_37_a_axi3_conv/drone_block_design_axi_mem_intercon_imp_auto_ds_0_axi_data_fifo_v2_1_36_axic_fifo/drone_block_design_axi_mem_intercon_imp_auto_ds_0_axi_data_fifo_v2_1_36_fifo_gen_1/<hidden>/<hidden>/<hidden>/<hidden>/<hidden>/<hidden>
  -------------------------------------------------------------------    -------------------
    SLICE_X41Y53         FDPE (Prop_fdpe_C_Q)         0.419     3.364 f  drone_block_design_wrapper/drone_block_design/drone_block_design_axi_mem_intercon_0/s00_couplers_imp_1QUQC6S/drone_block_design_axi_mem_intercon_imp_auto_ds_0/drone_block_design_axi_mem_intercon_imp_auto_ds_0_axi_dwidth_converter_v2_1_37_top/drone_block_design_axi_mem_intercon_imp_auto_ds_0_axi_protocol_converter_v2_1_37_axi_protocol_converter/drone_block_design_axi_mem_intercon_imp_auto_ds_0_axi_protocol_converter_v2_1_37_axi3_conv/drone_block_design_axi_mem_intercon_imp_auto_ds_0_axi_protocol_converter_v2_1_37_a_axi3_conv/drone_block_design_axi_mem_intercon_imp_auto_ds_0_axi_data_fifo_v2_1_36_axic_fifo/drone_block_design_axi_mem_intercon_imp_auto_ds_0_axi_data_fifo_v2_1_36_fifo_gen_1/<hidden>/<hidden>/<hidden>/<hidden>/<hidden>/<hidden>
                         net (fo=3, routed)           0.973     4.337    drone_block_design_i/axi_mem_intercon/s00_couplers/auto_ds/inst/gen_downsizer.gen_cascaded_downsizer.gen_axi3_conv.axi3_conv_inst/gen_axi4_axi3.axi3_conv_inst/USE_WRITE.write_addr_inst/USE_BURSTS.cmd_queue/inst/empty
    SLICE_X35Y52         LUT3 (Prop_lut3_I0_O)        0.297     4.634 r  drone_block_design_i/axi_mem_intercon/s00_couplers/auto_ds/inst/gen_downsizer.gen_cascaded_downsizer.gen_axi3_conv.axi3_conv_inst/gen_axi4_axi3.axi3_conv_inst/USE_WRITE.write_addr_inst/USE_BURSTS.cmd_queue/inst/m_axi_wvalid_INST_0/O
                         net (fo=4, routed)           0.720     5.354    drone_block_design_i/axi_mem_intercon/s00_couplers/auto_pc/inst/gen_axi4_axi3.axi3_conv_inst/USE_WRITE.write_addr_inst/USE_BURSTS.cmd_queue/inst/s_axi_wvalid
    SLICE_X26Y53         LUT3 (Prop_lut3_I1_O)        0.116     5.470 r  drone_block_design_i/axi_mem_intercon/s00_couplers/auto_pc/inst/gen_axi4_axi3.axi3_conv_inst/USE_WRITE.write_addr_inst/USE_BURSTS.cmd_queue/inst/s_axi_wready_INST_0/O
                         net (fo=10, routed)          0.762     6.232    drone_block_design_i/axi_mem_intercon/s00_couplers/auto_ds/inst/gen_downsizer.gen_cascaded_downsizer.first_downsizer_inst/USE_WRITE.write_addr_inst/cmd_queue/inst/m_axi_wready
    SLICE_X35Y52         LUT4 (Prop_lut4_I0_O)        0.328     6.560 r  drone_block_design_i/axi_mem_intercon/s00_couplers/auto_ds/inst/gen_downsizer.gen_cascaded_downsizer.first_downsizer_inst/USE_WRITE.write_addr_inst/cmd_queue/inst/s_axi_wready_INST_0_i_1/O
                         net (fo=24, routed)          1.166     7.726    drone_block_design_i/axi_mem_intercon/s00_couplers/auto_ds/inst/gen_downsizer.gen_cascaded_downsizer.first_downsizer_inst/USE_WRITE.write_addr_inst/cmd_queue/inst/E[0]
    SLICE_X32Y51         LUT6 (Prop_lut6_I0_O)        0.124     7.850 r  drone_block_design_i/axi_mem_intercon/s00_couplers/auto_ds/inst/gen_downsizer.gen_cascaded_downsizer.first_downsizer_inst/USE_WRITE.write_addr_inst/cmd_queue/inst/s_axi_wready_INST_0/O
                         net (fo=3, routed)           0.524     8.374    drone_block_design_i/axi_dma_0/U0/I_PRMRY_DATAMOVER/GEN_S2MM_FULL.I_S2MM_FULL_WRAPPER/I_S2MM_MMAP_SKID_BUF/m_axi_s2mm_wready
    SLICE_X33Y51         LUT2 (Prop_lut2_I0_O)        0.124     8.498 r  drone_block_design_i/axi_dma_0/U0/I_PRMRY_DATAMOVER/GEN_S2MM_FULL.I_S2MM_FULL_WRAPPER/I_S2MM_MMAP_SKID_BUF/sig_data_reg_out[127]_i_1__1/O
                         net (fo=144, routed)         1.542    10.040    drone_block_design_i/axi_dma_0/U0/I_PRMRY_DATAMOVER/GEN_S2MM_FULL.I_S2MM_FULL_WRAPPER/I_S2MM_MMAP_SKID_BUF/sig_data_reg_out_en
    SLICE_X23Y36         FDRE                                         r  drone_block_design_i/axi_dma_0/U0/I_PRMRY_DATAMOVER/GEN_S2MM_FULL.I_S2MM_FULL_WRAPPER/I_S2MM_MMAP_SKID_BUF/sig_data_reg_out_reg[67]/CE
  -------------------------------------------------------------------    -------------------

                         (clock clk_fpga_0 rise edge)
                                                     10.000    10.000 r  
    PS7_X0Y0             PS7                          0.000    10.000 r  drone_block_design_i/processing_system7_0/inst/PS7_i/FCLKCLK[0]
                         net (fo=1, routed)           1.088    11.088    drone_block_design_i/processing_system7_0/inst/FCLK_CLK_unbuffered[0]
    BUFGCTRL_X0Y16       BUFG (Prop_bufg_I_O)         0.091    11.179 r  drone_block_design_i/processing_system7_0/inst/buffer_fclk_clk_0.FCLK_CLK_0_BUFG/O
                         net (fo=4104, routed)        1.573    12.752    drone_block_design_i/axi_dma_0/U0/I_PRMRY_DATAMOVER/GEN_S2MM_FULL.I_S2MM_FULL_WRAPPER/I_S2MM_MMAP_SKID_BUF/m_axi_s2mm_aclk
    SLICE_X23Y36         FDRE                                         r  drone_block_design_i/axi_dma_0/U0/I_PRMRY_DATAMOVER/GEN_S2MM_FULL.I_S2MM_FULL_WRAPPER/I_S2MM_MMAP_SKID_BUF/sig_data_reg_out_reg[67]/C
                         clock pessimism              0.115    12.867    
                         clock uncertainty           -0.154    12.713    
    SLICE_X23Y36         FDRE (Setup_fdre_C_CE)      -0.205    12.508    drone_block_design_i/axi_dma_0/U0/I_PRMRY_DATAMOVER/GEN_S2MM_FULL.I_S2MM_FULL_WRAPPER/I_S2MM_MMAP_SKID_BUF/sig_data_reg_out_reg[67]
  -------------------------------------------------------------------
                         required time                         12.508    
                         arrival time                         -10.040    
  -------------------------------------------------------------------
                         slack                                  2.468    

Slack (MET) :             2.522ns  (required time - arrival time)
  Source:                 drone_block_design_wrapper/drone_block_design/drone_block_design_axi_mem_intercon_0/s00_couplers_imp_1QUQC6S/drone_block_design_axi_mem_intercon_imp_auto_ds_0/drone_block_design_axi_mem_intercon_imp_auto_ds_0_axi_dwidth_converter_v2_1_37_top/drone_block_design_axi_mem_intercon_imp_auto_ds_0_axi_protocol_converter_v2_1_37_axi_protocol_converter/drone_block_design_axi_mem_intercon_imp_auto_ds_0_axi_protocol_converter_v2_1_37_axi3_conv/drone_block_design_axi_mem_intercon_imp_auto_ds_0_axi_protocol_converter_v2_1_37_a_axi3_conv/drone_block_design_axi_mem_intercon_imp_auto_ds_0_axi_data_fifo_v2_1_36_axic_fifo/drone_block_design_axi_mem_intercon_imp_auto_ds_0_axi_data_fifo_v2_1_36_fifo_gen_1/<hidden>/<hidden>/<hidden>/<hidden>/<hidden>/<hidden>
                            (rising edge-triggered cell FDPE clocked by clk_fpga_0  {rise@0.000ns fall@5.000ns period=10.000ns})
  Destination:            drone_block_design_i/axi_dma_0/U0/I_PRMRY_DATAMOVER/GEN_S2MM_FULL.I_S2MM_FULL_WRAPPER/I_S2MM_MMAP_SKID_BUF/sig_data_reg_out_reg[38]/CE
                            (rising edge-triggered cell FDRE clocked by clk_fpga_0  {rise@0.000ns fall@5.000ns period=10.000ns})
  Path Group:             clk_fpga_0
  Path Type:              Setup (Max at Slow Process Corner)
  Requirement:            10.000ns  (clk_fpga_0 rise@10.000ns - clk_fpga_0 rise@0.000ns)
  Data Path Delay:        7.042ns  (logic 1.408ns (19.993%)  route 5.634ns (80.007%))
  Logic Levels:           5  (LUT2=1 LUT3=2 LUT4=1 LUT6=1)
  Clock Path Skew:        -0.077ns (DCD - SCD + CPR)
    Destination Clock Delay (DCD):    2.753ns = ( 12.753 - 10.000 ) 
    Source Clock Delay      (SCD):    2.945ns
    Clock Pessimism Removal (CPR):    0.115ns
  Clock Uncertainty:      0.154ns  ((TSJ^2 + TIJ^2)^1/2 + DJ) / 2 + PE
    Total System Jitter     (TSJ):    0.071ns
    Total Input Jitter      (TIJ):    0.300ns
    Discrete Jitter          (DJ):    0.000ns
    Phase Error              (PE):    0.000ns

    Location             Delay type                Incr(ns)  Path(ns)    Netlist Resource(s)
  -------------------------------------------------------------------    -------------------
                         (clock clk_fpga_0 rise edge)
                                                      0.000     0.000 r  
    PS7_X0Y0             PS7                          0.000     0.000 r  drone_block_design_i/processing_system7_0/inst/PS7_i/FCLKCLK[0]
                         net (fo=1, routed)           1.193     1.193    drone_block_design_i/processing_system7_0/inst/FCLK_CLK_unbuffered[0]
    BUFGCTRL_X0Y16       BUFG (Prop_bufg_I_O)         0.101     1.294 r  drone_block_design_i/processing_system7_0/inst/buffer_fclk_clk_0.FCLK_CLK_0_BUFG/O
                         net (fo=4104, routed)        1.651     2.945    drone_block_design_wrapper/drone_block_design/drone_block_design_axi_mem_intercon_0/s00_couplers_imp_1QUQC6S/drone_block_design_axi_mem_intercon_imp_auto_ds_0/drone_block_design_axi_mem_intercon_imp_auto_ds_0_axi_dwidth_converter_v2_1_37_top/drone_block_design_axi_mem_intercon_imp_auto_ds_0_axi_protocol_converter_v2_1_37_axi_protocol_converter/drone_block_design_axi_mem_intercon_imp_auto_ds_0_axi_protocol_converter_v2_1_37_axi3_conv/drone_block_design_axi_mem_intercon_imp_auto_ds_0_axi_protocol_converter_v2_1_37_a_axi3_conv/drone_block_design_axi_mem_intercon_imp_auto_ds_0_axi_data_fifo_v2_1_36_axic_fifo/drone_block_design_axi_mem_intercon_imp_auto_ds_0_axi_data_fifo_v2_1_36_fifo_gen_1/<hidden>/<hidden>/<hidden>/<hidden>/<hidden>/<hidden>
    SLICE_X41Y53         FDPE                                         r  drone_block_design_wrapper/drone_block_design/drone_block_design_axi_mem_intercon_0/s00_couplers_imp_1QUQC6S/drone_block_design_axi_mem_intercon_imp_auto_ds_0/drone_block_design_axi_mem_intercon_imp_auto_ds_0_axi_dwidth_converter_v2_1_37_top/drone_block_design_axi_mem_intercon_imp_auto_ds_0_axi_protocol_converter_v2_1_37_axi_protocol_converter/drone_block_design_axi_mem_intercon_imp_auto_ds_0_axi_protocol_converter_v2_1_37_axi3_conv/drone_block_design_axi_mem_intercon_imp_auto_ds_0_axi_protocol_converter_v2_1_37_a_axi3_conv/drone_block_design_axi_mem_intercon_imp_auto_ds_0_axi_data_fifo_v2_1_36_axic_fifo/drone_block_design_axi_mem_intercon_imp_auto_ds_0_axi_data_fifo_v2_1_36_fifo_gen_1/<hidden>/<hidden>/<hidden>/<hidden>/<hidden>/<hidden>
  -------------------------------------------------------------------    -------------------
    SLICE_X41Y53         FDPE (Prop_fdpe_C_Q)         0.419     3.364 f  drone_block_design_wrapper/drone_block_design/drone_block_design_axi_mem_intercon_0/s00_couplers_imp_1QUQC6S/drone_block_design_axi_mem_intercon_imp_auto_ds_0/drone_block_design_axi_mem_intercon_imp_auto_ds_0_axi_dwidth_converter_v2_1_37_top/drone_block_design_axi_mem_intercon_imp_auto_ds_0_axi_protocol_converter_v2_1_37_axi_protocol_converter/drone_block_design_axi_mem_intercon_imp_auto_ds_0_axi_protocol_converter_v2_1_37_axi3_conv/drone_block_design_axi_mem_intercon_imp_auto_ds_0_axi_protocol_converter_v2_1_37_a_axi3_conv/drone_block_design_axi_mem_intercon_imp_auto_ds_0_axi_data_fifo_v2_1_36_axic_fifo/drone_block_design_axi_mem_intercon_imp_auto_ds_0_axi_data_fifo_v2_1_36_fifo_gen_1/<hidden>/<hidden>/<hidden>/<hidden>/<hidden>/<hidden>
                         net (fo=3, routed)           0.973     4.337    drone_block_design_i/axi_mem_intercon/s00_couplers/auto_ds/inst/gen_downsizer.gen_cascaded_downsizer.gen_axi3_conv.axi3_conv_inst/gen_axi4_axi3.axi3_conv_inst/USE_WRITE.write_addr_inst/USE_BURSTS.cmd_queue/inst/empty
    SLICE_X35Y52         LUT3 (Prop_lut3_I0_O)        0.297     4.634 r  drone_block_design_i/axi_mem_intercon/s00_couplers/auto_ds/inst/gen_downsizer.gen_cascaded_downsizer.gen_axi3_conv.axi3_conv_inst/gen_axi4_axi3.axi3_conv_inst/USE_WRITE.write_addr_inst/USE_BURSTS.cmd_queue/inst/m_axi_wvalid_INST_0/O
                         net (fo=4, routed)           0.720     5.354    drone_block_design_i/axi_mem_intercon/s00_couplers/auto_pc/inst/gen_axi4_axi3.axi3_conv_inst/USE_WRITE.write_addr_inst/USE_BURSTS.cmd_queue/inst/s_axi_wvalid
    SLICE_X26Y53         LUT3 (Prop_lut3_I1_O)        0.116     5.470 r  drone_block_design_i/axi_mem_intercon/s00_couplers/auto_pc/inst/gen_axi4_axi3.axi3_conv_inst/USE_WRITE.write_addr_inst/USE_BURSTS.cmd_queue/inst/s_axi_wready_INST_0/O
                         net (fo=10, routed)          0.762     6.232    drone_block_design_i/axi_mem_intercon/s00_couplers/auto_ds/inst/gen_downsizer.gen_cascaded_downsizer.first_downsizer_inst/USE_WRITE.write_addr_inst/cmd_queue/inst/m_axi_wready
    SLICE_X35Y52         LUT4 (Prop_lut4_I0_O)        0.328     6.560 r  drone_block_design_i/axi_mem_intercon/s00_couplers/auto_ds/inst/gen_downsizer.gen_cascaded_downsizer.first_downsizer_inst/USE_WRITE.write_addr_inst/cmd_queue/inst/s_axi_wready_INST_0_i_1/O
                         net (fo=24, routed)          1.166     7.726    drone_block_design_i/axi_mem_intercon/s00_couplers/auto_ds/inst/gen_downsizer.gen_cascaded_downsizer.first_downsizer_inst/USE_WRITE.write_addr_inst/cmd_queue/inst/E[0]
    SLICE_X32Y51         LUT6 (Prop_lut6_I0_O)        0.124     7.850 r  drone_block_design_i/axi_mem_intercon/s00_couplers/auto_ds/inst/gen_downsizer.gen_cascaded_downsizer.first_downsizer_inst/USE_WRITE.write_addr_inst/cmd_queue/inst/s_axi_wready_INST_0/O
                         net (fo=3, routed)           0.524     8.374    drone_block_design_i/axi_dma_0/U0/I_PRMRY_DATAMOVER/GEN_S2MM_FULL.I_S2MM_FULL_WRAPPER/I_S2MM_MMAP_SKID_BUF/m_axi_s2mm_wready
    SLICE_X33Y51         LUT2 (Prop_lut2_I0_O)        0.124     8.498 r  drone_block_design_i/axi_dma_0/U0/I_PRMRY_DATAMOVER/GEN_S2MM_FULL.I_S2MM_FULL_WRAPPER/I_S2MM_MMAP_SKID_BUF/sig_data_reg_out[127]_i_1__1/O
                         net (fo=144, routed)         1.489     9.987    drone_block_design_i/axi_dma_0/U0/I_PRMRY_DATAMOVER/GEN_S2MM_FULL.I_S2MM_FULL_WRAPPER/I_S2MM_MMAP_SKID_BUF/sig_data_reg_out_en
    SLICE_X21Y35         FDRE                                         r  drone_block_design_i/axi_dma_0/U0/I_PRMRY_DATAMOVER/GEN_S2MM_FULL.I_S2MM_FULL_WRAPPER/I_S2MM_MMAP_SKID_BUF/sig_data_reg_out_reg[38]/CE
  -------------------------------------------------------------------    -------------------

                         (clock clk_fpga_0 rise edge)
                                                     10.000    10.000 r  
    PS7_X0Y0             PS7                          0.000    10.000 r  drone_block_design_i/processing_system7_0/inst/PS7_i/FCLKCLK[0]
                         net (fo=1, routed)           1.088    11.088    drone_block_design_i/processing_system7_0/inst/FCLK_CLK_unbuffered[0]
    BUFGCTRL_X0Y16       BUFG (Prop_bufg_I_O)         0.091    11.179 r  drone_block_design_i/processing_system7_0/inst/buffer_fclk_clk_0.FCLK_CLK_0_BUFG/O
                         net (fo=4104, routed)        1.574    12.753    drone_block_design_i/axi_dma_0/U0/I_PRMRY_DATAMOVER/GEN_S2MM_FULL.I_S2MM_FULL_WRAPPER/I_S2MM_MMAP_SKID_BUF/m_axi_s2mm_aclk
    SLICE_X21Y35         FDRE                                         r  drone_block_design_i/axi_dma_0/U0/I_PRMRY_DATAMOVER/GEN_S2MM_FULL.I_S2MM_FULL_WRAPPER/I_S2MM_MMAP_SKID_BUF/sig_data_reg_out_reg[38]/C
                         clock pessimism              0.115    12.868    
                         clock uncertainty           -0.154    12.714    
    SLICE_X21Y35         FDRE (Setup_fdre_C_CE)      -0.205    12.509    drone_block_design_i/axi_dma_0/U0/I_PRMRY_DATAMOVER/GEN_S2MM_FULL.I_S2MM_FULL_WRAPPER/I_S2MM_MMAP_SKID_BUF/sig_data_reg_out_reg[38]
  -------------------------------------------------------------------
                         required time                         12.509    
                         arrival time                          -9.987    
  -------------------------------------------------------------------
                         slack                                  2.522    

Slack (MET) :             2.522ns  (required time - arrival time)
  Source:                 drone_block_design_wrapper/drone_block_design/drone_block_design_axi_mem_intercon_0/s00_couplers_imp_1QUQC6S/drone_block_design_axi_mem_intercon_imp_auto_ds_0/drone_block_design_axi_mem_intercon_imp_auto_ds_0_axi_dwidth_converter_v2_1_37_top/drone_block_design_axi_mem_intercon_imp_auto_ds_0_axi_protocol_converter_v2_1_37_axi_protocol_converter/drone_block_design_axi_mem_intercon_imp_auto_ds_0_axi_protocol_converter_v2_1_37_axi3_conv/drone_block_design_axi_mem_intercon_imp_auto_ds_0_axi_protocol_converter_v2_1_37_a_axi3_conv/drone_block_design_axi_mem_intercon_imp_auto_ds_0_axi_data_fifo_v2_1_36_axic_fifo/drone_block_design_axi_mem_intercon_imp_auto_ds_0_axi_data_fifo_v2_1_36_fifo_gen_1/<hidden>/<hidden>/<hidden>/<hidden>/<hidden>/<hidden>
                            (rising edge-triggered cell FDPE clocked by clk_fpga_0  {rise@0.000ns fall@5.000ns period=10.000ns})
  Destination:            drone_block_design_i/axi_dma_0/U0/I_PRMRY_DATAMOVER/GEN_S2MM_FULL.I_S2MM_FULL_WRAPPER/I_S2MM_MMAP_SKID_BUF/sig_data_reg_out_reg[5]/CE
                            (rising edge-triggered cell FDRE clocked by clk_fpga_0  {rise@0.000ns fall@5.000ns period=10.000ns})
  Path Group:             clk_fpga_0
  Path Type:              Setup (Max at Slow Process Corner)
  Requirement:            10.000ns  (clk_fpga_0 rise@10.000ns - clk_fpga_0 rise@0.000ns)
  Data Path Delay:        7.042ns  (logic 1.408ns (19.993%)  route 5.634ns (80.007%))
  Logic Levels:           5  (LUT2=1 LUT3=2 LUT4=1 LUT6=1)
  Clock Path Skew:        -0.077ns (DCD - SCD + CPR)
    Destination Clock Delay (DCD):    2.753ns = ( 12.753 - 10.000 ) 
    Source Clock Delay      (SCD):    2.945ns
    Clock Pessimism Removal (CPR):    0.115ns
  Clock Uncertainty:      0.154ns  ((TSJ^2 + TIJ^2)^1/2 + DJ) / 2 + PE
    Total System Jitter     (TSJ):    0.071ns
    Total Input Jitter      (TIJ):    0.300ns
    Discrete Jitter          (DJ):    0.000ns
    Phase Error              (PE):    0.000ns

    Location             Delay type                Incr(ns)  Path(ns)    Netlist Resource(s)
  -------------------------------------------------------------------    -------------------
                         (clock clk_fpga_0 rise edge)
                                                      0.000     0.000 r  
    PS7_X0Y0             PS7                          0.000     0.000 r  drone_block_design_i/processing_system7_0/inst/PS7_i/FCLKCLK[0]
                         net (fo=1, routed)           1.193     1.193    drone_block_design_i/processing_system7_0/inst/FCLK_CLK_unbuffered[0]
    BUFGCTRL_X0Y16       BUFG (Prop_bufg_I_O)         0.101     1.294 r  drone_block_design_i/processing_system7_0/inst/buffer_fclk_clk_0.FCLK_CLK_0_BUFG/O
                         net (fo=4104, routed)        1.651     2.945    drone_block_design_wrapper/drone_block_design/drone_block_design_axi_mem_intercon_0/s00_couplers_imp_1QUQC6S/drone_block_design_axi_mem_intercon_imp_auto_ds_0/drone_block_design_axi_mem_intercon_imp_auto_ds_0_axi_dwidth_converter_v2_1_37_top/drone_block_design_axi_mem_intercon_imp_auto_ds_0_axi_protocol_converter_v2_1_37_axi_protocol_converter/drone_block_design_axi_mem_intercon_imp_auto_ds_0_axi_protocol_converter_v2_1_37_axi3_conv/drone_block_design_axi_mem_intercon_imp_auto_ds_0_axi_protocol_converter_v2_1_37_a_axi3_conv/drone_block_design_axi_mem_intercon_imp_auto_ds_0_axi_data_fifo_v2_1_36_axic_fifo/drone_block_design_axi_mem_intercon_imp_auto_ds_0_axi_data_fifo_v2_1_36_fifo_gen_1/<hidden>/<hidden>/<hidden>/<hidden>/<hidden>/<hidden>
    SLICE_X41Y53         FDPE                                         r  drone_block_design_wrapper/drone_block_design/drone_block_design_axi_mem_intercon_0/s00_couplers_imp_1QUQC6S/drone_block_design_axi_mem_intercon_imp_auto_ds_0/drone_block_design_axi_mem_intercon_imp_auto_ds_0_axi_dwidth_converter_v2_1_37_top/drone_block_design_axi_mem_intercon_imp_auto_ds_0_axi_protocol_converter_v2_1_37_axi_protocol_converter/drone_block_design_axi_mem_intercon_imp_auto_ds_0_axi_protocol_converter_v2_1_37_axi3_conv/drone_block_design_axi_mem_intercon_imp_auto_ds_0_axi_protocol_converter_v2_1_37_a_axi3_conv/drone_block_design_axi_mem_intercon_imp_auto_ds_0_axi_data_fifo_v2_1_36_axic_fifo/drone_block_design_axi_mem_intercon_imp_auto_ds_0_axi_data_fifo_v2_1_36_fifo_gen_1/<hidden>/<hidden>/<hidden>/<hidden>/<hidden>/<hidden>
  -------------------------------------------------------------------    -------------------
    SLICE_X41Y53         FDPE (Prop_fdpe_C_Q)         0.419     3.364 f  drone_block_design_wrapper/drone_block_design/drone_block_design_axi_mem_intercon_0/s00_couplers_imp_1QUQC6S/drone_block_design_axi_mem_intercon_imp_auto_ds_0/drone_block_design_axi_mem_intercon_imp_auto_ds_0_axi_dwidth_converter_v2_1_37_top/drone_block_design_axi_mem_intercon_imp_auto_ds_0_axi_protocol_converter_v2_1_37_axi_protocol_converter/drone_block_design_axi_mem_intercon_imp_auto_ds_0_axi_protocol_converter_v2_1_37_axi3_conv/drone_block_design_axi_mem_intercon_imp_auto_ds_0_axi_protocol_converter_v2_1_37_a_axi3_conv/drone_block_design_axi_mem_intercon_imp_auto_ds_0_axi_data_fifo_v2_1_36_axic_fifo/drone_block_design_axi_mem_intercon_imp_auto_ds_0_axi_data_fifo_v2_1_36_fifo_gen_1/<hidden>/<hidden>/<hidden>/<hidden>/<hidden>/<hidden>
                         net (fo=3, routed)           0.973     4.337    drone_block_design_i/axi_mem_intercon/s00_couplers/auto_ds/inst/gen_downsizer.gen_cascaded_downsizer.gen_axi3_conv.axi3_conv_inst/gen_axi4_axi3.axi3_conv_inst/USE_WRITE.write_addr_inst/USE_BURSTS.cmd_queue/inst/empty
    SLICE_X35Y52         LUT3 (Prop_lut3_I0_O)        0.297     4.634 r  drone_block_design_i/axi_mem_intercon/s00_couplers/auto_ds/inst/gen_downsizer.gen_cascaded_downsizer.gen_axi3_conv.axi3_conv_inst/gen_axi4_axi3.axi3_conv_inst/USE_WRITE.write_addr_inst/USE_BURSTS.cmd_queue/inst/m_axi_wvalid_INST_0/O
                         net (fo=4, routed)           0.720     5.354    drone_block_design_i/axi_mem_intercon/s00_couplers/auto_pc/inst/gen_axi4_axi3.axi3_conv_inst/USE_WRITE.write_addr_inst/USE_BURSTS.cmd_queue/inst/s_axi_wvalid
    SLICE_X26Y53         LUT3 (Prop_lut3_I1_O)        0.116     5.470 r  drone_block_design_i/axi_mem_intercon/s00_couplers/auto_pc/inst/gen_axi4_axi3.axi3_conv_inst/USE_WRITE.write_addr_inst/USE_BURSTS.cmd_queue/inst/s_axi_wready_INST_0/O
                         net (fo=10, routed)          0.762     6.232    drone_block_design_i/axi_mem_intercon/s00_couplers/auto_ds/inst/gen_downsizer.gen_cascaded_downsizer.first_downsizer_inst/USE_WRITE.write_addr_inst/cmd_queue/inst/m_axi_wready
    SLICE_X35Y52         LUT4 (Prop_lut4_I0_O)        0.328     6.560 r  drone_block_design_i/axi_mem_intercon/s00_couplers/auto_ds/inst/gen_downsizer.gen_cascaded_downsizer.first_downsizer_inst/USE_WRITE.write_addr_inst/cmd_queue/inst/s_axi_wready_INST_0_i_1/O
                         net (fo=24, routed)          1.166     7.726    drone_block_design_i/axi_mem_intercon/s00_couplers/auto_ds/inst/gen_downsizer.gen_cascaded_downsizer.first_downsizer_inst/USE_WRITE.write_addr_inst/cmd_queue/inst/E[0]
    SLICE_X32Y51         LUT6 (Prop_lut6_I0_O)        0.124     7.850 r  drone_block_design_i/axi_mem_intercon/s00_couplers/auto_ds/inst/gen_downsizer.gen_cascaded_downsizer.first_downsizer_inst/USE_WRITE.write_addr_inst/cmd_queue/inst/s_axi_wready_INST_0/O
                         net (fo=3, routed)           0.524     8.374    drone_block_design_i/axi_dma_0/U0/I_PRMRY_DATAMOVER/GEN_S2MM_FULL.I_S2MM_FULL_WRAPPER/I_S2MM_MMAP_SKID_BUF/m_axi_s2mm_wready
    SLICE_X33Y51         LUT2 (Prop_lut2_I0_O)        0.124     8.498 r  drone_block_design_i/axi_dma_0/U0/I_PRMRY_DATAMOVER/GEN_S2MM_FULL.I_S2MM_FULL_WRAPPER/I_S2MM_MMAP_SKID_BUF/sig_data_reg_out[127]_i_1__1/O
                         net (fo=144, routed)         1.489     9.987    drone_block_design_i/axi_dma_0/U0/I_PRMRY_DATAMOVER/GEN_S2MM_FULL.I_S2MM_FULL_WRAPPER/I_S2MM_MMAP_SKID_BUF/sig_data_reg_out_en
    SLICE_X21Y35         FDRE                                         r  drone_block_design_i/axi_dma_0/U0/I_PRMRY_DATAMOVER/GEN_S2MM_FULL.I_S2MM_FULL_WRAPPER/I_S2MM_MMAP_SKID_BUF/sig_data_reg_out_reg[5]/CE
  -------------------------------------------------------------------    -------------------

                         (clock clk_fpga_0 rise edge)
                                                     10.000    10.000 r  
    PS7_X0Y0             PS7                          0.000    10.000 r  drone_block_design_i/processing_system7_0/inst/PS7_i/FCLKCLK[0]
                         net (fo=1, routed)           1.088    11.088    drone_block_design_i/processing_system7_0/inst/FCLK_CLK_unbuffered[0]
    BUFGCTRL_X0Y16       BUFG (Prop_bufg_I_O)         0.091    11.179 r  drone_block_design_i/processing_system7_0/inst/buffer_fclk_clk_0.FCLK_CLK_0_BUFG/O
                         net (fo=4104, routed)        1.574    12.753    drone_block_design_i/axi_dma_0/U0/I_PRMRY_DATAMOVER/GEN_S2MM_FULL.I_S2MM_FULL_WRAPPER/I_S2MM_MMAP_SKID_BUF/m_axi_s2mm_aclk
    SLICE_X21Y35         FDRE                                         r  drone_block_design_i/axi_dma_0/U0/I_PRMRY_DATAMOVER/GEN_S2MM_FULL.I_S2MM_FULL_WRAPPER/I_S2MM_MMAP_SKID_BUF/sig_data_reg_out_reg[5]/C
                         clock pessimism              0.115    12.868    
                         clock uncertainty           -0.154    12.714    
    SLICE_X21Y35         FDRE (Setup_fdre_C_CE)      -0.205    12.509    drone_block_design_i/axi_dma_0/U0/I_PRMRY_DATAMOVER/GEN_S2MM_FULL.I_S2MM_FULL_WRAPPER/I_S2MM_MMAP_SKID_BUF/sig_data_reg_out_reg[5]
  -------------------------------------------------------------------
                         required time                         12.509    
                         arrival time                          -9.987    
  -------------------------------------------------------------------
                         slack                                  2.522    

Slack (MET) :             2.529ns  (required time - arrival time)
  Source:                 drone_block_design_wrapper/drone_block_design/drone_block_design_axi_mem_intercon_0/s00_couplers_imp_1QUQC6S/drone_block_design_axi_mem_intercon_imp_auto_ds_0/drone_block_design_axi_mem_intercon_imp_auto_ds_0_axi_dwidth_converter_v2_1_37_top/drone_block_design_axi_mem_intercon_imp_auto_ds_0_axi_protocol_converter_v2_1_37_axi_protocol_converter/drone_block_design_axi_mem_intercon_imp_auto_ds_0_axi_protocol_converter_v2_1_37_axi3_conv/drone_block_design_axi_mem_intercon_imp_auto_ds_0_axi_protocol_converter_v2_1_37_a_axi3_conv/drone_block_design_axi_mem_intercon_imp_auto_ds_0_axi_data_fifo_v2_1_36_axic_fifo/drone_block_design_axi_mem_intercon_imp_auto_ds_0_axi_data_fifo_v2_1_36_fifo_gen_1/<hidden>/<hidden>/<hidden>/<hidden>/<hidden>/<hidden>
                            (rising edge-triggered cell FDPE clocked by clk_fpga_0  {rise@0.000ns fall@5.000ns period=10.000ns})
  Destination:            drone_block_design_i/axi_dma_0/U0/I_PRMRY_DATAMOVER/GEN_S2MM_FULL.I_S2MM_FULL_WRAPPER/I_S2MM_MMAP_SKID_BUF/sig_data_reg_out_reg[3]/CE
                            (rising edge-triggered cell FDRE clocked by clk_fpga_0  {rise@0.000ns fall@5.000ns period=10.000ns})
  Path Group:             clk_fpga_0
  Path Type:              Setup (Max at Slow Process Corner)
  Requirement:            10.000ns  (clk_fpga_0 rise@10.000ns - clk_fpga_0 rise@0.000ns)
  Data Path Delay:        7.035ns  (logic 1.408ns (20.013%)  route 5.627ns (79.987%))
  Logic Levels:           5  (LUT2=1 LUT3=2 LUT4=1 LUT6=1)
  Clock Path Skew:        -0.077ns (DCD - SCD + CPR)
    Destination Clock Delay (DCD):    2.753ns = ( 12.753 - 10.000 ) 
    Source Clock Delay      (SCD):    2.945ns
    Clock Pessimism Removal (CPR):    0.115ns
  Clock Uncertainty:      0.154ns  ((TSJ^2 + TIJ^2)^1/2 + DJ) / 2 + PE
    Total System Jitter     (TSJ):    0.071ns
    Total Input Jitter      (TIJ):    0.300ns
    Discrete Jitter          (DJ):    0.000ns
    Phase Error              (PE):    0.000ns

    Location             Delay type                Incr(ns)  Path(ns)    Netlist Resource(s)
  -------------------------------------------------------------------    -------------------
                         (clock clk_fpga_0 rise edge)
                                                      0.000     0.000 r  
    PS7_X0Y0             PS7                          0.000     0.000 r  drone_block_design_i/processing_system7_0/inst/PS7_i/FCLKCLK[0]
                         net (fo=1, routed)           1.193     1.193    drone_block_design_i/processing_system7_0/inst/FCLK_CLK_unbuffered[0]
    BUFGCTRL_X0Y16       BUFG (Prop_bufg_I_O)         0.101     1.294 r  drone_block_design_i/processing_system7_0/inst/buffer_fclk_clk_0.FCLK_CLK_0_BUFG/O
                         net (fo=4104, routed)        1.651     2.945    drone_block_design_wrapper/drone_block_design/drone_block_design_axi_mem_intercon_0/s00_couplers_imp_1QUQC6S/drone_block_design_axi_mem_intercon_imp_auto_ds_0/drone_block_design_axi_mem_intercon_imp_auto_ds_0_axi_dwidth_converter_v2_1_37_top/drone_block_design_axi_mem_intercon_imp_auto_ds_0_axi_protocol_converter_v2_1_37_axi_protocol_converter/drone_block_design_axi_mem_intercon_imp_auto_ds_0_axi_protocol_converter_v2_1_37_axi3_conv/drone_block_design_axi_mem_intercon_imp_auto_ds_0_axi_protocol_converter_v2_1_37_a_axi3_conv/drone_block_design_axi_mem_intercon_imp_auto_ds_0_axi_data_fifo_v2_1_36_axic_fifo/drone_block_design_axi_mem_intercon_imp_auto_ds_0_axi_data_fifo_v2_1_36_fifo_gen_1/<hidden>/<hidden>/<hidden>/<hidden>/<hidden>/<hidden>
    SLICE_X41Y53         FDPE                                         r  drone_block_design_wrapper/drone_block_design/drone_block_design_axi_mem_intercon_0/s00_couplers_imp_1QUQC6S/drone_block_design_axi_mem_intercon_imp_auto_ds_0/drone_block_design_axi_mem_intercon_imp_auto_ds_0_axi_dwidth_converter_v2_1_37_top/drone_block_design_axi_mem_intercon_imp_auto_ds_0_axi_protocol_converter_v2_1_37_axi_protocol_converter/drone_block_design_axi_mem_intercon_imp_auto_ds_0_axi_protocol_converter_v2_1_37_axi3_conv/drone_block_design_axi_mem_intercon_imp_auto_ds_0_axi_protocol_converter_v2_1_37_a_axi3_conv/drone_block_design_axi_mem_intercon_imp_auto_ds_0_axi_data_fifo_v2_1_36_axic_fifo/drone_block_design_axi_mem_intercon_imp_auto_ds_0_axi_data_fifo_v2_1_36_fifo_gen_1/<hidden>/<hidden>/<hidden>/<hidden>/<hidden>/<hidden>
  -------------------------------------------------------------------    -------------------
    SLICE_X41Y53         FDPE (Prop_fdpe_C_Q)         0.419     3.364 f  drone_block_design_wrapper/drone_block_design/drone_block_design_axi_mem_intercon_0/s00_couplers_imp_1QUQC6S/drone_block_design_axi_mem_intercon_imp_auto_ds_0/drone_block_design_axi_mem_intercon_imp_auto_ds_0_axi_dwidth_converter_v2_1_37_top/drone_block_design_axi_mem_intercon_imp_auto_ds_0_axi_protocol_converter_v2_1_37_axi_protocol_converter/drone_block_design_axi_mem_intercon_imp_auto_ds_0_axi_protocol_converter_v2_1_37_axi3_conv/drone_block_design_axi_mem_intercon_imp_auto_ds_0_axi_protocol_converter_v2_1_37_a_axi3_conv/drone_block_design_axi_mem_intercon_imp_auto_ds_0_axi_data_fifo_v2_1_36_axic_fifo/drone_block_design_axi_mem_intercon_imp_auto_ds_0_axi_data_fifo_v2_1_36_fifo_gen_1/<hidden>/<hidden>/<hidden>/<hidden>/<hidden>/<hidden>
                         net (fo=3, routed)           0.973     4.337    drone_block_design_i/axi_mem_intercon/s00_couplers/auto_ds/inst/gen_downsizer.gen_cascaded_downsizer.gen_axi3_conv.axi3_conv_inst/gen_axi4_axi3.axi3_conv_inst/USE_WRITE.write_addr_inst/USE_BURSTS.cmd_queue/inst/empty
    SLICE_X35Y52         LUT3 (Prop_lut3_I0_O)        0.297     4.634 r  drone_block_design_i/axi_mem_intercon/s00_couplers/auto_ds/inst/gen_downsizer.gen_cascaded_downsizer.gen_axi3_conv.axi3_conv_inst/gen_axi4_axi3.axi3_conv_inst/USE_WRITE.write_addr_inst/USE_BURSTS.cmd_queue/inst/m_axi_wvalid_INST_0/O
                         net (fo=4, routed)           0.720     5.354    drone_block_design_i/axi_mem_intercon/s00_couplers/auto_pc/inst/gen_axi4_axi3.axi3_conv_inst/USE_WRITE.write_addr_inst/USE_BURSTS.cmd_queue/inst/s_axi_wvalid
    SLICE_X26Y53         LUT3 (Prop_lut3_I1_O)        0.116     5.470 r  drone_block_design_i/axi_mem_intercon/s00_couplers/auto_pc/inst/gen_axi4_axi3.axi3_conv_inst/USE_WRITE.write_addr_inst/USE_BURSTS.cmd_queue/inst/s_axi_wready_INST_0/O
                         net (fo=10, routed)          0.762     6.232    drone_block_design_i/axi_mem_intercon/s00_couplers/auto_ds/inst/gen_downsizer.gen_cascaded_downsizer.first_downsizer_inst/USE_WRITE.write_addr_inst/cmd_queue/inst/m_axi_wready
    SLICE_X35Y52         LUT4 (Prop_lut4_I0_O)        0.328     6.560 r  drone_block_design_i/axi_mem_intercon/s00_couplers/auto_ds/inst/gen_downsizer.gen_cascaded_downsizer.first_downsizer_inst/USE_WRITE.write_addr_inst/cmd_queue/inst/s_axi_wready_INST_0_i_1/O
                         net (fo=24, routed)          1.166     7.726    drone_block_design_i/axi_mem_intercon/s00_couplers/auto_ds/inst/gen_downsizer.gen_cascaded_downsizer.first_downsizer_inst/USE_WRITE.write_addr_inst/cmd_queue/inst/E[0]
    SLICE_X32Y51         LUT6 (Prop_lut6_I0_O)        0.124     7.850 r  drone_block_design_i/axi_mem_intercon/s00_couplers/auto_ds/inst/gen_downsizer.gen_cascaded_downsizer.first_downsizer_inst/USE_WRITE.write_addr_inst/cmd_queue/inst/s_axi_wready_INST_0/O
                         net (fo=3, routed)           0.524     8.374    drone_block_design_i/axi_dma_0/U0/I_PRMRY_DATAMOVER/GEN_S2MM_FULL.I_S2MM_FULL_WRAPPER/I_S2MM_MMAP_SKID_BUF/m_axi_s2mm_wready
    SLICE_X33Y51         LUT2 (Prop_lut2_I0_O)        0.124     8.498 r  drone_block_design_i/axi_dma_0/U0/I_PRMRY_DATAMOVER/GEN_S2MM_FULL.I_S2MM_FULL_WRAPPER/I_S2MM_MMAP_SKID_BUF/sig_data_reg_out[127]_i_1__1/O
                         net (fo=144, routed)         1.482     9.980    drone_block_design_i/axi_dma_0/U0/I_PRMRY_DATAMOVER/GEN_S2MM_FULL.I_S2MM_FULL_WRAPPER/I_S2MM_MMAP_SKID_BUF/sig_data_reg_out_en
    SLICE_X21Y36         FDRE                                         r  drone_block_design_i/axi_dma_0/U0/I_PRMRY_DATAMOVER/GEN_S2MM_FULL.I_S2MM_FULL_WRAPPER/I_S2MM_MMAP_SKID_BUF/sig_data_reg_out_reg[3]/CE
  -------------------------------------------------------------------    -------------------

                         (clock clk_fpga_0 rise edge)
                                                     10.000    10.000 r  
    PS7_X0Y0             PS7                          0.000    10.000 r  drone_block_design_i/processing_system7_0/inst/PS7_i/FCLKCLK[0]
                         net (fo=1, routed)           1.088    11.088    drone_block_design_i/processing_system7_0/inst/FCLK_CLK_unbuffered[0]
    BUFGCTRL_X0Y16       BUFG (Prop_bufg_I_O)         0.091    11.179 r  drone_block_design_i/processing_system7_0/inst/buffer_fclk_clk_0.FCLK_CLK_0_BUFG/O
                         net (fo=4104, routed)        1.574    12.753    drone_block_design_i/axi_dma_0/U0/I_PRMRY_DATAMOVER/GEN_S2MM_FULL.I_S2MM_FULL_WRAPPER/I_S2MM_MMAP_SKID_BUF/m_axi_s2mm_aclk
    SLICE_X21Y36         FDRE                                         r  drone_block_design_i/axi_dma_0/U0/I_PRMRY_DATAMOVER/GEN_S2MM_FULL.I_S2MM_FULL_WRAPPER/I_S2MM_MMAP_SKID_BUF/sig_data_reg_out_reg[3]/C
                         clock pessimism              0.115    12.868    
                         clock uncertainty           -0.154    12.714    
    SLICE_X21Y36         FDRE (Setup_fdre_C_CE)      -0.205    12.509    drone_block_design_i/axi_dma_0/U0/I_PRMRY_DATAMOVER/GEN_S2MM_FULL.I_S2MM_FULL_WRAPPER/I_S2MM_MMAP_SKID_BUF/sig_data_reg_out_reg[3]
  -------------------------------------------------------------------
                         required time                         12.509    
                         arrival time                          -9.980    
  -------------------------------------------------------------------
                         slack                                  2.529    





Min Delay Paths
--------------------------------------------------------------------------------------
Slack (MET) :             0.012ns  (arrival time - required time)
  Source:                 drone_block_design_i/axi_dma_0/U0/I_PRMRY_DATAMOVER/GEN_S2MM_FULL.I_S2MM_FULL_WRAPPER/I_S2MM_MMAP_SKID_BUF/sig_strb_skid_reg_reg[2]/C
                            (rising edge-triggered cell FDRE clocked by clk_fpga_0  {rise@0.000ns fall@5.000ns period=10.000ns})
  Destination:            drone_block_design_i/axi_dma_0/U0/I_PRMRY_DATAMOVER/GEN_S2MM_FULL.I_S2MM_FULL_WRAPPER/I_S2MM_MMAP_SKID_BUF/sig_strb_reg_out_reg[2]/D
                            (rising edge-triggered cell FDRE clocked by clk_fpga_0  {rise@0.000ns fall@5.000ns period=10.000ns})
  Path Group:             clk_fpga_0
  Path Type:              Hold (Min at Fast Process Corner)
  Requirement:            0.000ns  (clk_fpga_0 rise@0.000ns - clk_fpga_0 rise@0.000ns)
  Data Path Delay:        0.387ns  (logic 0.209ns (54.046%)  route 0.178ns (45.954%))
  Logic Levels:           1  (LUT6=1)
  Clock Path Skew:        0.254ns (DCD - SCD - CPR)
    Destination Clock Delay (DCD):    1.211ns
    Source Clock Delay      (SCD):    0.927ns
    Clock Pessimism Removal (CPR):    0.030ns

    Location             Delay type                Incr(ns)  Path(ns)    Netlist Resource(s)
  -------------------------------------------------------------------    -------------------
                         (clock clk_fpga_0 rise edge)
                                                      0.000     0.000 r  
    PS7_X0Y0             PS7                          0.000     0.000 r  drone_block_design_i/processing_system7_0/inst/PS7_i/FCLKCLK[0]
                         net (fo=1, routed)           0.310     0.310    drone_block_design_i/processing_system7_0/inst/FCLK_CLK_unbuffered[0]
    BUFGCTRL_X0Y16       BUFG (Prop_bufg_I_O)         0.026     0.336 r  drone_block_design_i/processing_system7_0/inst/buffer_fclk_clk_0.FCLK_CLK_0_BUFG/O
                         net (fo=4104, routed)        0.591     0.927    drone_block_design_i/axi_dma_0/U0/I_PRMRY_DATAMOVER/GEN_S2MM_FULL.I_S2MM_FULL_WRAPPER/I_S2MM_MMAP_SKID_BUF/m_axi_s2mm_aclk
    SLICE_X30Y49         FDRE                                         r  drone_block_design_i/axi_dma_0/U0/I_PRMRY_DATAMOVER/GEN_S2MM_FULL.I_S2MM_FULL_WRAPPER/I_S2MM_MMAP_SKID_BUF/sig_strb_skid_reg_reg[2]/C
  -------------------------------------------------------------------    -------------------
    SLICE_X30Y49         FDRE (Prop_fdre_C_Q)         0.164     1.091 r  drone_block_design_i/axi_dma_0/U0/I_PRMRY_DATAMOVER/GEN_S2MM_FULL.I_S2MM_FULL_WRAPPER/I_S2MM_MMAP_SKID_BUF/sig_strb_skid_reg_reg[2]/Q
                         net (fo=1, routed)           0.178     1.268    drone_block_design_i/axi_dma_0/U0/I_PRMRY_DATAMOVER/GEN_S2MM_FULL.I_S2MM_FULL_WRAPPER/I_WR_DATA_CNTL/Q[2]
    SLICE_X30Y50         LUT6 (Prop_lut6_I5_O)        0.045     1.313 r  drone_block_design_i/axi_dma_0/U0/I_PRMRY_DATAMOVER/GEN_S2MM_FULL.I_S2MM_FULL_WRAPPER/I_WR_DATA_CNTL/sig_strb_reg_out[2]_i_1__1/O
                         net (fo=1, routed)           0.000     1.313    drone_block_design_i/axi_dma_0/U0/I_PRMRY_DATAMOVER/GEN_S2MM_FULL.I_S2MM_FULL_WRAPPER/I_S2MM_MMAP_SKID_BUF/sig_strb_reg_out_reg[15]_0[2]
    SLICE_X30Y50         FDRE                                         r  drone_block_design_i/axi_dma_0/U0/I_PRMRY_DATAMOVER/GEN_S2MM_FULL.I_S2MM_FULL_WRAPPER/I_S2MM_MMAP_SKID_BUF/sig_strb_reg_out_reg[2]/D
  -------------------------------------------------------------------    -------------------

                         (clock clk_fpga_0 rise edge)
                                                      0.000     0.000 r  
    PS7_X0Y0             PS7                          0.000     0.000 r  drone_block_design_i/processing_system7_0/inst/PS7_i/FCLKCLK[0]
                         net (fo=1, routed)           0.337     0.337    drone_block_design_i/processing_system7_0/inst/FCLK_CLK_unbuffered[0]
    BUFGCTRL_X0Y16       BUFG (Prop_bufg_I_O)         0.029     0.366 r  drone_block_design_i/processing_system7_0/inst/buffer_fclk_clk_0.FCLK_CLK_0_BUFG/O
                         net (fo=4104, routed)        0.845     1.211    drone_block_design_i/axi_dma_0/U0/I_PRMRY_DATAMOVER/GEN_S2MM_FULL.I_S2MM_FULL_WRAPPER/I_S2MM_MMAP_SKID_BUF/m_axi_s2mm_aclk
    SLICE_X30Y50         FDRE                                         r  drone_block_design_i/axi_dma_0/U0/I_PRMRY_DATAMOVER/GEN_S2MM_FULL.I_S2MM_FULL_WRAPPER/I_S2MM_MMAP_SKID_BUF/sig_strb_reg_out_reg[2]/C
                         clock pessimism             -0.030     1.181    
    SLICE_X30Y50         FDRE (Hold_fdre_C_D)         0.120     1.301    drone_block_design_i/axi_dma_0/U0/I_PRMRY_DATAMOVER/GEN_S2MM_FULL.I_S2MM_FULL_WRAPPER/I_S2MM_MMAP_SKID_BUF/sig_strb_reg_out_reg[2]
  -------------------------------------------------------------------
                         required time                         -1.301    
                         arrival time                           1.313    
  -------------------------------------------------------------------
                         slack                                  0.012    

Slack (MET) :             0.020ns  (arrival time - required time)
  Source:                 drone_block_design_wrapper/drone_block_design/drone_block_design_axi_mem_intercon_0/s00_couplers_imp_1QUQC6S/drone_block_design_axi_mem_intercon_imp_auto_ds_0/drone_block_design_axi_mem_intercon_imp_auto_ds_0_axi_dwidth_converter_v2_1_37_top/drone_block_design_axi_mem_intercon_imp_auto_ds_0_axi_protocol_converter_v2_1_37_axi_protocol_converter/drone_block_design_axi_mem_intercon_imp_auto_ds_0_axi_protocol_converter_v2_1_37_axi3_conv/drone_block_design_axi_mem_intercon_imp_auto_ds_0_axi_protocol_converter_v2_1_37_a_axi3_conv/drone_block_design_axi_mem_intercon_imp_auto_ds_0_axi_data_fifo_v2_1_36_axic_fifo_0/drone_block_design_axi_mem_intercon_imp_auto_ds_0_axi_data_fifo_v2_1_36_fifo_gen/<hidden>/<hidden>/<hidden>/<hidden>/<hidden>/<hidden>
                            (rising edge-triggered cell FDCE clocked by clk_fpga_0  {rise@0.000ns fall@5.000ns period=10.000ns})
  Destination:            drone_block_design_wrapper/drone_block_design/drone_block_design_axi_mem_intercon_0/s00_couplers_imp_1QUQC6S/drone_block_design_axi_mem_intercon_imp_auto_ds_0/drone_block_design_axi_mem_intercon_imp_auto_ds_0_axi_dwidth_converter_v2_1_37_top/drone_block_design_axi_mem_intercon_imp_auto_ds_0_axi_protocol_converter_v2_1_37_axi_protocol_converter/drone_block_design_axi_mem_intercon_imp_auto_ds_0_axi_protocol_converter_v2_1_37_axi3_conv/drone_block_design_axi_mem_intercon_imp_auto_ds_0_axi_protocol_converter_v2_1_37_a_axi3_conv/drone_block_design_axi_mem_intercon_imp_auto_ds_0_axi_data_fifo_v2_1_36_axic_fifo_0/drone_block_design_axi_mem_intercon_imp_auto_ds_0_axi_data_fifo_v2_1_36_fifo_gen/<hidden>/<hidden>/<hidden>/<hidden>/<hidden>/<hidden>/<hidden>
                            (rising edge-triggered cell RAMD32 clocked by clk_fpga_0  {rise@0.000ns fall@5.000ns period=10.000ns})
  Path Group:             clk_fpga_0
  Path Type:              Hold (Min at Fast Process Corner)
  Requirement:            0.000ns  (clk_fpga_0 rise@0.000ns - clk_fpga_0 rise@0.000ns)
  Data Path Delay:        0.233ns  (logic 0.141ns (60.453%)  route 0.092ns (39.547%))
  Logic Levels:           0  
  Clock Path Skew:        0.013ns (DCD - SCD - CPR)
    Destination Clock Delay (DCD):    1.190ns
    Source Clock Delay      (SCD):    0.892ns
    Clock Pessimism Removal (CPR):    0.285ns

    Location             Delay type                Incr(ns)  Path(ns)    Netlist Resource(s)
  -------------------------------------------------------------------    -------------------
                         (clock clk_fpga_0 rise edge)
                                                      0.000     0.000 r  
    PS7_X0Y0             PS7                          0.000     0.000 r  drone_block_design_i/processing_system7_0/inst/PS7_i/FCLKCLK[0]
                         net (fo=1, routed)           0.310     0.310    drone_block_design_i/processing_system7_0/inst/FCLK_CLK_unbuffered[0]
    BUFGCTRL_X0Y16       BUFG (Prop_bufg_I_O)         0.026     0.336 r  drone_block_design_i/processing_system7_0/inst/buffer_fclk_clk_0.FCLK_CLK_0_BUFG/O
                         net (fo=4104, routed)        0.556     0.892    drone_block_design_wrapper/drone_block_design/drone_block_design_axi_mem_intercon_0/s00_couplers_imp_1QUQC6S/drone_block_design_axi_mem_intercon_imp_auto_ds_0/drone_block_design_axi_mem_intercon_imp_auto_ds_0_axi_dwidth_converter_v2_1_37_top/drone_block_design_axi_mem_intercon_imp_auto_ds_0_axi_protocol_converter_v2_1_37_axi_protocol_converter/drone_block_design_axi_mem_intercon_imp_auto_ds_0_axi_protocol_converter_v2_1_37_axi3_conv/drone_block_design_axi_mem_intercon_imp_auto_ds_0_axi_protocol_converter_v2_1_37_a_axi3_conv/drone_block_design_axi_mem_intercon_imp_auto_ds_0_axi_data_fifo_v2_1_36_axic_fifo_0/drone_block_design_axi_mem_intercon_imp_auto_ds_0_axi_data_fifo_v2_1_36_fifo_gen/<hidden>/<hidden>/<hidden>/<hidden>/<hidden>/<hidden>
    SLICE_X39Y56         FDCE                                         r  drone_block_design_wrapper/drone_block_design/drone_block_design_axi_mem_intercon_0/s00_couplers_imp_1QUQC6S/drone_block_design_axi_mem_intercon_imp_auto_ds_0/drone_block_design_axi_mem_intercon_imp_auto_ds_0_axi_dwidth_converter_v2_1_37_top/drone_block_design_axi_mem_intercon_imp_auto_ds_0_axi_protocol_converter_v2_1_37_axi_protocol_converter/drone_block_design_axi_mem_intercon_imp_auto_ds_0_axi_protocol_converter_v2_1_37_axi3_conv/drone_block_design_axi_mem_intercon_imp_auto_ds_0_axi_protocol_converter_v2_1_37_a_axi3_conv/drone_block_design_axi_mem_intercon_imp_auto_ds_0_axi_data_fifo_v2_1_36_axic_fifo_0/drone_block_design_axi_mem_intercon_imp_auto_ds_0_axi_data_fifo_v2_1_36_fifo_gen/<hidden>/<hidden>/<hidden>/<hidden>/<hidden>/<hidden>
  -------------------------------------------------------------------    -------------------
    SLICE_X39Y56         FDCE (Prop_fdce_C_Q)         0.141     1.033 r  drone_block_design_wrapper/drone_block_design/drone_block_design_axi_mem_intercon_0/s00_couplers_imp_1QUQC6S/drone_block_design_axi_mem_intercon_imp_auto_ds_0/drone_block_design_axi_mem_intercon_imp_auto_ds_0_axi_dwidth_converter_v2_1_37_top/drone_block_design_axi_mem_intercon_imp_auto_ds_0_axi_protocol_converter_v2_1_37_axi_protocol_converter/drone_block_design_axi_mem_intercon_imp_auto_ds_0_axi_protocol_converter_v2_1_37_axi3_conv/drone_block_design_axi_mem_intercon_imp_auto_ds_0_axi_protocol_converter_v2_1_37_a_axi3_conv/drone_block_design_axi_mem_intercon_imp_auto_ds_0_axi_data_fifo_v2_1_36_axic_fifo_0/drone_block_design_axi_mem_intercon_imp_auto_ds_0_axi_data_fifo_v2_1_36_fifo_gen/<hidden>/<hidden>/<hidden>/<hidden>/<hidden>/<hidden>
                         net (fo=10, routed)          0.092     1.125    drone_block_design_wrapper/drone_block_design/drone_block_design_axi_mem_intercon_0/s00_couplers_imp_1QUQC6S/drone_block_design_axi_mem_intercon_imp_auto_ds_0/drone_block_design_axi_mem_intercon_imp_auto_ds_0_axi_dwidth_converter_v2_1_37_top/drone_block_design_axi_mem_intercon_imp_auto_ds_0_axi_protocol_converter_v2_1_37_axi_protocol_converter/drone_block_design_axi_mem_intercon_imp_auto_ds_0_axi_protocol_converter_v2_1_37_axi3_conv/drone_block_design_axi_mem_intercon_imp_auto_ds_0_axi_protocol_converter_v2_1_37_a_axi3_conv/drone_block_design_axi_mem_intercon_imp_auto_ds_0_axi_data_fifo_v2_1_36_axic_fifo_0/drone_block_design_axi_mem_intercon_imp_auto_ds_0_axi_data_fifo_v2_1_36_fifo_gen/<hidden>/<hidden>/<hidden>/<hidden>/<hidden>/<hidden>/<hidden>
    SLICE_X38Y56         RAMD32                                       r  drone_block_design_wrapper/drone_block_design/drone_block_design_axi_mem_intercon_0/s00_couplers_imp_1QUQC6S/drone_block_design_axi_mem_intercon_imp_auto_ds_0/drone_block_design_axi_mem_intercon_imp_auto_ds_0_axi_dwidth_converter_v2_1_37_top/drone_block_design_axi_mem_intercon_imp_auto_ds_0_axi_protocol_converter_v2_1_37_axi_protocol_converter/drone_block_design_axi_mem_intercon_imp_auto_ds_0_axi_protocol_converter_v2_1_37_axi3_conv/drone_block_design_axi_mem_intercon_imp_auto_ds_0_axi_protocol_converter_v2_1_37_a_axi3_conv/drone_block_design_axi_mem_intercon_imp_auto_ds_0_axi_data_fifo_v2_1_36_axic_fifo_0/drone_block_design_axi_mem_intercon_imp_auto_ds_0_axi_data_fifo_v2_1_36_fifo_gen/<hidden>/<hidden>/<hidden>/<hidden>/<hidden>/<hidden>/<hidden>
  -------------------------------------------------------------------    -------------------

                         (clock clk_fpga_0 rise edge)
                                                      0.000     0.000 r  
    PS7_X0Y0             PS7                          0.000     0.000 r  drone_block_design_i/processing_system7_0/inst/PS7_i/FCLKCLK[0]
                         net (fo=1, routed)           0.337     0.337    drone_block_design_i/processing_system7_0/inst/FCLK_CLK_unbuffered[0]
    BUFGCTRL_X0Y16       BUFG (Prop_bufg_I_O)         0.029     0.366 r  drone_block_design_i/processing_system7_0/inst/buffer_fclk_clk_0.FCLK_CLK_0_BUFG/O
                         net (fo=4104, routed)        0.824     1.190    drone_block_design_wrapper/drone_block_design/drone_block_design_axi_mem_intercon_0/s00_couplers_imp_1QUQC6S/drone_block_design_axi_mem_intercon_imp_auto_ds_0/drone_block_design_axi_mem_intercon_imp_auto_ds_0_axi_dwidth_converter_v2_1_37_top/drone_block_design_axi_mem_intercon_imp_auto_ds_0_axi_protocol_converter_v2_1_37_axi_protocol_converter/drone_block_design_axi_mem_intercon_imp_auto_ds_0_axi_protocol_converter_v2_1_37_axi3_conv/drone_block_design_axi_mem_intercon_imp_auto_ds_0_axi_protocol_converter_v2_1_37_a_axi3_conv/drone_block_design_axi_mem_intercon_imp_auto_ds_0_axi_data_fifo_v2_1_36_axic_fifo_0/drone_block_design_axi_mem_intercon_imp_auto_ds_0_axi_data_fifo_v2_1_36_fifo_gen/<hidden>/<hidden>/<hidden>/<hidden>/<hidden>/<hidden>/<hidden>
    SLICE_X38Y56         RAMD32                                       r  drone_block_design_wrapper/drone_block_design/drone_block_design_axi_mem_intercon_0/s00_couplers_imp_1QUQC6S/drone_block_design_axi_mem_intercon_imp_auto_ds_0/drone_block_design_axi_mem_intercon_imp_auto_ds_0_axi_dwidth_converter_v2_1_37_top/drone_block_design_axi_mem_intercon_imp_auto_ds_0_axi_protocol_converter_v2_1_37_axi_protocol_converter/drone_block_design_axi_mem_intercon_imp_auto_ds_0_axi_protocol_converter_v2_1_37_axi3_conv/drone_block_design_axi_mem_intercon_imp_auto_ds_0_axi_protocol_converter_v2_1_37_a_axi3_conv/drone_block_design_axi_mem_intercon_imp_auto_ds_0_axi_data_fifo_v2_1_36_axic_fifo_0/drone_block_design_axi_mem_intercon_imp_auto_ds_0_axi_data_fifo_v2_1_36_fifo_gen/<hidden>/<hidden>/<hidden>/<hidden>/<hidden>/<hidden>/<hidden>
                         clock pessimism             -0.285     0.905    
    SLICE_X38Y56         RAMD32 (Hold_ramd32_CLK_WADR4)
                                                      0.200     1.105    drone_block_design_wrapper/drone_block_design/drone_block_design_axi_mem_intercon_0/s00_couplers_imp_1QUQC6S/drone_block_design_axi_mem_intercon_imp_auto_ds_0/drone_block_design_axi_mem_intercon_imp_auto_ds_0_axi_dwidth_converter_v2_1_37_top/drone_block_design_axi_mem_intercon_imp_auto_ds_0_axi_protocol_converter_v2_1_37_axi_protocol_converter/drone_block_design_axi_mem_intercon_imp_auto_ds_0_axi_protocol_converter_v2_1_37_axi3_conv/drone_block_design_axi_mem_intercon_imp_auto_ds_0_axi_protocol_converter_v2_1_37_a_axi3_conv/drone_block_design_axi_mem_intercon_imp_auto_ds_0_axi_data_fifo_v2_1_36_axic_fifo_0/drone_block_design_axi_mem_intercon_imp_auto_ds_0_axi_data_fifo_v2_1_36_fifo_gen/<hidden>/<hidden>/<hidden>/<hidden>/<hidden>/<hidden>/<hidden>
  -------------------------------------------------------------------
                         required time                         -1.105    
                         arrival time                           1.125    
  -------------------------------------------------------------------
                         slack                                  0.020    

Slack (MET) :             0.020ns  (arrival time - required time)
  Source:                 drone_block_design_wrapper/drone_block_design/drone_block_design_axi_mem_intercon_0/s00_couplers_imp_1QUQC6S/drone_block_design_axi_mem_intercon_imp_auto_ds_0/drone_block_design_axi_mem_intercon_imp_auto_ds_0_axi_dwidth_converter_v2_1_37_top/drone_block_design_axi_mem_intercon_imp_auto_ds_0_axi_protocol_converter_v2_1_37_axi_protocol_converter/drone_block_design_axi_mem_intercon_imp_auto_ds_0_axi_protocol_converter_v2_1_37_axi3_conv/drone_block_design_axi_mem_intercon_imp_auto_ds_0_axi_protocol_converter_v2_1_37_a_axi3_conv/drone_block_design_axi_mem_intercon_imp_auto_ds_0_axi_data_fifo_v2_1_36_axic_fifo_0/drone_block_design_axi_mem_intercon_imp_auto_ds_0_axi_data_fifo_v2_1_36_fifo_gen/<hidden>/<hidden>/<hidden>/<hidden>/<hidden>/<hidden>
                            (rising edge-triggered cell FDCE clocked by clk_fpga_0  {rise@0.000ns fall@5.000ns period=10.000ns})
  Destination:            drone_block_design_wrapper/drone_block_design/drone_block_design_axi_mem_intercon_0/s00_couplers_imp_1QUQC6S/drone_block_design_axi_mem_intercon_imp_auto_ds_0/drone_block_design_axi_mem_intercon_imp_auto_ds_0_axi_dwidth_converter_v2_1_37_top/drone_block_design_axi_mem_intercon_imp_auto_ds_0_axi_protocol_converter_v2_1_37_axi_protocol_converter/drone_block_design_axi_mem_intercon_imp_auto_ds_0_axi_protocol_converter_v2_1_37_axi3_conv/drone_block_design_axi_mem_intercon_imp_auto_ds_0_axi_protocol_converter_v2_1_37_a_axi3_conv/drone_block_design_axi_mem_intercon_imp_auto_ds_0_axi_data_fifo_v2_1_36_axic_fifo_0/drone_block_design_axi_mem_intercon_imp_auto_ds_0_axi_data_fifo_v2_1_36_fifo_gen/<hidden>/<hidden>/<hidden>/<hidden>/<hidden>/<hidden>/<hidden>
                            (rising edge-triggered cell RAMD32 clocked by clk_fpga_0  {rise@0.000ns fall@5.000ns period=10.000ns})
  Path Group:             clk_fpga_0
  Path Type:              Hold (Min at Fast Process Corner)
  Requirement:            0.000ns  (clk_fpga_0 rise@0.000ns - clk_fpga_0 rise@0.000ns)
  Data Path Delay:        0.233ns  (logic 0.141ns (60.453%)  route 0.092ns (39.547%))
  Logic Levels:           0  
  Clock Path Skew:        0.013ns (DCD - SCD - CPR)
    Destination Clock Delay (DCD):    1.190ns
    Source Clock Delay      (SCD):    0.892ns
    Clock Pessimism Removal (CPR):    0.285ns

    Location             Delay type                Incr(ns)  Path(ns)    Netlist Resource(s)
  -------------------------------------------------------------------    -------------------
                         (clock clk_fpga_0 rise edge)
                                                      0.000     0.000 r  
    PS7_X0Y0             PS7                          0.000     0.000 r  drone_block_design_i/processing_system7_0/inst/PS7_i/FCLKCLK[0]
                         net (fo=1, routed)           0.310     0.310    drone_block_design_i/processing_system7_0/inst/FCLK_CLK_unbuffered[0]
    BUFGCTRL_X0Y16       BUFG (Prop_bufg_I_O)         0.026     0.336 r  drone_block_design_i/processing_system7_0/inst/buffer_fclk_clk_0.FCLK_CLK_0_BUFG/O
                         net (fo=4104, routed)        0.556     0.892    drone_block_design_wrapper/drone_block_design/drone_block_design_axi_mem_intercon_0/s00_couplers_imp_1QUQC6S/drone_block_design_axi_mem_intercon_imp_auto_ds_0/drone_block_design_axi_mem_intercon_imp_auto_ds_0_axi_dwidth_converter_v2_1_37_top/drone_block_design_axi_mem_intercon_imp_auto_ds_0_axi_protocol_converter_v2_1_37_axi_protocol_converter/drone_block_design_axi_mem_intercon_imp_auto_ds_0_axi_protocol_converter_v2_1_37_axi3_conv/drone_block_design_axi_mem_intercon_imp_auto_ds_0_axi_protocol_converter_v2_1_37_a_axi3_conv/drone_block_design_axi_mem_intercon_imp_auto_ds_0_axi_data_fifo_v2_1_36_axic_fifo_0/drone_block_design_axi_mem_intercon_imp_auto_ds_0_axi_data_fifo_v2_1_36_fifo_gen/<hidden>/<hidden>/<hidden>/<hidden>/<hidden>/<hidden>
    SLICE_X39Y56         FDCE                                         r  drone_block_design_wrapper/drone_block_design/drone_block_design_axi_mem_intercon_0/s00_couplers_imp_1QUQC6S/drone_block_design_axi_mem_intercon_imp_auto_ds_0/drone_block_design_axi_mem_intercon_imp_auto_ds_0_axi_dwidth_converter_v2_1_37_top/drone_block_design_axi_mem_intercon_imp_auto_ds_0_axi_protocol_converter_v2_1_37_axi_protocol_converter/drone_block_design_axi_mem_intercon_imp_auto_ds_0_axi_protocol_converter_v2_1_37_axi3_conv/drone_block_design_axi_mem_intercon_imp_auto_ds_0_axi_protocol_converter_v2_1_37_a_axi3_conv/drone_block_design_axi_mem_intercon_imp_auto_ds_0_axi_data_fifo_v2_1_36_axic_fifo_0/drone_block_design_axi_mem_intercon_imp_auto_ds_0_axi_data_fifo_v2_1_36_fifo_gen/<hidden>/<hidden>/<hidden>/<hidden>/<hidden>/<hidden>
  -------------------------------------------------------------------    -------------------
    SLICE_X39Y56         FDCE (Prop_fdce_C_Q)         0.141     1.033 r  drone_block_design_wrapper/drone_block_design/drone_block_design_axi_mem_intercon_0/s00_couplers_imp_1QUQC6S/drone_block_design_axi_mem_intercon_imp_auto_ds_0/drone_block_design_axi_mem_intercon_imp_auto_ds_0_axi_dwidth_converter_v2_1_37_top/drone_block_design_axi_mem_intercon_imp_auto_ds_0_axi_protocol_converter_v2_1_37_axi_protocol_converter/drone_block_design_axi_mem_intercon_imp_auto_ds_0_axi_protocol_converter_v2_1_37_axi3_conv/drone_block_design_axi_mem_intercon_imp_auto_ds_0_axi_protocol_converter_v2_1_37_a_axi3_conv/drone_block_design_axi_mem_intercon_imp_auto_ds_0_axi_data_fifo_v2_1_36_axic_fifo_0/drone_block_design_axi_mem_intercon_imp_auto_ds_0_axi_data_fifo_v2_1_36_fifo_gen/<hidden>/<hidden>/<hidden>/<hidden>/<hidden>/<hidden>
                         net (fo=10, routed)          0.092     1.125    drone_block_design_wrapper/drone_block_design/drone_block_design_axi_mem_intercon_0/s00_couplers_imp_1QUQC6S/drone_block_design_axi_mem_intercon_imp_auto_ds_0/drone_block_design_axi_mem_intercon_imp_auto_ds_0_axi_dwidth_converter_v2_1_37_top/drone_block_design_axi_mem_intercon_imp_auto_ds_0_axi_protocol_converter_v2_1_37_axi_protocol_converter/drone_block_design_axi_mem_intercon_imp_auto_ds_0_axi_protocol_converter_v2_1_37_axi3_conv/drone_block_design_axi_mem_intercon_imp_auto_ds_0_axi_protocol_converter_v2_1_37_a_axi3_conv/drone_block_design_axi_mem_intercon_imp_auto_ds_0_axi_data_fifo_v2_1_36_axic_fifo_0/drone_block_design_axi_mem_intercon_imp_auto_ds_0_axi_data_fifo_v2_1_36_fifo_gen/<hidden>/<hidden>/<hidden>/<hidden>/<hidden>/<hidden>/<hidden>
    SLICE_X38Y56         RAMD32                                       r  drone_block_design_wrapper/drone_block_design/drone_block_design_axi_mem_intercon_0/s00_couplers_imp_1QUQC6S/drone_block_design_axi_mem_intercon_imp_auto_ds_0/drone_block_design_axi_mem_intercon_imp_auto_ds_0_axi_dwidth_converter_v2_1_37_top/drone_block_design_axi_mem_intercon_imp_auto_ds_0_axi_protocol_converter_v2_1_37_axi_protocol_converter/drone_block_design_axi_mem_intercon_imp_auto_ds_0_axi_protocol_converter_v2_1_37_axi3_conv/drone_block_design_axi_mem_intercon_imp_auto_ds_0_axi_protocol_converter_v2_1_37_a_axi3_conv/drone_block_design_axi_mem_intercon_imp_auto_ds_0_axi_data_fifo_v2_1_36_axic_fifo_0/drone_block_design_axi_mem_intercon_imp_auto_ds_0_axi_data_fifo_v2_1_36_fifo_gen/<hidden>/<hidden>/<hidden>/<hidden>/<hidden>/<hidden>/<hidden>
  -------------------------------------------------------------------    -------------------

                         (clock clk_fpga_0 rise edge)
                                                      0.000     0.000 r  
    PS7_X0Y0             PS7                          0.000     0.000 r  drone_block_design_i/processing_system7_0/inst/PS7_i/FCLKCLK[0]
                         net (fo=1, routed)           0.337     0.337    drone_block_design_i/processing_system7_0/inst/FCLK_CLK_unbuffered[0]
    BUFGCTRL_X0Y16       BUFG (Prop_bufg_I_O)         0.029     0.366 r  drone_block_design_i/processing_system7_0/inst/buffer_fclk_clk_0.FCLK_CLK_0_BUFG/O
                         net (fo=4104, routed)        0.824     1.190    drone_block_design_wrapper/drone_block_design/drone_block_design_axi_mem_intercon_0/s00_couplers_imp_1QUQC6S/drone_block_design_axi_mem_intercon_imp_auto_ds_0/drone_block_design_axi_mem_intercon_imp_auto_ds_0_axi_dwidth_converter_v2_1_37_top/drone_block_design_axi_mem_intercon_imp_auto_ds_0_axi_protocol_converter_v2_1_37_axi_protocol_converter/drone_block_design_axi_mem_intercon_imp_auto_ds_0_axi_protocol_converter_v2_1_37_axi3_conv/drone_block_design_axi_mem_intercon_imp_auto_ds_0_axi_protocol_converter_v2_1_37_a_axi3_conv/drone_block_design_axi_mem_intercon_imp_auto_ds_0_axi_data_fifo_v2_1_36_axic_fifo_0/drone_block_design_axi_mem_intercon_imp_auto_ds_0_axi_data_fifo_v2_1_36_fifo_gen/<hidden>/<hidden>/<hidden>/<hidden>/<hidden>/<hidden>/<hidden>
    SLICE_X38Y56         RAMD32                                       r  drone_block_design_wrapper/drone_block_design/drone_block_design_axi_mem_intercon_0/s00_couplers_imp_1QUQC6S/drone_block_design_axi_mem_intercon_imp_auto_ds_0/drone_block_design_axi_mem_intercon_imp_auto_ds_0_axi_dwidth_converter_v2_1_37_top/drone_block_design_axi_mem_intercon_imp_auto_ds_0_axi_protocol_converter_v2_1_37_axi_protocol_converter/drone_block_design_axi_mem_intercon_imp_auto_ds_0_axi_protocol_converter_v2_1_37_axi3_conv/drone_block_design_axi_mem_intercon_imp_auto_ds_0_axi_protocol_converter_v2_1_37_a_axi3_conv/drone_block_design_axi_mem_intercon_imp_auto_ds_0_axi_data_fifo_v2_1_36_axic_fifo_0/drone_block_design_axi_mem_intercon_imp_auto_ds_0_axi_data_fifo_v2_1_36_fifo_gen/<hidden>/<hidden>/<hidden>/<hidden>/<hidden>/<hidden>/<hidden>
                         clock pessimism             -0.285     0.905    
    SLICE_X38Y56         RAMD32 (Hold_ramd32_CLK_WADR4)
                                                      0.200     1.105    drone_block_design_wrapper/drone_block_design/drone_block_design_axi_mem_intercon_0/s00_couplers_imp_1QUQC6S/drone_block_design_axi_mem_intercon_imp_auto_ds_0/drone_block_design_axi_mem_intercon_imp_auto_ds_0_axi_dwidth_converter_v2_1_37_top/drone_block_design_axi_mem_intercon_imp_auto_ds_0_axi_protocol_converter_v2_1_37_axi_protocol_converter/drone_block_design_axi_mem_intercon_imp_auto_ds_0_axi_protocol_converter_v2_1_37_axi3_conv/drone_block_design_axi_mem_intercon_imp_auto_ds_0_axi_protocol_converter_v2_1_37_a_axi3_conv/drone_block_design_axi_mem_intercon_imp_auto_ds_0_axi_data_fifo_v2_1_36_axic_fifo_0/drone_block_design_axi_mem_intercon_imp_auto_ds_0_axi_data_fifo_v2_1_36_fifo_gen/<hidden>/<hidden>/<hidden>/<hidden>/<hidden>/<hidden>/<hidden>
  -------------------------------------------------------------------
                         required time                         -1.105    
                         arrival time                           1.125    
  -------------------------------------------------------------------
                         slack                                  0.020    

Slack (MET) :             0.020ns  (arrival time - required time)
  Source:                 drone_block_design_wrapper/drone_block_design/drone_block_design_axi_mem_intercon_0/s00_couplers_imp_1QUQC6S/drone_block_design_axi_mem_intercon_imp_auto_ds_0/drone_block_design_axi_mem_intercon_imp_auto_ds_0_axi_dwidth_converter_v2_1_37_top/drone_block_design_axi_mem_intercon_imp_auto_ds_0_axi_protocol_converter_v2_1_37_axi_protocol_converter/drone_block_design_axi_mem_intercon_imp_auto_ds_0_axi_protocol_converter_v2_1_37_axi3_conv/drone_block_design_axi_mem_intercon_imp_auto_ds_0_axi_protocol_converter_v2_1_37_a_axi3_conv/drone_block_design_axi_mem_intercon_imp_auto_ds_0_axi_data_fifo_v2_1_36_axic_fifo_0/drone_block_design_axi_mem_intercon_imp_auto_ds_0_axi_data_fifo_v2_1_36_fifo_gen/<hidden>/<hidden>/<hidden>/<hidden>/<hidden>/<hidden>
                            (rising edge-triggered cell FDCE clocked by clk_fpga_0  {rise@0.000ns fall@5.000ns period=10.000ns})
  Destination:            drone_block_design_wrapper/drone_block_design/drone_block_design_axi_mem_intercon_0/s00_couplers_imp_1QUQC6S/drone_block_design_axi_mem_intercon_imp_auto_ds_0/drone_block_design_axi_mem_intercon_imp_auto_ds_0_axi_dwidth_converter_v2_1_37_top/drone_block_design_axi_mem_intercon_imp_auto_ds_0_axi_protocol_converter_v2_1_37_axi_protocol_converter/drone_block_design_axi_mem_intercon_imp_auto_ds_0_axi_protocol_converter_v2_1_37_axi3_conv/drone_block_design_axi_mem_intercon_imp_auto_ds_0_axi_protocol_converter_v2_1_37_a_axi3_conv/drone_block_design_axi_mem_intercon_imp_auto_ds_0_axi_data_fifo_v2_1_36_axic_fifo_0/drone_block_design_axi_mem_intercon_imp_auto_ds_0_axi_data_fifo_v2_1_36_fifo_gen/<hidden>/<hidden>/<hidden>/<hidden>/<hidden>/<hidden>/<hidden>
                            (rising edge-triggered cell RAMD32 clocked by clk_fpga_0  {rise@0.000ns fall@5.000ns period=10.000ns})
  Path Group:             clk_fpga_0
  Path Type:              Hold (Min at Fast Process Corner)
  Requirement:            0.000ns  (clk_fpga_0 rise@0.000ns - clk_fpga_0 rise@0.000ns)
  Data Path Delay:        0.233ns  (logic 0.141ns (60.453%)  route 0.092ns (39.547%))
  Logic Levels:           0  
  Clock Path Skew:        0.013ns (DCD - SCD - CPR)
    Destination Clock Delay (DCD):    1.190ns
    Source Clock Delay      (SCD):    0.892ns
    Clock Pessimism Removal (CPR):    0.285ns

    Location             Delay type                Incr(ns)  Path(ns)    Netlist Resource(s)
  -------------------------------------------------------------------    -------------------
                         (clock clk_fpga_0 rise edge)
                                                      0.000     0.000 r  
    PS7_X0Y0             PS7                          0.000     0.000 r  drone_block_design_i/processing_system7_0/inst/PS7_i/FCLKCLK[0]
                         net (fo=1, routed)           0.310     0.310    drone_block_design_i/processing_system7_0/inst/FCLK_CLK_unbuffered[0]
    BUFGCTRL_X0Y16       BUFG (Prop_bufg_I_O)         0.026     0.336 r  drone_block_design_i/processing_system7_0/inst/buffer_fclk_clk_0.FCLK_CLK_0_BUFG/O
                         net (fo=4104, routed)        0.556     0.892    drone_block_design_wrapper/drone_block_design/drone_block_design_axi_mem_intercon_0/s00_couplers_imp_1QUQC6S/drone_block_design_axi_mem_intercon_imp_auto_ds_0/drone_block_design_axi_mem_intercon_imp_auto_ds_0_axi_dwidth_converter_v2_1_37_top/drone_block_design_axi_mem_intercon_imp_auto_ds_0_axi_protocol_converter_v2_1_37_axi_protocol_converter/drone_block_design_axi_mem_intercon_imp_auto_ds_0_axi_protocol_converter_v2_1_37_axi3_conv/drone_block_design_axi_mem_intercon_imp_auto_ds_0_axi_protocol_converter_v2_1_37_a_axi3_conv/drone_block_design_axi_mem_intercon_imp_auto_ds_0_axi_data_fifo_v2_1_36_axic_fifo_0/drone_block_design_axi_mem_intercon_imp_auto_ds_0_axi_data_fifo_v2_1_36_fifo_gen/<hidden>/<hidden>/<hidden>/<hidden>/<hidden>/<hidden>
    SLICE_X39Y56         FDCE                                         r  drone_block_design_wrapper/drone_block_design/drone_block_design_axi_mem_intercon_0/s00_couplers_imp_1QUQC6S/drone_block_design_axi_mem_intercon_imp_auto_ds_0/drone_block_design_axi_mem_intercon_imp_auto_ds_0_axi_dwidth_converter_v2_1_37_top/drone_block_design_axi_mem_intercon_imp_auto_ds_0_axi_protocol_converter_v2_1_37_axi_protocol_converter/drone_block_design_axi_mem_intercon_imp_auto_ds_0_axi_protocol_converter_v2_1_37_axi3_conv/drone_block_design_axi_mem_intercon_imp_auto_ds_0_axi_protocol_converter_v2_1_37_a_axi3_conv/drone_block_design_axi_mem_intercon_imp_auto_ds_0_axi_data_fifo_v2_1_36_axic_fifo_0/drone_block_design_axi_mem_intercon_imp_auto_ds_0_axi_data_fifo_v2_1_36_fifo_gen/<hidden>/<hidden>/<hidden>/<hidden>/<hidden>/<hidden>
  -------------------------------------------------------------------    -------------------
    SLICE_X39Y56         FDCE (Prop_fdce_C_Q)         0.141     1.033 r  drone_block_design_wrapper/drone_block_design/drone_block_design_axi_mem_intercon_0/s00_couplers_imp_1QUQC6S/drone_block_design_axi_mem_intercon_imp_auto_ds_0/drone_block_design_axi_mem_intercon_imp_auto_ds_0_axi_dwidth_converter_v2_1_37_top/drone_block_design_axi_mem_intercon_imp_auto_ds_0_axi_protocol_converter_v2_1_37_axi_protocol_converter/drone_block_design_axi_mem_intercon_imp_auto_ds_0_axi_protocol_converter_v2_1_37_axi3_conv/drone_block_design_axi_mem_intercon_imp_auto_ds_0_axi_protocol_converter_v2_1_37_a_axi3_conv/drone_block_design_axi_mem_intercon_imp_auto_ds_0_axi_data_fifo_v2_1_36_axic_fifo_0/drone_block_design_axi_mem_intercon_imp_auto_ds_0_axi_data_fifo_v2_1_36_fifo_gen/<hidden>/<hidden>/<hidden>/<hidden>/<hidden>/<hidden>
                         net (fo=10, routed)          0.092     1.125    drone_block_design_wrapper/drone_block_design/drone_block_design_axi_mem_intercon_0/s00_couplers_imp_1QUQC6S/drone_block_design_axi_mem_intercon_imp_auto_ds_0/drone_block_design_axi_mem_intercon_imp_auto_ds_0_axi_dwidth_converter_v2_1_37_top/drone_block_design_axi_mem_intercon_imp_auto_ds_0_axi_protocol_converter_v2_1_37_axi_protocol_converter/drone_block_design_axi_mem_intercon_imp_auto_ds_0_axi_protocol_converter_v2_1_37_axi3_conv/drone_block_design_axi_mem_intercon_imp_auto_ds_0_axi_protocol_converter_v2_1_37_a_axi3_conv/drone_block_design_axi_mem_intercon_imp_auto_ds_0_axi_data_fifo_v2_1_36_axic_fifo_0/drone_block_design_axi_mem_intercon_imp_auto_ds_0_axi_data_fifo_v2_1_36_fifo_gen/<hidden>/<hidden>/<hidden>/<hidden>/<hidden>/<hidden>/<hidden>
    SLICE_X38Y56         RAMD32                                       r  drone_block_design_wrapper/drone_block_design/drone_block_design_axi_mem_intercon_0/s00_couplers_imp_1QUQC6S/drone_block_design_axi_mem_intercon_imp_auto_ds_0/drone_block_design_axi_mem_intercon_imp_auto_ds_0_axi_dwidth_converter_v2_1_37_top/drone_block_design_axi_mem_intercon_imp_auto_ds_0_axi_protocol_converter_v2_1_37_axi_protocol_converter/drone_block_design_axi_mem_intercon_imp_auto_ds_0_axi_protocol_converter_v2_1_37_axi3_conv/drone_block_design_axi_mem_intercon_imp_auto_ds_0_axi_protocol_converter_v2_1_37_a_axi3_conv/drone_block_design_axi_mem_intercon_imp_auto_ds_0_axi_data_fifo_v2_1_36_axic_fifo_0/drone_block_design_axi_mem_intercon_imp_auto_ds_0_axi_data_fifo_v2_1_36_fifo_gen/<hidden>/<hidden>/<hidden>/<hidden>/<hidden>/<hidden>/<hidden>
  -------------------------------------------------------------------    -------------------

                         (clock clk_fpga_0 rise edge)
                                                      0.000     0.000 r  
    PS7_X0Y0             PS7                          0.000     0.000 r  drone_block_design_i/processing_system7_0/inst/PS7_i/FCLKCLK[0]
                         net (fo=1, routed)           0.337     0.337    drone_block_design_i/processing_system7_0/inst/FCLK_CLK_unbuffered[0]
    BUFGCTRL_X0Y16       BUFG (Prop_bufg_I_O)         0.029     0.366 r  drone_block_design_i/processing_system7_0/inst/buffer_fclk_clk_0.FCLK_CLK_0_BUFG/O
                         net (fo=4104, routed)        0.824     1.190    drone_block_design_wrapper/drone_block_design/drone_block_design_axi_mem_intercon_0/s00_couplers_imp_1QUQC6S/drone_block_design_axi_mem_intercon_imp_auto_ds_0/drone_block_design_axi_mem_intercon_imp_auto_ds_0_axi_dwidth_converter_v2_1_37_top/drone_block_design_axi_mem_intercon_imp_auto_ds_0_axi_protocol_converter_v2_1_37_axi_protocol_converter/drone_block_design_axi_mem_intercon_imp_auto_ds_0_axi_protocol_converter_v2_1_37_axi3_conv/drone_block_design_axi_mem_intercon_imp_auto_ds_0_axi_protocol_converter_v2_1_37_a_axi3_conv/drone_block_design_axi_mem_intercon_imp_auto_ds_0_axi_data_fifo_v2_1_36_axic_fifo_0/drone_block_design_axi_mem_intercon_imp_auto_ds_0_axi_data_fifo_v2_1_36_fifo_gen/<hidden>/<hidden>/<hidden>/<hidden>/<hidden>/<hidden>/<hidden>
    SLICE_X38Y56         RAMD32                                       r  drone_block_design_wrapper/drone_block_design/drone_block_design_axi_mem_intercon_0/s00_couplers_imp_1QUQC6S/drone_block_design_axi_mem_intercon_imp_auto_ds_0/drone_block_design_axi_mem_intercon_imp_auto_ds_0_axi_dwidth_converter_v2_1_37_top/drone_block_design_axi_mem_intercon_imp_auto_ds_0_axi_protocol_converter_v2_1_37_axi_protocol_converter/drone_block_design_axi_mem_intercon_imp_auto_ds_0_axi_protocol_converter_v2_1_37_axi3_conv/drone_block_design_axi_mem_intercon_imp_auto_ds_0_axi_protocol_converter_v2_1_37_a_axi3_conv/drone_block_design_axi_mem_intercon_imp_auto_ds_0_axi_data_fifo_v2_1_36_axic_fifo_0/drone_block_design_axi_mem_intercon_imp_auto_ds_0_axi_data_fifo_v2_1_36_fifo_gen/<hidden>/<hidden>/<hidden>/<hidden>/<hidden>/<hidden>/<hidden>
                         clock pessimism             -0.285     0.905    
    SLICE_X38Y56         RAMD32 (Hold_ramd32_CLK_WADR4)
                                                      0.200     1.105    drone_block_design_wrapper/drone_block_design/drone_block_design_axi_mem_intercon_0/s00_couplers_imp_1QUQC6S/drone_block_design_axi_mem_intercon_imp_auto_ds_0/drone_block_design_axi_mem_intercon_imp_auto_ds_0_axi_dwidth_converter_v2_1_37_top/drone_block_design_axi_mem_intercon_imp_auto_ds_0_axi_protocol_converter_v2_1_37_axi_protocol_converter/drone_block_design_axi_mem_intercon_imp_auto_ds_0_axi_protocol_converter_v2_1_37_axi3_conv/drone_block_design_axi_mem_intercon_imp_auto_ds_0_axi_protocol_converter_v2_1_37_a_axi3_conv/drone_block_design_axi_mem_intercon_imp_auto_ds_0_axi_data_fifo_v2_1_36_axic_fifo_0/drone_block_design_axi_mem_intercon_imp_auto_ds_0_axi_data_fifo_v2_1_36_fifo_gen/<hidden>/<hidden>/<hidden>/<hidden>/<hidden>/<hidden>/<hidden>
  -------------------------------------------------------------------
                         required time                         -1.105    
                         arrival time                           1.125    
  -------------------------------------------------------------------
                         slack                                  0.020    

Slack (MET) :             0.020ns  (arrival time - required time)
  Source:                 drone_block_design_wrapper/drone_block_design/drone_block_design_axi_mem_intercon_0/s00_couplers_imp_1QUQC6S/drone_block_design_axi_mem_intercon_imp_auto_ds_0/drone_block_design_axi_mem_intercon_imp_auto_ds_0_axi_dwidth_converter_v2_1_37_top/drone_block_design_axi_mem_intercon_imp_auto_ds_0_axi_protocol_converter_v2_1_37_axi_protocol_converter/drone_block_design_axi_mem_intercon_imp_auto_ds_0_axi_protocol_converter_v2_1_37_axi3_conv/drone_block_design_axi_mem_intercon_imp_auto_ds_0_axi_protocol_converter_v2_1_37_a_axi3_conv/drone_block_design_axi_mem_intercon_imp_auto_ds_0_axi_data_fifo_v2_1_36_axic_fifo_0/drone_block_design_axi_mem_intercon_imp_auto_ds_0_axi_data_fifo_v2_1_36_fifo_gen/<hidden>/<hidden>/<hidden>/<hidden>/<hidden>/<hidden>
                            (rising edge-triggered cell FDCE clocked by clk_fpga_0  {rise@0.000ns fall@5.000ns period=10.000ns})
  Destination:            drone_block_design_wrapper/drone_block_design/drone_block_design_axi_mem_intercon_0/s00_couplers_imp_1QUQC6S/drone_block_design_axi_mem_intercon_imp_auto_ds_0/drone_block_design_axi_mem_intercon_imp_auto_ds_0_axi_dwidth_converter_v2_1_37_top/drone_block_design_axi_mem_intercon_imp_auto_ds_0_axi_protocol_converter_v2_1_37_axi_protocol_converter/drone_block_design_axi_mem_intercon_imp_auto_ds_0_axi_protocol_converter_v2_1_37_axi3_conv/drone_block_design_axi_mem_intercon_imp_auto_ds_0_axi_protocol_converter_v2_1_37_a_axi3_conv/drone_block_design_axi_mem_intercon_imp_auto_ds_0_axi_data_fifo_v2_1_36_axic_fifo_0/drone_block_design_axi_mem_intercon_imp_auto_ds_0_axi_data_fifo_v2_1_36_fifo_gen/<hidden>/<hidden>/<hidden>/<hidden>/<hidden>/<hidden>/<hidden>
                            (rising edge-triggered cell RAMD32 clocked by clk_fpga_0  {rise@0.000ns fall@5.000ns period=10.000ns})
  Path Group:             clk_fpga_0
  Path Type:              Hold (Min at Fast Process Corner)
  Requirement:            0.000ns  (clk_fpga_0 rise@0.000ns - clk_fpga_0 rise@0.000ns)
  Data Path Delay:        0.233ns  (logic 0.141ns (60.453%)  route 0.092ns (39.547%))
  Logic Levels:           0  
  Clock Path Skew:        0.013ns (DCD - SCD - CPR)
    Destination Clock Delay (DCD):    1.190ns
    Source Clock Delay      (SCD):    0.892ns
    Clock Pessimism Removal (CPR):    0.285ns

    Location             Delay type                Incr(ns)  Path(ns)    Netlist Resource(s)
  -------------------------------------------------------------------    -------------------
                         (clock clk_fpga_0 rise edge)
                                                      0.000     0.000 r  
    PS7_X0Y0             PS7                          0.000     0.000 r  drone_block_design_i/processing_system7_0/inst/PS7_i/FCLKCLK[0]
                         net (fo=1, routed)           0.310     0.310    drone_block_design_i/processing_system7_0/inst/FCLK_CLK_unbuffered[0]
    BUFGCTRL_X0Y16       BUFG (Prop_bufg_I_O)         0.026     0.336 r  drone_block_design_i/processing_system7_0/inst/buffer_fclk_clk_0.FCLK_CLK_0_BUFG/O
                         net (fo=4104, routed)        0.556     0.892    drone_block_design_wrapper/drone_block_design/drone_block_design_axi_mem_intercon_0/s00_couplers_imp_1QUQC6S/drone_block_design_axi_mem_intercon_imp_auto_ds_0/drone_block_design_axi_mem_intercon_imp_auto_ds_0_axi_dwidth_converter_v2_1_37_top/drone_block_design_axi_mem_intercon_imp_auto_ds_0_axi_protocol_converter_v2_1_37_axi_protocol_converter/drone_block_design_axi_mem_intercon_imp_auto_ds_0_axi_protocol_converter_v2_1_37_axi3_conv/drone_block_design_axi_mem_intercon_imp_auto_ds_0_axi_protocol_converter_v2_1_37_a_axi3_conv/drone_block_design_axi_mem_intercon_imp_auto_ds_0_axi_data_fifo_v2_1_36_axic_fifo_0/drone_block_design_axi_mem_intercon_imp_auto_ds_0_axi_data_fifo_v2_1_36_fifo_gen/<hidden>/<hidden>/<hidden>/<hidden>/<hidden>/<hidden>
    SLICE_X39Y56         FDCE                                         r  drone_block_design_wrapper/drone_block_design/drone_block_design_axi_mem_intercon_0/s00_couplers_imp_1QUQC6S/drone_block_design_axi_mem_intercon_imp_auto_ds_0/drone_block_design_axi_mem_intercon_imp_auto_ds_0_axi_dwidth_converter_v2_1_37_top/drone_block_design_axi_mem_intercon_imp_auto_ds_0_axi_protocol_converter_v2_1_37_axi_protocol_converter/drone_block_design_axi_mem_intercon_imp_auto_ds_0_axi_protocol_converter_v2_1_37_axi3_conv/drone_block_design_axi_mem_intercon_imp_auto_ds_0_axi_protocol_converter_v2_1_37_a_axi3_conv/drone_block_design_axi_mem_intercon_imp_auto_ds_0_axi_data_fifo_v2_1_36_axic_fifo_0/drone_block_design_axi_mem_intercon_imp_auto_ds_0_axi_data_fifo_v2_1_36_fifo_gen/<hidden>/<hidden>/<hidden>/<hidden>/<hidden>/<hidden>
  -------------------------------------------------------------------    -------------------
    SLICE_X39Y56         FDCE (Prop_fdce_C_Q)         0.141     1.033 r  drone_block_design_wrapper/drone_block_design/drone_block_design_axi_mem_intercon_0/s00_couplers_imp_1QUQC6S/drone_block_design_axi_mem_intercon_imp_auto_ds_0/drone_block_design_axi_mem_intercon_imp_auto_ds_0_axi_dwidth_converter_v2_1_37_top/drone_block_design_axi_mem_intercon_imp_auto_ds_0_axi_protocol_converter_v2_1_37_axi_protocol_converter/drone_block_design_axi_mem_intercon_imp_auto_ds_0_axi_protocol_converter_v2_1_37_axi3_conv/drone_block_design_axi_mem_intercon_imp_auto_ds_0_axi_protocol_converter_v2_1_37_a_axi3_conv/drone_block_design_axi_mem_intercon_imp_auto_ds_0_axi_data_fifo_v2_1_36_axic_fifo_0/drone_block_design_axi_mem_intercon_imp_auto_ds_0_axi_data_fifo_v2_1_36_fifo_gen/<hidden>/<hidden>/<hidden>/<hidden>/<hidden>/<hidden>
                         net (fo=10, routed)          0.092     1.125    drone_block_design_wrapper/drone_block_design/drone_block_design_axi_mem_intercon_0/s00_couplers_imp_1QUQC6S/drone_block_design_axi_mem_intercon_imp_auto_ds_0/drone_block_design_axi_mem_intercon_imp_auto_ds_0_axi_dwidth_converter_v2_1_37_top/drone_block_design_axi_mem_intercon_imp_auto_ds_0_axi_protocol_converter_v2_1_37_axi_protocol_converter/drone_block_design_axi_mem_intercon_imp_auto_ds_0_axi_protocol_converter_v2_1_37_axi3_conv/drone_block_design_axi_mem_intercon_imp_auto_ds_0_axi_protocol_converter_v2_1_37_a_axi3_conv/drone_block_design_axi_mem_intercon_imp_auto_ds_0_axi_data_fifo_v2_1_36_axic_fifo_0/drone_block_design_axi_mem_intercon_imp_auto_ds_0_axi_data_fifo_v2_1_36_fifo_gen/<hidden>/<hidden>/<hidden>/<hidden>/<hidden>/<hidden>/<hidden>
    SLICE_X38Y56         RAMD32                                       r  drone_block_design_wrapper/drone_block_design/drone_block_design_axi_mem_intercon_0/s00_couplers_imp_1QUQC6S/drone_block_design_axi_mem_intercon_imp_auto_ds_0/drone_block_design_axi_mem_intercon_imp_auto_ds_0_axi_dwidth_converter_v2_1_37_top/drone_block_design_axi_mem_intercon_imp_auto_ds_0_axi_protocol_converter_v2_1_37_axi_protocol_converter/drone_block_design_axi_mem_intercon_imp_auto_ds_0_axi_protocol_converter_v2_1_37_axi3_conv/drone_block_design_axi_mem_intercon_imp_auto_ds_0_axi_protocol_converter_v2_1_37_a_axi3_conv/drone_block_design_axi_mem_intercon_imp_auto_ds_0_axi_data_fifo_v2_1_36_axic_fifo_0/drone_block_design_axi_mem_intercon_imp_auto_ds_0_axi_data_fifo_v2_1_36_fifo_gen/<hidden>/<hidden>/<hidden>/<hidden>/<hidden>/<hidden>/<hidden>
  -------------------------------------------------------------------    -------------------

                         (clock clk_fpga_0 rise edge)
                                                      0.000     0.000 r  
    PS7_X0Y0             PS7                          0.000     0.000 r  drone_block_design_i/processing_system7_0/inst/PS7_i/FCLKCLK[0]
                         net (fo=1, routed)           0.337     0.337    drone_block_design_i/processing_system7_0/inst/FCLK_CLK_unbuffered[0]
    BUFGCTRL_X0Y16       BUFG (Prop_bufg_I_O)         0.029     0.366 r  drone_block_design_i/processing_system7_0/inst/buffer_fclk_clk_0.FCLK_CLK_0_BUFG/O
                         net (fo=4104, routed)        0.824     1.190    drone_block_design_wrapper/drone_block_design/drone_block_design_axi_mem_intercon_0/s00_couplers_imp_1QUQC6S/drone_block_design_axi_mem_intercon_imp_auto_ds_0/drone_block_design_axi_mem_intercon_imp_auto_ds_0_axi_dwidth_converter_v2_1_37_top/drone_block_design_axi_mem_intercon_imp_auto_ds_0_axi_protocol_converter_v2_1_37_axi_protocol_converter/drone_block_design_axi_mem_intercon_imp_auto_ds_0_axi_protocol_converter_v2_1_37_axi3_conv/drone_block_design_axi_mem_intercon_imp_auto_ds_0_axi_protocol_converter_v2_1_37_a_axi3_conv/drone_block_design_axi_mem_intercon_imp_auto_ds_0_axi_data_fifo_v2_1_36_axic_fifo_0/drone_block_design_axi_mem_intercon_imp_auto_ds_0_axi_data_fifo_v2_1_36_fifo_gen/<hidden>/<hidden>/<hidden>/<hidden>/<hidden>/<hidden>/<hidden>
    SLICE_X38Y56         RAMD32                                       r  drone_block_design_wrapper/drone_block_design/drone_block_design_axi_mem_intercon_0/s00_couplers_imp_1QUQC6S/drone_block_design_axi_mem_intercon_imp_auto_ds_0/drone_block_design_axi_mem_intercon_imp_auto_ds_0_axi_dwidth_converter_v2_1_37_top/drone_block_design_axi_mem_intercon_imp_auto_ds_0_axi_protocol_converter_v2_1_37_axi_protocol_converter/drone_block_design_axi_mem_intercon_imp_auto_ds_0_axi_protocol_converter_v2_1_37_axi3_conv/drone_block_design_axi_mem_intercon_imp_auto_ds_0_axi_protocol_converter_v2_1_37_a_axi3_conv/drone_block_design_axi_mem_intercon_imp_auto_ds_0_axi_data_fifo_v2_1_36_axic_fifo_0/drone_block_design_axi_mem_intercon_imp_auto_ds_0_axi_data_fifo_v2_1_36_fifo_gen/<hidden>/<hidden>/<hidden>/<hidden>/<hidden>/<hidden>/<hidden>
                         clock pessimism             -0.285     0.905    
    SLICE_X38Y56         RAMD32 (Hold_ramd32_CLK_WADR4)
                                                      0.200     1.105    drone_block_design_wrapper/drone_block_design/drone_block_design_axi_mem_intercon_0/s00_couplers_imp_1QUQC6S/drone_block_design_axi_mem_intercon_imp_auto_ds_0/drone_block_design_axi_mem_intercon_imp_auto_ds_0_axi_dwidth_converter_v2_1_37_top/drone_block_design_axi_mem_intercon_imp_auto_ds_0_axi_protocol_converter_v2_1_37_axi_protocol_converter/drone_block_design_axi_mem_intercon_imp_auto_ds_0_axi_protocol_converter_v2_1_37_axi3_conv/drone_block_design_axi_mem_intercon_imp_auto_ds_0_axi_protocol_converter_v2_1_37_a_axi3_conv/drone_block_design_axi_mem_intercon_imp_auto_ds_0_axi_data_fifo_v2_1_36_axic_fifo_0/drone_block_design_axi_mem_intercon_imp_auto_ds_0_axi_data_fifo_v2_1_36_fifo_gen/<hidden>/<hidden>/<hidden>/<hidden>/<hidden>/<hidden>/<hidden>
  -------------------------------------------------------------------
                         required time                         -1.105    
                         arrival time                           1.125    
  -------------------------------------------------------------------
                         slack                                  0.020    

Slack (MET) :             0.020ns  (arrival time - required time)
  Source:                 drone_block_design_wrapper/drone_block_design/drone_block_design_axi_mem_intercon_0/s00_couplers_imp_1QUQC6S/drone_block_design_axi_mem_intercon_imp_auto_ds_0/drone_block_design_axi_mem_intercon_imp_auto_ds_0_axi_dwidth_converter_v2_1_37_top/drone_block_design_axi_mem_intercon_imp_auto_ds_0_axi_protocol_converter_v2_1_37_axi_protocol_converter/drone_block_design_axi_mem_intercon_imp_auto_ds_0_axi_protocol_converter_v2_1_37_axi3_conv/drone_block_design_axi_mem_intercon_imp_auto_ds_0_axi_protocol_converter_v2_1_37_a_axi3_conv/drone_block_design_axi_mem_intercon_imp_auto_ds_0_axi_data_fifo_v2_1_36_axic_fifo_0/drone_block_design_axi_mem_intercon_imp_auto_ds_0_axi_data_fifo_v2_1_36_fifo_gen/<hidden>/<hidden>/<hidden>/<hidden>/<hidden>/<hidden>
                            (rising edge-triggered cell FDCE clocked by clk_fpga_0  {rise@0.000ns fall@5.000ns period=10.000ns})
  Destination:            drone_block_design_wrapper/drone_block_design/drone_block_design_axi_mem_intercon_0/s00_couplers_imp_1QUQC6S/drone_block_design_axi_mem_intercon_imp_auto_ds_0/drone_block_design_axi_mem_intercon_imp_auto_ds_0_axi_dwidth_converter_v2_1_37_top/drone_block_design_axi_mem_intercon_imp_auto_ds_0_axi_protocol_converter_v2_1_37_axi_protocol_converter/drone_block_design_axi_mem_intercon_imp_auto_ds_0_axi_protocol_converter_v2_1_37_axi3_conv/drone_block_design_axi_mem_intercon_imp_auto_ds_0_axi_protocol_converter_v2_1_37_a_axi3_conv/drone_block_design_axi_mem_intercon_imp_auto_ds_0_axi_data_fifo_v2_1_36_axic_fifo_0/drone_block_design_axi_mem_intercon_imp_auto_ds_0_axi_data_fifo_v2_1_36_fifo_gen/<hidden>/<hidden>/<hidden>/<hidden>/<hidden>/<hidden>/<hidden>
                            (rising edge-triggered cell RAMD32 clocked by clk_fpga_0  {rise@0.000ns fall@5.000ns period=10.000ns})
  Path Group:             clk_fpga_0
  Path Type:              Hold (Min at Fast Process Corner)
  Requirement:            0.000ns  (clk_fpga_0 rise@0.000ns - clk_fpga_0 rise@0.000ns)
  Data Path Delay:        0.233ns  (logic 0.141ns (60.453%)  route 0.092ns (39.547%))
  Logic Levels:           0  
  Clock Path Skew:        0.013ns (DCD - SCD - CPR)
    Destination Clock Delay (DCD):    1.190ns
    Source Clock Delay      (SCD):    0.892ns
    Clock Pessimism Removal (CPR):    0.285ns

    Location             Delay type                Incr(ns)  Path(ns)    Netlist Resource(s)
  -------------------------------------------------------------------    -------------------
                         (clock clk_fpga_0 rise edge)
                                                      0.000     0.000 r  
    PS7_X0Y0             PS7                          0.000     0.000 r  drone_block_design_i/processing_system7_0/inst/PS7_i/FCLKCLK[0]
                         net (fo=1, routed)           0.310     0.310    drone_block_design_i/processing_system7_0/inst/FCLK_CLK_unbuffered[0]
    BUFGCTRL_X0Y16       BUFG (Prop_bufg_I_O)         0.026     0.336 r  drone_block_design_i/processing_system7_0/inst/buffer_fclk_clk_0.FCLK_CLK_0_BUFG/O
                         net (fo=4104, routed)        0.556     0.892    drone_block_design_wrapper/drone_block_design/drone_block_design_axi_mem_intercon_0/s00_couplers_imp_1QUQC6S/drone_block_design_axi_mem_intercon_imp_auto_ds_0/drone_block_design_axi_mem_intercon_imp_auto_ds_0_axi_dwidth_converter_v2_1_37_top/drone_block_design_axi_mem_intercon_imp_auto_ds_0_axi_protocol_converter_v2_1_37_axi_protocol_converter/drone_block_design_axi_mem_intercon_imp_auto_ds_0_axi_protocol_converter_v2_1_37_axi3_conv/drone_block_design_axi_mem_intercon_imp_auto_ds_0_axi_protocol_converter_v2_1_37_a_axi3_conv/drone_block_design_axi_mem_intercon_imp_auto_ds_0_axi_data_fifo_v2_1_36_axic_fifo_0/drone_block_design_axi_mem_intercon_imp_auto_ds_0_axi_data_fifo_v2_1_36_fifo_gen/<hidden>/<hidden>/<hidden>/<hidden>/<hidden>/<hidden>
    SLICE_X39Y56         FDCE                                         r  drone_block_design_wrapper/drone_block_design/drone_block_design_axi_mem_intercon_0/s00_couplers_imp_1QUQC6S/drone_block_design_axi_mem_intercon_imp_auto_ds_0/drone_block_design_axi_mem_intercon_imp_auto_ds_0_axi_dwidth_converter_v2_1_37_top/drone_block_design_axi_mem_intercon_imp_auto_ds_0_axi_protocol_converter_v2_1_37_axi_protocol_converter/drone_block_design_axi_mem_intercon_imp_auto_ds_0_axi_protocol_converter_v2_1_37_axi3_conv/drone_block_design_axi_mem_intercon_imp_auto_ds_0_axi_protocol_converter_v2_1_37_a_axi3_conv/drone_block_design_axi_mem_intercon_imp_auto_ds_0_axi_data_fifo_v2_1_36_axic_fifo_0/drone_block_design_axi_mem_intercon_imp_auto_ds_0_axi_data_fifo_v2_1_36_fifo_gen/<hidden>/<hidden>/<hidden>/<hidden>/<hidden>/<hidden>
  -------------------------------------------------------------------    -------------------
    SLICE_X39Y56         FDCE (Prop_fdce_C_Q)         0.141     1.033 r  drone_block_design_wrapper/drone_block_design/drone_block_design_axi_mem_intercon_0/s00_couplers_imp_1QUQC6S/drone_block_design_axi_mem_intercon_imp_auto_ds_0/drone_block_design_axi_mem_intercon_imp_auto_ds_0_axi_dwidth_converter_v2_1_37_top/drone_block_design_axi_mem_intercon_imp_auto_ds_0_axi_protocol_converter_v2_1_37_axi_protocol_converter/drone_block_design_axi_mem_intercon_imp_auto_ds_0_axi_protocol_converter_v2_1_37_axi3_conv/drone_block_design_axi_mem_intercon_imp_auto_ds_0_axi_protocol_converter_v2_1_37_a_axi3_conv/drone_block_design_axi_mem_intercon_imp_auto_ds_0_axi_data_fifo_v2_1_36_axic_fifo_0/drone_block_design_axi_mem_intercon_imp_auto_ds_0_axi_data_fifo_v2_1_36_fifo_gen/<hidden>/<hidden>/<hidden>/<hidden>/<hidden>/<hidden>
                         net (fo=10, routed)          0.092     1.125    drone_block_design_wrapper/drone_block_design/drone_block_design_axi_mem_intercon_0/s00_couplers_imp_1QUQC6S/drone_block_design_axi_mem_intercon_imp_auto_ds_0/drone_block_design_axi_mem_intercon_imp_auto_ds_0_axi_dwidth_converter_v2_1_37_top/drone_block_design_axi_mem_intercon_imp_auto_ds_0_axi_protocol_converter_v2_1_37_axi_protocol_converter/drone_block_design_axi_mem_intercon_imp_auto_ds_0_axi_protocol_converter_v2_1_37_axi3_conv/drone_block_design_axi_mem_intercon_imp_auto_ds_0_axi_protocol_converter_v2_1_37_a_axi3_conv/drone_block_design_axi_mem_intercon_imp_auto_ds_0_axi_data_fifo_v2_1_36_axic_fifo_0/drone_block_design_axi_mem_intercon_imp_auto_ds_0_axi_data_fifo_v2_1_36_fifo_gen/<hidden>/<hidden>/<hidden>/<hidden>/<hidden>/<hidden>/<hidden>
    SLICE_X38Y56         RAMD32                                       r  drone_block_design_wrapper/drone_block_design/drone_block_design_axi_mem_intercon_0/s00_couplers_imp_1QUQC6S/drone_block_design_axi_mem_intercon_imp_auto_ds_0/drone_block_design_axi_mem_intercon_imp_auto_ds_0_axi_dwidth_converter_v2_1_37_top/drone_block_design_axi_mem_intercon_imp_auto_ds_0_axi_protocol_converter_v2_1_37_axi_protocol_converter/drone_block_design_axi_mem_intercon_imp_auto_ds_0_axi_protocol_converter_v2_1_37_axi3_conv/drone_block_design_axi_mem_intercon_imp_auto_ds_0_axi_protocol_converter_v2_1_37_a_axi3_conv/drone_block_design_axi_mem_intercon_imp_auto_ds_0_axi_data_fifo_v2_1_36_axic_fifo_0/drone_block_design_axi_mem_intercon_imp_auto_ds_0_axi_data_fifo_v2_1_36_fifo_gen/<hidden>/<hidden>/<hidden>/<hidden>/<hidden>/<hidden>/<hidden>
  -------------------------------------------------------------------    -------------------

                         (clock clk_fpga_0 rise edge)
                                                      0.000     0.000 r  
    PS7_X0Y0             PS7                          0.000     0.000 r  drone_block_design_i/processing_system7_0/inst/PS7_i/FCLKCLK[0]
                         net (fo=1, routed)           0.337     0.337    drone_block_design_i/processing_system7_0/inst/FCLK_CLK_unbuffered[0]
    BUFGCTRL_X0Y16       BUFG (Prop_bufg_I_O)         0.029     0.366 r  drone_block_design_i/processing_system7_0/inst/buffer_fclk_clk_0.FCLK_CLK_0_BUFG/O
                         net (fo=4104, routed)        0.824     1.190    drone_block_design_wrapper/drone_block_design/drone_block_design_axi_mem_intercon_0/s00_couplers_imp_1QUQC6S/drone_block_design_axi_mem_intercon_imp_auto_ds_0/drone_block_design_axi_mem_intercon_imp_auto_ds_0_axi_dwidth_converter_v2_1_37_top/drone_block_design_axi_mem_intercon_imp_auto_ds_0_axi_protocol_converter_v2_1_37_axi_protocol_converter/drone_block_design_axi_mem_intercon_imp_auto_ds_0_axi_protocol_converter_v2_1_37_axi3_conv/drone_block_design_axi_mem_intercon_imp_auto_ds_0_axi_protocol_converter_v2_1_37_a_axi3_conv/drone_block_design_axi_mem_intercon_imp_auto_ds_0_axi_data_fifo_v2_1_36_axic_fifo_0/drone_block_design_axi_mem_intercon_imp_auto_ds_0_axi_data_fifo_v2_1_36_fifo_gen/<hidden>/<hidden>/<hidden>/<hidden>/<hidden>/<hidden>/<hidden>
    SLICE_X38Y56         RAMD32                                       r  drone_block_design_wrapper/drone_block_design/drone_block_design_axi_mem_intercon_0/s00_couplers_imp_1QUQC6S/drone_block_design_axi_mem_intercon_imp_auto_ds_0/drone_block_design_axi_mem_intercon_imp_auto_ds_0_axi_dwidth_converter_v2_1_37_top/drone_block_design_axi_mem_intercon_imp_auto_ds_0_axi_protocol_converter_v2_1_37_axi_protocol_converter/drone_block_design_axi_mem_intercon_imp_auto_ds_0_axi_protocol_converter_v2_1_37_axi3_conv/drone_block_design_axi_mem_intercon_imp_auto_ds_0_axi_protocol_converter_v2_1_37_a_axi3_conv/drone_block_design_axi_mem_intercon_imp_auto_ds_0_axi_data_fifo_v2_1_36_axic_fifo_0/drone_block_design_axi_mem_intercon_imp_auto_ds_0_axi_data_fifo_v2_1_36_fifo_gen/<hidden>/<hidden>/<hidden>/<hidden>/<hidden>/<hidden>/<hidden>
                         clock pessimism             -0.285     0.905    
    SLICE_X38Y56         RAMD32 (Hold_ramd32_CLK_WADR4)
                                                      0.200     1.105    drone_block_design_wrapper/drone_block_design/drone_block_design_axi_mem_intercon_0/s00_couplers_imp_1QUQC6S/drone_block_design_axi_mem_intercon_imp_auto_ds_0/drone_block_design_axi_mem_intercon_imp_auto_ds_0_axi_dwidth_converter_v2_1_37_top/drone_block_design_axi_mem_intercon_imp_auto_ds_0_axi_protocol_converter_v2_1_37_axi_protocol_converter/drone_block_design_axi_mem_intercon_imp_auto_ds_0_axi_protocol_converter_v2_1_37_axi3_conv/drone_block_design_axi_mem_intercon_imp_auto_ds_0_axi_protocol_converter_v2_1_37_a_axi3_conv/drone_block_design_axi_mem_intercon_imp_auto_ds_0_axi_data_fifo_v2_1_36_axic_fifo_0/drone_block_design_axi_mem_intercon_imp_auto_ds_0_axi_data_fifo_v2_1_36_fifo_gen/<hidden>/<hidden>/<hidden>/<hidden>/<hidden>/<hidden>/<hidden>
  -------------------------------------------------------------------
                         required time                         -1.105    
                         arrival time                           1.125    
  -------------------------------------------------------------------
                         slack                                  0.020    

Slack (MET) :             0.020ns  (arrival time - required time)
  Source:                 drone_block_design_wrapper/drone_block_design/drone_block_design_axi_mem_intercon_0/s00_couplers_imp_1QUQC6S/drone_block_design_axi_mem_intercon_imp_auto_ds_0/drone_block_design_axi_mem_intercon_imp_auto_ds_0_axi_dwidth_converter_v2_1_37_top/drone_block_design_axi_mem_intercon_imp_auto_ds_0_axi_protocol_converter_v2_1_37_axi_protocol_converter/drone_block_design_axi_mem_intercon_imp_auto_ds_0_axi_protocol_converter_v2_1_37_axi3_conv/drone_block_design_axi_mem_intercon_imp_auto_ds_0_axi_protocol_converter_v2_1_37_a_axi3_conv/drone_block_design_axi_mem_intercon_imp_auto_ds_0_axi_data_fifo_v2_1_36_axic_fifo_0/drone_block_design_axi_mem_intercon_imp_auto_ds_0_axi_data_fifo_v2_1_36_fifo_gen/<hidden>/<hidden>/<hidden>/<hidden>/<hidden>/<hidden>
                            (rising edge-triggered cell FDCE clocked by clk_fpga_0  {rise@0.000ns fall@5.000ns period=10.000ns})
  Destination:            drone_block_design_wrapper/drone_block_design/drone_block_design_axi_mem_intercon_0/s00_couplers_imp_1QUQC6S/drone_block_design_axi_mem_intercon_imp_auto_ds_0/drone_block_design_axi_mem_intercon_imp_auto_ds_0_axi_dwidth_converter_v2_1_37_top/drone_block_design_axi_mem_intercon_imp_auto_ds_0_axi_protocol_converter_v2_1_37_axi_protocol_converter/drone_block_design_axi_mem_intercon_imp_auto_ds_0_axi_protocol_converter_v2_1_37_axi3_conv/drone_block_design_axi_mem_intercon_imp_auto_ds_0_axi_protocol_converter_v2_1_37_a_axi3_conv/drone_block_design_axi_mem_intercon_imp_auto_ds_0_axi_data_fifo_v2_1_36_axic_fifo_0/drone_block_design_axi_mem_intercon_imp_auto_ds_0_axi_data_fifo_v2_1_36_fifo_gen/<hidden>/<hidden>/<hidden>/<hidden>/<hidden>/<hidden>/<hidden>
                            (rising edge-triggered cell RAMD32 clocked by clk_fpga_0  {rise@0.000ns fall@5.000ns period=10.000ns})
  Path Group:             clk_fpga_0
  Path Type:              Hold (Min at Fast Process Corner)
  Requirement:            0.000ns  (clk_fpga_0 rise@0.000ns - clk_fpga_0 rise@0.000ns)
  Data Path Delay:        0.233ns  (logic 0.141ns (60.453%)  route 0.092ns (39.547%))
  Logic Levels:           0  
  Clock Path Skew:        0.013ns (DCD - SCD - CPR)
    Destination Clock Delay (DCD):    1.190ns
    Source Clock Delay      (SCD):    0.892ns
    Clock Pessimism Removal (CPR):    0.285ns

    Location             Delay type                Incr(ns)  Path(ns)    Netlist Resource(s)
  -------------------------------------------------------------------    -------------------
                         (clock clk_fpga_0 rise edge)
                                                      0.000     0.000 r  
    PS7_X0Y0             PS7                          0.000     0.000 r  drone_block_design_i/processing_system7_0/inst/PS7_i/FCLKCLK[0]
                         net (fo=1, routed)           0.310     0.310    drone_block_design_i/processing_system7_0/inst/FCLK_CLK_unbuffered[0]
    BUFGCTRL_X0Y16       BUFG (Prop_bufg_I_O)         0.026     0.336 r  drone_block_design_i/processing_system7_0/inst/buffer_fclk_clk_0.FCLK_CLK_0_BUFG/O
                         net (fo=4104, routed)        0.556     0.892    drone_block_design_wrapper/drone_block_design/drone_block_design_axi_mem_intercon_0/s00_couplers_imp_1QUQC6S/drone_block_design_axi_mem_intercon_imp_auto_ds_0/drone_block_design_axi_mem_intercon_imp_auto_ds_0_axi_dwidth_converter_v2_1_37_top/drone_block_design_axi_mem_intercon_imp_auto_ds_0_axi_protocol_converter_v2_1_37_axi_protocol_converter/drone_block_design_axi_mem_intercon_imp_auto_ds_0_axi_protocol_converter_v2_1_37_axi3_conv/drone_block_design_axi_mem_intercon_imp_auto_ds_0_axi_protocol_converter_v2_1_37_a_axi3_conv/drone_block_design_axi_mem_intercon_imp_auto_ds_0_axi_data_fifo_v2_1_36_axic_fifo_0/drone_block_design_axi_mem_intercon_imp_auto_ds_0_axi_data_fifo_v2_1_36_fifo_gen/<hidden>/<hidden>/<hidden>/<hidden>/<hidden>/<hidden>
    SLICE_X39Y56         FDCE                                         r  drone_block_design_wrapper/drone_block_design/drone_block_design_axi_mem_intercon_0/s00_couplers_imp_1QUQC6S/drone_block_design_axi_mem_intercon_imp_auto_ds_0/drone_block_design_axi_mem_intercon_imp_auto_ds_0_axi_dwidth_converter_v2_1_37_top/drone_block_design_axi_mem_intercon_imp_auto_ds_0_axi_protocol_converter_v2_1_37_axi_protocol_converter/drone_block_design_axi_mem_intercon_imp_auto_ds_0_axi_protocol_converter_v2_1_37_axi3_conv/drone_block_design_axi_mem_intercon_imp_auto_ds_0_axi_protocol_converter_v2_1_37_a_axi3_conv/drone_block_design_axi_mem_intercon_imp_auto_ds_0_axi_data_fifo_v2_1_36_axic_fifo_0/drone_block_design_axi_mem_intercon_imp_auto_ds_0_axi_data_fifo_v2_1_36_fifo_gen/<hidden>/<hidden>/<hidden>/<hidden>/<hidden>/<hidden>
  -------------------------------------------------------------------    -------------------
    SLICE_X39Y56         FDCE (Prop_fdce_C_Q)         0.141     1.033 r  drone_block_design_wrapper/drone_block_design/drone_block_design_axi_mem_intercon_0/s00_couplers_imp_1QUQC6S/drone_block_design_axi_mem_intercon_imp_auto_ds_0/drone_block_design_axi_mem_intercon_imp_auto_ds_0_axi_dwidth_converter_v2_1_37_top/drone_block_design_axi_mem_intercon_imp_auto_ds_0_axi_protocol_converter_v2_1_37_axi_protocol_converter/drone_block_design_axi_mem_intercon_imp_auto_ds_0_axi_protocol_converter_v2_1_37_axi3_conv/drone_block_design_axi_mem_intercon_imp_auto_ds_0_axi_protocol_converter_v2_1_37_a_axi3_conv/drone_block_design_axi_mem_intercon_imp_auto_ds_0_axi_data_fifo_v2_1_36_axic_fifo_0/drone_block_design_axi_mem_intercon_imp_auto_ds_0_axi_data_fifo_v2_1_36_fifo_gen/<hidden>/<hidden>/<hidden>/<hidden>/<hidden>/<hidden>
                         net (fo=10, routed)          0.092     1.125    drone_block_design_wrapper/drone_block_design/drone_block_design_axi_mem_intercon_0/s00_couplers_imp_1QUQC6S/drone_block_design_axi_mem_intercon_imp_auto_ds_0/drone_block_design_axi_mem_intercon_imp_auto_ds_0_axi_dwidth_converter_v2_1_37_top/drone_block_design_axi_mem_intercon_imp_auto_ds_0_axi_protocol_converter_v2_1_37_axi_protocol_converter/drone_block_design_axi_mem_intercon_imp_auto_ds_0_axi_protocol_converter_v2_1_37_axi3_conv/drone_block_design_axi_mem_intercon_imp_auto_ds_0_axi_protocol_converter_v2_1_37_a_axi3_conv/drone_block_design_axi_mem_intercon_imp_auto_ds_0_axi_data_fifo_v2_1_36_axic_fifo_0/drone_block_design_axi_mem_intercon_imp_auto_ds_0_axi_data_fifo_v2_1_36_fifo_gen/<hidden>/<hidden>/<hidden>/<hidden>/<hidden>/<hidden>/<hidden>
    SLICE_X38Y56         RAMD32                                       r  drone_block_design_wrapper/drone_block_design/drone_block_design_axi_mem_intercon_0/s00_couplers_imp_1QUQC6S/drone_block_design_axi_mem_intercon_imp_auto_ds_0/drone_block_design_axi_mem_intercon_imp_auto_ds_0_axi_dwidth_converter_v2_1_37_top/drone_block_design_axi_mem_intercon_imp_auto_ds_0_axi_protocol_converter_v2_1_37_axi_protocol_converter/drone_block_design_axi_mem_intercon_imp_auto_ds_0_axi_protocol_converter_v2_1_37_axi3_conv/drone_block_design_axi_mem_intercon_imp_auto_ds_0_axi_protocol_converter_v2_1_37_a_axi3_conv/drone_block_design_axi_mem_intercon_imp_auto_ds_0_axi_data_fifo_v2_1_36_axic_fifo_0/drone_block_design_axi_mem_intercon_imp_auto_ds_0_axi_data_fifo_v2_1_36_fifo_gen/<hidden>/<hidden>/<hidden>/<hidden>/<hidden>/<hidden>/<hidden>
  -------------------------------------------------------------------    -------------------

                         (clock clk_fpga_0 rise edge)
                                                      0.000     0.000 r  
    PS7_X0Y0             PS7                          0.000     0.000 r  drone_block_design_i/processing_system7_0/inst/PS7_i/FCLKCLK[0]
                         net (fo=1, routed)           0.337     0.337    drone_block_design_i/processing_system7_0/inst/FCLK_CLK_unbuffered[0]
    BUFGCTRL_X0Y16       BUFG (Prop_bufg_I_O)         0.029     0.366 r  drone_block_design_i/processing_system7_0/inst/buffer_fclk_clk_0.FCLK_CLK_0_BUFG/O
                         net (fo=4104, routed)        0.824     1.190    drone_block_design_wrapper/drone_block_design/drone_block_design_axi_mem_intercon_0/s00_couplers_imp_1QUQC6S/drone_block_design_axi_mem_intercon_imp_auto_ds_0/drone_block_design_axi_mem_intercon_imp_auto_ds_0_axi_dwidth_converter_v2_1_37_top/drone_block_design_axi_mem_intercon_imp_auto_ds_0_axi_protocol_converter_v2_1_37_axi_protocol_converter/drone_block_design_axi_mem_intercon_imp_auto_ds_0_axi_protocol_converter_v2_1_37_axi3_conv/drone_block_design_axi_mem_intercon_imp_auto_ds_0_axi_protocol_converter_v2_1_37_a_axi3_conv/drone_block_design_axi_mem_intercon_imp_auto_ds_0_axi_data_fifo_v2_1_36_axic_fifo_0/drone_block_design_axi_mem_intercon_imp_auto_ds_0_axi_data_fifo_v2_1_36_fifo_gen/<hidden>/<hidden>/<hidden>/<hidden>/<hidden>/<hidden>/<hidden>
    SLICE_X38Y56         RAMD32                                       r  drone_block_design_wrapper/drone_block_design/drone_block_design_axi_mem_intercon_0/s00_couplers_imp_1QUQC6S/drone_block_design_axi_mem_intercon_imp_auto_ds_0/drone_block_design_axi_mem_intercon_imp_auto_ds_0_axi_dwidth_converter_v2_1_37_top/drone_block_design_axi_mem_intercon_imp_auto_ds_0_axi_protocol_converter_v2_1_37_axi_protocol_converter/drone_block_design_axi_mem_intercon_imp_auto_ds_0_axi_protocol_converter_v2_1_37_axi3_conv/drone_block_design_axi_mem_intercon_imp_auto_ds_0_axi_protocol_converter_v2_1_37_a_axi3_conv/drone_block_design_axi_mem_intercon_imp_auto_ds_0_axi_data_fifo_v2_1_36_axic_fifo_0/drone_block_design_axi_mem_intercon_imp_auto_ds_0_axi_data_fifo_v2_1_36_fifo_gen/<hidden>/<hidden>/<hidden>/<hidden>/<hidden>/<hidden>/<hidden>
                         clock pessimism             -0.285     0.905    
    SLICE_X38Y56         RAMD32 (Hold_ramd32_CLK_WADR4)
                                                      0.200     1.105    drone_block_design_wrapper/drone_block_design/drone_block_design_axi_mem_intercon_0/s00_couplers_imp_1QUQC6S/drone_block_design_axi_mem_intercon_imp_auto_ds_0/drone_block_design_axi_mem_intercon_imp_auto_ds_0_axi_dwidth_converter_v2_1_37_top/drone_block_design_axi_mem_intercon_imp_auto_ds_0_axi_protocol_converter_v2_1_37_axi_protocol_converter/drone_block_design_axi_mem_intercon_imp_auto_ds_0_axi_protocol_converter_v2_1_37_axi3_conv/drone_block_design_axi_mem_intercon_imp_auto_ds_0_axi_protocol_converter_v2_1_37_a_axi3_conv/drone_block_design_axi_mem_intercon_imp_auto_ds_0_axi_data_fifo_v2_1_36_axic_fifo_0/drone_block_design_axi_mem_intercon_imp_auto_ds_0_axi_data_fifo_v2_1_36_fifo_gen/<hidden>/<hidden>/<hidden>/<hidden>/<hidden>/<hidden>/<hidden>
  -------------------------------------------------------------------
                         required time                         -1.105    
                         arrival time                           1.125    
  -------------------------------------------------------------------
                         slack                                  0.020    

Slack (MET) :             0.020ns  (arrival time - required time)
  Source:                 drone_block_design_wrapper/drone_block_design/drone_block_design_axi_mem_intercon_0/s00_couplers_imp_1QUQC6S/drone_block_design_axi_mem_intercon_imp_auto_ds_0/drone_block_design_axi_mem_intercon_imp_auto_ds_0_axi_dwidth_converter_v2_1_37_top/drone_block_design_axi_mem_intercon_imp_auto_ds_0_axi_protocol_converter_v2_1_37_axi_protocol_converter/drone_block_design_axi_mem_intercon_imp_auto_ds_0_axi_protocol_converter_v2_1_37_axi3_conv/drone_block_design_axi_mem_intercon_imp_auto_ds_0_axi_protocol_converter_v2_1_37_a_axi3_conv/drone_block_design_axi_mem_intercon_imp_auto_ds_0_axi_data_fifo_v2_1_36_axic_fifo_0/drone_block_design_axi_mem_intercon_imp_auto_ds_0_axi_data_fifo_v2_1_36_fifo_gen/<hidden>/<hidden>/<hidden>/<hidden>/<hidden>/<hidden>
                            (rising edge-triggered cell FDCE clocked by clk_fpga_0  {rise@0.000ns fall@5.000ns period=10.000ns})
  Destination:            drone_block_design_wrapper/drone_block_design/drone_block_design_axi_mem_intercon_0/s00_couplers_imp_1QUQC6S/drone_block_design_axi_mem_intercon_imp_auto_ds_0/drone_block_design_axi_mem_intercon_imp_auto_ds_0_axi_dwidth_converter_v2_1_37_top/drone_block_design_axi_mem_intercon_imp_auto_ds_0_axi_protocol_converter_v2_1_37_axi_protocol_converter/drone_block_design_axi_mem_intercon_imp_auto_ds_0_axi_protocol_converter_v2_1_37_axi3_conv/drone_block_design_axi_mem_intercon_imp_auto_ds_0_axi_protocol_converter_v2_1_37_a_axi3_conv/drone_block_design_axi_mem_intercon_imp_auto_ds_0_axi_data_fifo_v2_1_36_axic_fifo_0/drone_block_design_axi_mem_intercon_imp_auto_ds_0_axi_data_fifo_v2_1_36_fifo_gen/<hidden>/<hidden>/<hidden>/<hidden>/<hidden>/<hidden>/<hidden>
                            (rising edge-triggered cell RAMS32 clocked by clk_fpga_0  {rise@0.000ns fall@5.000ns period=10.000ns})
  Path Group:             clk_fpga_0
  Path Type:              Hold (Min at Fast Process Corner)
  Requirement:            0.000ns  (clk_fpga_0 rise@0.000ns - clk_fpga_0 rise@0.000ns)
  Data Path Delay:        0.233ns  (logic 0.141ns (60.453%)  route 0.092ns (39.547%))
  Logic Levels:           0  
  Clock Path Skew:        0.013ns (DCD - SCD - CPR)
    Destination Clock Delay (DCD):    1.190ns
    Source Clock Delay      (SCD):    0.892ns
    Clock Pessimism Removal (CPR):    0.285ns

    Location             Delay type                Incr(ns)  Path(ns)    Netlist Resource(s)
  -------------------------------------------------------------------    -------------------
                         (clock clk_fpga_0 rise edge)
                                                      0.000     0.000 r  
    PS7_X0Y0             PS7                          0.000     0.000 r  drone_block_design_i/processing_system7_0/inst/PS7_i/FCLKCLK[0]
                         net (fo=1, routed)           0.310     0.310    drone_block_design_i/processing_system7_0/inst/FCLK_CLK_unbuffered[0]
    BUFGCTRL_X0Y16       BUFG (Prop_bufg_I_O)         0.026     0.336 r  drone_block_design_i/processing_system7_0/inst/buffer_fclk_clk_0.FCLK_CLK_0_BUFG/O
                         net (fo=4104, routed)        0.556     0.892    drone_block_design_wrapper/drone_block_design/drone_block_design_axi_mem_intercon_0/s00_couplers_imp_1QUQC6S/drone_block_design_axi_mem_intercon_imp_auto_ds_0/drone_block_design_axi_mem_intercon_imp_auto_ds_0_axi_dwidth_converter_v2_1_37_top/drone_block_design_axi_mem_intercon_imp_auto_ds_0_axi_protocol_converter_v2_1_37_axi_protocol_converter/drone_block_design_axi_mem_intercon_imp_auto_ds_0_axi_protocol_converter_v2_1_37_axi3_conv/drone_block_design_axi_mem_intercon_imp_auto_ds_0_axi_protocol_converter_v2_1_37_a_axi3_conv/drone_block_design_axi_mem_intercon_imp_auto_ds_0_axi_data_fifo_v2_1_36_axic_fifo_0/drone_block_design_axi_mem_intercon_imp_auto_ds_0_axi_data_fifo_v2_1_36_fifo_gen/<hidden>/<hidden>/<hidden>/<hidden>/<hidden>/<hidden>
    SLICE_X39Y56         FDCE                                         r  drone_block_design_wrapper/drone_block_design/drone_block_design_axi_mem_intercon_0/s00_couplers_imp_1QUQC6S/drone_block_design_axi_mem_intercon_imp_auto_ds_0/drone_block_design_axi_mem_intercon_imp_auto_ds_0_axi_dwidth_converter_v2_1_37_top/drone_block_design_axi_mem_intercon_imp_auto_ds_0_axi_protocol_converter_v2_1_37_axi_protocol_converter/drone_block_design_axi_mem_intercon_imp_auto_ds_0_axi_protocol_converter_v2_1_37_axi3_conv/drone_block_design_axi_mem_intercon_imp_auto_ds_0_axi_protocol_converter_v2_1_37_a_axi3_conv/drone_block_design_axi_mem_intercon_imp_auto_ds_0_axi_data_fifo_v2_1_36_axic_fifo_0/drone_block_design_axi_mem_intercon_imp_auto_ds_0_axi_data_fifo_v2_1_36_fifo_gen/<hidden>/<hidden>/<hidden>/<hidden>/<hidden>/<hidden>
  -------------------------------------------------------------------    -------------------
    SLICE_X39Y56         FDCE (Prop_fdce_C_Q)         0.141     1.033 r  drone_block_design_wrapper/drone_block_design/drone_block_design_axi_mem_intercon_0/s00_couplers_imp_1QUQC6S/drone_block_design_axi_mem_intercon_imp_auto_ds_0/drone_block_design_axi_mem_intercon_imp_auto_ds_0_axi_dwidth_converter_v2_1_37_top/drone_block_design_axi_mem_intercon_imp_auto_ds_0_axi_protocol_converter_v2_1_37_axi_protocol_converter/drone_block_design_axi_mem_intercon_imp_auto_ds_0_axi_protocol_converter_v2_1_37_axi3_conv/drone_block_design_axi_mem_intercon_imp_auto_ds_0_axi_protocol_converter_v2_1_37_a_axi3_conv/drone_block_design_axi_mem_intercon_imp_auto_ds_0_axi_data_fifo_v2_1_36_axic_fifo_0/drone_block_design_axi_mem_intercon_imp_auto_ds_0_axi_data_fifo_v2_1_36_fifo_gen/<hidden>/<hidden>/<hidden>/<hidden>/<hidden>/<hidden>
                         net (fo=10, routed)          0.092     1.125    drone_block_design_wrapper/drone_block_design/drone_block_design_axi_mem_intercon_0/s00_couplers_imp_1QUQC6S/drone_block_design_axi_mem_intercon_imp_auto_ds_0/drone_block_design_axi_mem_intercon_imp_auto_ds_0_axi_dwidth_converter_v2_1_37_top/drone_block_design_axi_mem_intercon_imp_auto_ds_0_axi_protocol_converter_v2_1_37_axi_protocol_converter/drone_block_design_axi_mem_intercon_imp_auto_ds_0_axi_protocol_converter_v2_1_37_axi3_conv/drone_block_design_axi_mem_intercon_imp_auto_ds_0_axi_protocol_converter_v2_1_37_a_axi3_conv/drone_block_design_axi_mem_intercon_imp_auto_ds_0_axi_data_fifo_v2_1_36_axic_fifo_0/drone_block_design_axi_mem_intercon_imp_auto_ds_0_axi_data_fifo_v2_1_36_fifo_gen/<hidden>/<hidden>/<hidden>/<hidden>/<hidden>/<hidden>/<hidden>
    SLICE_X38Y56         RAMS32                                       r  drone_block_design_wrapper/drone_block_design/drone_block_design_axi_mem_intercon_0/s00_couplers_imp_1QUQC6S/drone_block_design_axi_mem_intercon_imp_auto_ds_0/drone_block_design_axi_mem_intercon_imp_auto_ds_0_axi_dwidth_converter_v2_1_37_top/drone_block_design_axi_mem_intercon_imp_auto_ds_0_axi_protocol_converter_v2_1_37_axi_protocol_converter/drone_block_design_axi_mem_intercon_imp_auto_ds_0_axi_protocol_converter_v2_1_37_axi3_conv/drone_block_design_axi_mem_intercon_imp_auto_ds_0_axi_protocol_converter_v2_1_37_a_axi3_conv/drone_block_design_axi_mem_intercon_imp_auto_ds_0_axi_data_fifo_v2_1_36_axic_fifo_0/drone_block_design_axi_mem_intercon_imp_auto_ds_0_axi_data_fifo_v2_1_36_fifo_gen/<hidden>/<hidden>/<hidden>/<hidden>/<hidden>/<hidden>/<hidden>
  -------------------------------------------------------------------    -------------------

                         (clock clk_fpga_0 rise edge)
                                                      0.000     0.000 r  
    PS7_X0Y0             PS7                          0.000     0.000 r  drone_block_design_i/processing_system7_0/inst/PS7_i/FCLKCLK[0]
                         net (fo=1, routed)           0.337     0.337    drone_block_design_i/processing_system7_0/inst/FCLK_CLK_unbuffered[0]
    BUFGCTRL_X0Y16       BUFG (Prop_bufg_I_O)         0.029     0.366 r  drone_block_design_i/processing_system7_0/inst/buffer_fclk_clk_0.FCLK_CLK_0_BUFG/O
                         net (fo=4104, routed)        0.824     1.190    drone_block_design_wrapper/drone_block_design/drone_block_design_axi_mem_intercon_0/s00_couplers_imp_1QUQC6S/drone_block_design_axi_mem_intercon_imp_auto_ds_0/drone_block_design_axi_mem_intercon_imp_auto_ds_0_axi_dwidth_converter_v2_1_37_top/drone_block_design_axi_mem_intercon_imp_auto_ds_0_axi_protocol_converter_v2_1_37_axi_protocol_converter/drone_block_design_axi_mem_intercon_imp_auto_ds_0_axi_protocol_converter_v2_1_37_axi3_conv/drone_block_design_axi_mem_intercon_imp_auto_ds_0_axi_protocol_converter_v2_1_37_a_axi3_conv/drone_block_design_axi_mem_intercon_imp_auto_ds_0_axi_data_fifo_v2_1_36_axic_fifo_0/drone_block_design_axi_mem_intercon_imp_auto_ds_0_axi_data_fifo_v2_1_36_fifo_gen/<hidden>/<hidden>/<hidden>/<hidden>/<hidden>/<hidden>/<hidden>
    SLICE_X38Y56         RAMS32                                       r  drone_block_design_wrapper/drone_block_design/drone_block_design_axi_mem_intercon_0/s00_couplers_imp_1QUQC6S/drone_block_design_axi_mem_intercon_imp_auto_ds_0/drone_block_design_axi_mem_intercon_imp_auto_ds_0_axi_dwidth_converter_v2_1_37_top/drone_block_design_axi_mem_intercon_imp_auto_ds_0_axi_protocol_converter_v2_1_37_axi_protocol_converter/drone_block_design_axi_mem_intercon_imp_auto_ds_0_axi_protocol_converter_v2_1_37_axi3_conv/drone_block_design_axi_mem_intercon_imp_auto_ds_0_axi_protocol_converter_v2_1_37_a_axi3_conv/drone_block_design_axi_mem_intercon_imp_auto_ds_0_axi_data_fifo_v2_1_36_axic_fifo_0/drone_block_design_axi_mem_intercon_imp_auto_ds_0_axi_data_fifo_v2_1_36_fifo_gen/<hidden>/<hidden>/<hidden>/<hidden>/<hidden>/<hidden>/<hidden>
                         clock pessimism             -0.285     0.905    
    SLICE_X38Y56         RAMS32 (Hold_rams32_CLK_ADR4)
                                                      0.200     1.105    drone_block_design_wrapper/drone_block_design/drone_block_design_axi_mem_intercon_0/s00_couplers_imp_1QUQC6S/drone_block_design_axi_mem_intercon_imp_auto_ds_0/drone_block_design_axi_mem_intercon_imp_auto_ds_0_axi_dwidth_converter_v2_1_37_top/drone_block_design_axi_mem_intercon_imp_auto_ds_0_axi_protocol_converter_v2_1_37_axi_protocol_converter/drone_block_design_axi_mem_intercon_imp_auto_ds_0_axi_protocol_converter_v2_1_37_axi3_conv/drone_block_design_axi_mem_intercon_imp_auto_ds_0_axi_protocol_converter_v2_1_37_a_axi3_conv/drone_block_design_axi_mem_intercon_imp_auto_ds_0_axi_data_fifo_v2_1_36_axic_fifo_0/drone_block_design_axi_mem_intercon_imp_auto_ds_0_axi_data_fifo_v2_1_36_fifo_gen/<hidden>/<hidden>/<hidden>/<hidden>/<hidden>/<hidden>/<hidden>
  -------------------------------------------------------------------
                         required time                         -1.105    
                         arrival time                           1.125    
  -------------------------------------------------------------------
                         slack                                  0.020    

Slack (MET) :             0.020ns  (arrival time - required time)
  Source:                 drone_block_design_wrapper/drone_block_design/drone_block_design_axi_mem_intercon_0/s00_couplers_imp_1QUQC6S/drone_block_design_axi_mem_intercon_imp_auto_ds_0/drone_block_design_axi_mem_intercon_imp_auto_ds_0_axi_dwidth_converter_v2_1_37_top/drone_block_design_axi_mem_intercon_imp_auto_ds_0_axi_protocol_converter_v2_1_37_axi_protocol_converter/drone_block_design_axi_mem_intercon_imp_auto_ds_0_axi_protocol_converter_v2_1_37_axi3_conv/drone_block_design_axi_mem_intercon_imp_auto_ds_0_axi_protocol_converter_v2_1_37_a_axi3_conv/drone_block_design_axi_mem_intercon_imp_auto_ds_0_axi_data_fifo_v2_1_36_axic_fifo_0/drone_block_design_axi_mem_intercon_imp_auto_ds_0_axi_data_fifo_v2_1_36_fifo_gen/<hidden>/<hidden>/<hidden>/<hidden>/<hidden>/<hidden>
                            (rising edge-triggered cell FDCE clocked by clk_fpga_0  {rise@0.000ns fall@5.000ns period=10.000ns})
  Destination:            drone_block_design_wrapper/drone_block_design/drone_block_design_axi_mem_intercon_0/s00_couplers_imp_1QUQC6S/drone_block_design_axi_mem_intercon_imp_auto_ds_0/drone_block_design_axi_mem_intercon_imp_auto_ds_0_axi_dwidth_converter_v2_1_37_top/drone_block_design_axi_mem_intercon_imp_auto_ds_0_axi_protocol_converter_v2_1_37_axi_protocol_converter/drone_block_design_axi_mem_intercon_imp_auto_ds_0_axi_protocol_converter_v2_1_37_axi3_conv/drone_block_design_axi_mem_intercon_imp_auto_ds_0_axi_protocol_converter_v2_1_37_a_axi3_conv/drone_block_design_axi_mem_intercon_imp_auto_ds_0_axi_data_fifo_v2_1_36_axic_fifo_0/drone_block_design_axi_mem_intercon_imp_auto_ds_0_axi_data_fifo_v2_1_36_fifo_gen/<hidden>/<hidden>/<hidden>/<hidden>/<hidden>/<hidden>/<hidden>
                            (rising edge-triggered cell RAMS32 clocked by clk_fpga_0  {rise@0.000ns fall@5.000ns period=10.000ns})
  Path Group:             clk_fpga_0
  Path Type:              Hold (Min at Fast Process Corner)
  Requirement:            0.000ns  (clk_fpga_0 rise@0.000ns - clk_fpga_0 rise@0.000ns)
  Data Path Delay:        0.233ns  (logic 0.141ns (60.453%)  route 0.092ns (39.547%))
  Logic Levels:           0  
  Clock Path Skew:        0.013ns (DCD - SCD - CPR)
    Destination Clock Delay (DCD):    1.190ns
    Source Clock Delay      (SCD):    0.892ns
    Clock Pessimism Removal (CPR):    0.285ns

    Location             Delay type                Incr(ns)  Path(ns)    Netlist Resource(s)
  -------------------------------------------------------------------    -------------------
                         (clock clk_fpga_0 rise edge)
                                                      0.000     0.000 r  
    PS7_X0Y0             PS7                          0.000     0.000 r  drone_block_design_i/processing_system7_0/inst/PS7_i/FCLKCLK[0]
                         net (fo=1, routed)           0.310     0.310    drone_block_design_i/processing_system7_0/inst/FCLK_CLK_unbuffered[0]
    BUFGCTRL_X0Y16       BUFG (Prop_bufg_I_O)         0.026     0.336 r  drone_block_design_i/processing_system7_0/inst/buffer_fclk_clk_0.FCLK_CLK_0_BUFG/O
                         net (fo=4104, routed)        0.556     0.892    drone_block_design_wrapper/drone_block_design/drone_block_design_axi_mem_intercon_0/s00_couplers_imp_1QUQC6S/drone_block_design_axi_mem_intercon_imp_auto_ds_0/drone_block_design_axi_mem_intercon_imp_auto_ds_0_axi_dwidth_converter_v2_1_37_top/drone_block_design_axi_mem_intercon_imp_auto_ds_0_axi_protocol_converter_v2_1_37_axi_protocol_converter/drone_block_design_axi_mem_intercon_imp_auto_ds_0_axi_protocol_converter_v2_1_37_axi3_conv/drone_block_design_axi_mem_intercon_imp_auto_ds_0_axi_protocol_converter_v2_1_37_a_axi3_conv/drone_block_design_axi_mem_intercon_imp_auto_ds_0_axi_data_fifo_v2_1_36_axic_fifo_0/drone_block_design_axi_mem_intercon_imp_auto_ds_0_axi_data_fifo_v2_1_36_fifo_gen/<hidden>/<hidden>/<hidden>/<hidden>/<hidden>/<hidden>
    SLICE_X39Y56         FDCE                                         r  drone_block_design_wrapper/drone_block_design/drone_block_design_axi_mem_intercon_0/s00_couplers_imp_1QUQC6S/drone_block_design_axi_mem_intercon_imp_auto_ds_0/drone_block_design_axi_mem_intercon_imp_auto_ds_0_axi_dwidth_converter_v2_1_37_top/drone_block_design_axi_mem_intercon_imp_auto_ds_0_axi_protocol_converter_v2_1_37_axi_protocol_converter/drone_block_design_axi_mem_intercon_imp_auto_ds_0_axi_protocol_converter_v2_1_37_axi3_conv/drone_block_design_axi_mem_intercon_imp_auto_ds_0_axi_protocol_converter_v2_1_37_a_axi3_conv/drone_block_design_axi_mem_intercon_imp_auto_ds_0_axi_data_fifo_v2_1_36_axic_fifo_0/drone_block_design_axi_mem_intercon_imp_auto_ds_0_axi_data_fifo_v2_1_36_fifo_gen/<hidden>/<hidden>/<hidden>/<hidden>/<hidden>/<hidden>
  -------------------------------------------------------------------    -------------------
    SLICE_X39Y56         FDCE (Prop_fdce_C_Q)         0.141     1.033 r  drone_block_design_wrapper/drone_block_design/drone_block_design_axi_mem_intercon_0/s00_couplers_imp_1QUQC6S/drone_block_design_axi_mem_intercon_imp_auto_ds_0/drone_block_design_axi_mem_intercon_imp_auto_ds_0_axi_dwidth_converter_v2_1_37_top/drone_block_design_axi_mem_intercon_imp_auto_ds_0_axi_protocol_converter_v2_1_37_axi_protocol_converter/drone_block_design_axi_mem_intercon_imp_auto_ds_0_axi_protocol_converter_v2_1_37_axi3_conv/drone_block_design_axi_mem_intercon_imp_auto_ds_0_axi_protocol_converter_v2_1_37_a_axi3_conv/drone_block_design_axi_mem_intercon_imp_auto_ds_0_axi_data_fifo_v2_1_36_axic_fifo_0/drone_block_design_axi_mem_intercon_imp_auto_ds_0_axi_data_fifo_v2_1_36_fifo_gen/<hidden>/<hidden>/<hidden>/<hidden>/<hidden>/<hidden>
                         net (fo=10, routed)          0.092     1.125    drone_block_design_wrapper/drone_block_design/drone_block_design_axi_mem_intercon_0/s00_couplers_imp_1QUQC6S/drone_block_design_axi_mem_intercon_imp_auto_ds_0/drone_block_design_axi_mem_intercon_imp_auto_ds_0_axi_dwidth_converter_v2_1_37_top/drone_block_design_axi_mem_intercon_imp_auto_ds_0_axi_protocol_converter_v2_1_37_axi_protocol_converter/drone_block_design_axi_mem_intercon_imp_auto_ds_0_axi_protocol_converter_v2_1_37_axi3_conv/drone_block_design_axi_mem_intercon_imp_auto_ds_0_axi_protocol_converter_v2_1_37_a_axi3_conv/drone_block_design_axi_mem_intercon_imp_auto_ds_0_axi_data_fifo_v2_1_36_axic_fifo_0/drone_block_design_axi_mem_intercon_imp_auto_ds_0_axi_data_fifo_v2_1_36_fifo_gen/<hidden>/<hidden>/<hidden>/<hidden>/<hidden>/<hidden>/<hidden>
    SLICE_X38Y56         RAMS32                                       r  drone_block_design_wrapper/drone_block_design/drone_block_design_axi_mem_intercon_0/s00_couplers_imp_1QUQC6S/drone_block_design_axi_mem_intercon_imp_auto_ds_0/drone_block_design_axi_mem_intercon_imp_auto_ds_0_axi_dwidth_converter_v2_1_37_top/drone_block_design_axi_mem_intercon_imp_auto_ds_0_axi_protocol_converter_v2_1_37_axi_protocol_converter/drone_block_design_axi_mem_intercon_imp_auto_ds_0_axi_protocol_converter_v2_1_37_axi3_conv/drone_block_design_axi_mem_intercon_imp_auto_ds_0_axi_protocol_converter_v2_1_37_a_axi3_conv/drone_block_design_axi_mem_intercon_imp_auto_ds_0_axi_data_fifo_v2_1_36_axic_fifo_0/drone_block_design_axi_mem_intercon_imp_auto_ds_0_axi_data_fifo_v2_1_36_fifo_gen/<hidden>/<hidden>/<hidden>/<hidden>/<hidden>/<hidden>/<hidden>
  -------------------------------------------------------------------    -------------------

                         (clock clk_fpga_0 rise edge)
                                                      0.000     0.000 r  
    PS7_X0Y0             PS7                          0.000     0.000 r  drone_block_design_i/processing_system7_0/inst/PS7_i/FCLKCLK[0]
                         net (fo=1, routed)           0.337     0.337    drone_block_design_i/processing_system7_0/inst/FCLK_CLK_unbuffered[0]
    BUFGCTRL_X0Y16       BUFG (Prop_bufg_I_O)         0.029     0.366 r  drone_block_design_i/processing_system7_0/inst/buffer_fclk_clk_0.FCLK_CLK_0_BUFG/O
                         net (fo=4104, routed)        0.824     1.190    drone_block_design_wrapper/drone_block_design/drone_block_design_axi_mem_intercon_0/s00_couplers_imp_1QUQC6S/drone_block_design_axi_mem_intercon_imp_auto_ds_0/drone_block_design_axi_mem_intercon_imp_auto_ds_0_axi_dwidth_converter_v2_1_37_top/drone_block_design_axi_mem_intercon_imp_auto_ds_0_axi_protocol_converter_v2_1_37_axi_protocol_converter/drone_block_design_axi_mem_intercon_imp_auto_ds_0_axi_protocol_converter_v2_1_37_axi3_conv/drone_block_design_axi_mem_intercon_imp_auto_ds_0_axi_protocol_converter_v2_1_37_a_axi3_conv/drone_block_design_axi_mem_intercon_imp_auto_ds_0_axi_data_fifo_v2_1_36_axic_fifo_0/drone_block_design_axi_mem_intercon_imp_auto_ds_0_axi_data_fifo_v2_1_36_fifo_gen/<hidden>/<hidden>/<hidden>/<hidden>/<hidden>/<hidden>/<hidden>
    SLICE_X38Y56         RAMS32                                       r  drone_block_design_wrapper/drone_block_design/drone_block_design_axi_mem_intercon_0/s00_couplers_imp_1QUQC6S/drone_block_design_axi_mem_intercon_imp_auto_ds_0/drone_block_design_axi_mem_intercon_imp_auto_ds_0_axi_dwidth_converter_v2_1_37_top/drone_block_design_axi_mem_intercon_imp_auto_ds_0_axi_protocol_converter_v2_1_37_axi_protocol_converter/drone_block_design_axi_mem_intercon_imp_auto_ds_0_axi_protocol_converter_v2_1_37_axi3_conv/drone_block_design_axi_mem_intercon_imp_auto_ds_0_axi_protocol_converter_v2_1_37_a_axi3_conv/drone_block_design_axi_mem_intercon_imp_auto_ds_0_axi_data_fifo_v2_1_36_axic_fifo_0/drone_block_design_axi_mem_intercon_imp_auto_ds_0_axi_data_fifo_v2_1_36_fifo_gen/<hidden>/<hidden>/<hidden>/<hidden>/<hidden>/<hidden>/<hidden>
                         clock pessimism             -0.285     0.905    
    SLICE_X38Y56         RAMS32 (Hold_rams32_CLK_ADR4)
                                                      0.200     1.105    drone_block_design_wrapper/drone_block_design/drone_block_design_axi_mem_intercon_0/s00_couplers_imp_1QUQC6S/drone_block_design_axi_mem_intercon_imp_auto_ds_0/drone_block_design_axi_mem_intercon_imp_auto_ds_0_axi_dwidth_converter_v2_1_37_top/drone_block_design_axi_mem_intercon_imp_auto_ds_0_axi_protocol_converter_v2_1_37_axi_protocol_converter/drone_block_design_axi_mem_intercon_imp_auto_ds_0_axi_protocol_converter_v2_1_37_axi3_conv/drone_block_design_axi_mem_intercon_imp_auto_ds_0_axi_protocol_converter_v2_1_37_a_axi3_conv/drone_block_design_axi_mem_intercon_imp_auto_ds_0_axi_data_fifo_v2_1_36_axic_fifo_0/drone_block_design_axi_mem_intercon_imp_auto_ds_0_axi_data_fifo_v2_1_36_fifo_gen/<hidden>/<hidden>/<hidden>/<hidden>/<hidden>/<hidden>/<hidden>
  -------------------------------------------------------------------
                         required time                         -1.105    
                         arrival time                           1.125    
  -------------------------------------------------------------------
                         slack                                  0.020    

Slack (MET) :             0.020ns  (arrival time - required time)
  Source:                 drone_block_design_wrapper/drone_block_design/drone_block_design_axi_mem_intercon_0/s00_couplers_imp_1QUQC6S/drone_block_design_axi_mem_intercon_imp_auto_pc_0/drone_block_design_axi_mem_intercon_imp_auto_pc_0_axi_protocol_converter_v2_1_37_axi_protocol_converter/drone_block_design_axi_mem_intercon_imp_auto_pc_0_axi_protocol_converter_v2_1_37_axi3_conv/drone_block_design_axi_mem_intercon_imp_auto_pc_0_axi_protocol_converter_v2_1_37_a_axi3_conv/drone_block_design_axi_mem_intercon_imp_auto_pc_0_axi_data_fifo_v2_1_36_axic_fifo/drone_block_design_axi_mem_intercon_imp_auto_pc_0_axi_data_fifo_v2_1_36_fifo_gen/<hidden>/<hidden>/<hidden>/<hidden>/<hidden>/<hidden>
                            (rising edge-triggered cell FDCE clocked by clk_fpga_0  {rise@0.000ns fall@5.000ns period=10.000ns})
  Destination:            drone_block_design_wrapper/drone_block_design/drone_block_design_axi_mem_intercon_0/s00_couplers_imp_1QUQC6S/drone_block_design_axi_mem_intercon_imp_auto_pc_0/drone_block_design_axi_mem_intercon_imp_auto_pc_0_axi_protocol_converter_v2_1_37_axi_protocol_converter/drone_block_design_axi_mem_intercon_imp_auto_pc_0_axi_protocol_converter_v2_1_37_axi3_conv/drone_block_design_axi_mem_intercon_imp_auto_pc_0_axi_protocol_converter_v2_1_37_a_axi3_conv/drone_block_design_axi_mem_intercon_imp_auto_pc_0_axi_data_fifo_v2_1_36_axic_fifo/drone_block_design_axi_mem_intercon_imp_auto_pc_0_axi_data_fifo_v2_1_36_fifo_gen/<hidden>/<hidden>/<hidden>/<hidden>/<hidden>/<hidden>/<hidden>
                            (rising edge-triggered cell RAMD32 clocked by clk_fpga_0  {rise@0.000ns fall@5.000ns period=10.000ns})
  Path Group:             clk_fpga_0
  Path Type:              Hold (Min at Fast Process Corner)
  Requirement:            0.000ns  (clk_fpga_0 rise@0.000ns - clk_fpga_0 rise@0.000ns)
  Data Path Delay:        0.233ns  (logic 0.141ns (60.453%)  route 0.092ns (39.547%))
  Logic Levels:           0  
  Clock Path Skew:        0.013ns (DCD - SCD - CPR)
    Destination Clock Delay (DCD):    1.226ns
    Source Clock Delay      (SCD):    0.928ns
    Clock Pessimism Removal (CPR):    0.285ns

    Location             Delay type                Incr(ns)  Path(ns)    Netlist Resource(s)
  -------------------------------------------------------------------    -------------------
                         (clock clk_fpga_0 rise edge)
                                                      0.000     0.000 r  
    PS7_X0Y0             PS7                          0.000     0.000 r  drone_block_design_i/processing_system7_0/inst/PS7_i/FCLKCLK[0]
                         net (fo=1, routed)           0.310     0.310    drone_block_design_i/processing_system7_0/inst/FCLK_CLK_unbuffered[0]
    BUFGCTRL_X0Y16       BUFG (Prop_bufg_I_O)         0.026     0.336 r  drone_block_design_i/processing_system7_0/inst/buffer_fclk_clk_0.FCLK_CLK_0_BUFG/O
                         net (fo=4104, routed)        0.592     0.928    drone_block_design_wrapper/drone_block_design/drone_block_design_axi_mem_intercon_0/s00_couplers_imp_1QUQC6S/drone_block_design_axi_mem_intercon_imp_auto_pc_0/drone_block_design_axi_mem_intercon_imp_auto_pc_0_axi_protocol_converter_v2_1_37_axi_protocol_converter/drone_block_design_axi_mem_intercon_imp_auto_pc_0_axi_protocol_converter_v2_1_37_axi3_conv/drone_block_design_axi_mem_intercon_imp_auto_pc_0_axi_protocol_converter_v2_1_37_a_axi3_conv/drone_block_design_axi_mem_intercon_imp_auto_pc_0_axi_data_fifo_v2_1_36_axic_fifo/drone_block_design_axi_mem_intercon_imp_auto_pc_0_axi_data_fifo_v2_1_36_fifo_gen/<hidden>/<hidden>/<hidden>/<hidden>/<hidden>/<hidden>
    SLICE_X27Y49         FDCE                                         r  drone_block_design_wrapper/drone_block_design/drone_block_design_axi_mem_intercon_0/s00_couplers_imp_1QUQC6S/drone_block_design_axi_mem_intercon_imp_auto_pc_0/drone_block_design_axi_mem_intercon_imp_auto_pc_0_axi_protocol_converter_v2_1_37_axi_protocol_converter/drone_block_design_axi_mem_intercon_imp_auto_pc_0_axi_protocol_converter_v2_1_37_axi3_conv/drone_block_design_axi_mem_intercon_imp_auto_pc_0_axi_protocol_converter_v2_1_37_a_axi3_conv/drone_block_design_axi_mem_intercon_imp_auto_pc_0_axi_data_fifo_v2_1_36_axic_fifo/drone_block_design_axi_mem_intercon_imp_auto_pc_0_axi_data_fifo_v2_1_36_fifo_gen/<hidden>/<hidden>/<hidden>/<hidden>/<hidden>/<hidden>
  -------------------------------------------------------------------    -------------------
    SLICE_X27Y49         FDCE (Prop_fdce_C_Q)         0.141     1.069 r  drone_block_design_wrapper/drone_block_design/drone_block_design_axi_mem_intercon_0/s00_couplers_imp_1QUQC6S/drone_block_design_axi_mem_intercon_imp_auto_pc_0/drone_block_design_axi_mem_intercon_imp_auto_pc_0_axi_protocol_converter_v2_1_37_axi_protocol_converter/drone_block_design_axi_mem_intercon_imp_auto_pc_0_axi_protocol_converter_v2_1_37_axi3_conv/drone_block_design_axi_mem_intercon_imp_auto_pc_0_axi_protocol_converter_v2_1_37_a_axi3_conv/drone_block_design_axi_mem_intercon_imp_auto_pc_0_axi_data_fifo_v2_1_36_axic_fifo/drone_block_design_axi_mem_intercon_imp_auto_pc_0_axi_data_fifo_v2_1_36_fifo_gen/<hidden>/<hidden>/<hidden>/<hidden>/<hidden>/<hidden>
                         net (fo=10, routed)          0.092     1.161    drone_block_design_wrapper/drone_block_design/drone_block_design_axi_mem_intercon_0/s00_couplers_imp_1QUQC6S/drone_block_design_axi_mem_intercon_imp_auto_pc_0/drone_block_design_axi_mem_intercon_imp_auto_pc_0_axi_protocol_converter_v2_1_37_axi_protocol_converter/drone_block_design_axi_mem_intercon_imp_auto_pc_0_axi_protocol_converter_v2_1_37_axi3_conv/drone_block_design_axi_mem_intercon_imp_auto_pc_0_axi_protocol_converter_v2_1_37_a_axi3_conv/drone_block_design_axi_mem_intercon_imp_auto_pc_0_axi_data_fifo_v2_1_36_axic_fifo/drone_block_design_axi_mem_intercon_imp_auto_pc_0_axi_data_fifo_v2_1_36_fifo_gen/<hidden>/<hidden>/<hidden>/<hidden>/<hidden>/<hidden>/<hidden>
    SLICE_X26Y49         RAMD32                                       r  drone_block_design_wrapper/drone_block_design/drone_block_design_axi_mem_intercon_0/s00_couplers_imp_1QUQC6S/drone_block_design_axi_mem_intercon_imp_auto_pc_0/drone_block_design_axi_mem_intercon_imp_auto_pc_0_axi_protocol_converter_v2_1_37_axi_protocol_converter/drone_block_design_axi_mem_intercon_imp_auto_pc_0_axi_protocol_converter_v2_1_37_axi3_conv/drone_block_design_axi_mem_intercon_imp_auto_pc_0_axi_protocol_converter_v2_1_37_a_axi3_conv/drone_block_design_axi_mem_intercon_imp_auto_pc_0_axi_data_fifo_v2_1_36_axic_fifo/drone_block_design_axi_mem_intercon_imp_auto_pc_0_axi_data_fifo_v2_1_36_fifo_gen/<hidden>/<hidden>/<hidden>/<hidden>/<hidden>/<hidden>/<hidden>
  -------------------------------------------------------------------    -------------------

                         (clock clk_fpga_0 rise edge)
                                                      0.000     0.000 r  
    PS7_X0Y0             PS7                          0.000     0.000 r  drone_block_design_i/processing_system7_0/inst/PS7_i/FCLKCLK[0]
                         net (fo=1, routed)           0.337     0.337    drone_block_design_i/processing_system7_0/inst/FCLK_CLK_unbuffered[0]
    BUFGCTRL_X0Y16       BUFG (Prop_bufg_I_O)         0.029     0.366 r  drone_block_design_i/processing_system7_0/inst/buffer_fclk_clk_0.FCLK_CLK_0_BUFG/O
                         net (fo=4104, routed)        0.860     1.226    drone_block_design_wrapper/drone_block_design/drone_block_design_axi_mem_intercon_0/s00_couplers_imp_1QUQC6S/drone_block_design_axi_mem_intercon_imp_auto_pc_0/drone_block_design_axi_mem_intercon_imp_auto_pc_0_axi_protocol_converter_v2_1_37_axi_protocol_converter/drone_block_design_axi_mem_intercon_imp_auto_pc_0_axi_protocol_converter_v2_1_37_axi3_conv/drone_block_design_axi_mem_intercon_imp_auto_pc_0_axi_protocol_converter_v2_1_37_a_axi3_conv/drone_block_design_axi_mem_intercon_imp_auto_pc_0_axi_data_fifo_v2_1_36_axic_fifo/drone_block_design_axi_mem_intercon_imp_auto_pc_0_axi_data_fifo_v2_1_36_fifo_gen/<hidden>/<hidden>/<hidden>/<hidden>/<hidden>/<hidden>/<hidden>
    SLICE_X26Y49         RAMD32                                       r  drone_block_design_wrapper/drone_block_design/drone_block_design_axi_mem_intercon_0/s00_couplers_imp_1QUQC6S/drone_block_design_axi_mem_intercon_imp_auto_pc_0/drone_block_design_axi_mem_intercon_imp_auto_pc_0_axi_protocol_converter_v2_1_37_axi_protocol_converter/drone_block_design_axi_mem_intercon_imp_auto_pc_0_axi_protocol_converter_v2_1_37_axi3_conv/drone_block_design_axi_mem_intercon_imp_auto_pc_0_axi_protocol_converter_v2_1_37_a_axi3_conv/drone_block_design_axi_mem_intercon_imp_auto_pc_0_axi_data_fifo_v2_1_36_axic_fifo/drone_block_design_axi_mem_intercon_imp_auto_pc_0_axi_data_fifo_v2_1_36_fifo_gen/<hidden>/<hidden>/<hidden>/<hidden>/<hidden>/<hidden>/<hidden>
                         clock pessimism             -0.285     0.941    
    SLICE_X26Y49         RAMD32 (Hold_ramd32_CLK_WADR4)
                                                      0.200     1.141    drone_block_design_wrapper/drone_block_design/drone_block_design_axi_mem_intercon_0/s00_couplers_imp_1QUQC6S/drone_block_design_axi_mem_intercon_imp_auto_pc_0/drone_block_design_axi_mem_intercon_imp_auto_pc_0_axi_protocol_converter_v2_1_37_axi_protocol_converter/drone_block_design_axi_mem_intercon_imp_auto_pc_0_axi_protocol_converter_v2_1_37_axi3_conv/drone_block_design_axi_mem_intercon_imp_auto_pc_0_axi_protocol_converter_v2_1_37_a_axi3_conv/drone_block_design_axi_mem_intercon_imp_auto_pc_0_axi_data_fifo_v2_1_36_axic_fifo/drone_block_design_axi_mem_intercon_imp_auto_pc_0_axi_data_fifo_v2_1_36_fifo_gen/<hidden>/<hidden>/<hidden>/<hidden>/<hidden>/<hidden>/<hidden>
  -------------------------------------------------------------------
                         required time                         -1.141    
                         arrival time                           1.161    
  -------------------------------------------------------------------
                         slack                                  0.020    





Pulse Width Checks
--------------------------------------------------------------------------------------
Clock Name:         clk_fpga_0
Waveform(ns):       { 0.000 5.000 }
Period(ns):         10.000
Sources:            { drone_block_design_i/processing_system7_0/inst/PS7_i/FCLKCLK[0] }

Check Type        Corner  Lib Pin             Reference Pin  Required(ns)  Actual(ns)  Slack(ns)  Location        Pin
Min Period        n/a     RAMB36E1/CLKARDCLK  n/a            2.576         10.000      7.424      RAMB36_X2Y6     drone_block_design_i/axi_dma_0/U0/I_PRMRY_DATAMOVER/GEN_S2MM_FULL.I_S2MM_FULL_WRAPPER/GEN_ENABLE_INDET_BTT_SF.I_INDET_BTT/I_DATA_FIFO/BLK_MEM.I_SYNC_FIFOGEN_FIFO/xpm_fifo_base_inst/gen_sdpram.xpm_memory_base_inst/gen_wr_a.gen_word_narrow.mem_reg_0/CLKARDCLK
Min Period        n/a     RAMB36E1/CLKBWRCLK  n/a            2.576         10.000      7.424      RAMB36_X2Y6     drone_block_design_i/axi_dma_0/U0/I_PRMRY_DATAMOVER/GEN_S2MM_FULL.I_S2MM_FULL_WRAPPER/GEN_ENABLE_INDET_BTT_SF.I_INDET_BTT/I_DATA_FIFO/BLK_MEM.I_SYNC_FIFOGEN_FIFO/xpm_fifo_base_inst/gen_sdpram.xpm_memory_base_inst/gen_wr_a.gen_word_narrow.mem_reg_0/CLKBWRCLK
Min Period        n/a     RAMB36E1/CLKARDCLK  n/a            2.576         10.000      7.424      RAMB36_X2Y8     drone_block_design_i/axi_dma_0/U0/I_PRMRY_DATAMOVER/GEN_S2MM_FULL.I_S2MM_FULL_WRAPPER/GEN_ENABLE_INDET_BTT_SF.I_INDET_BTT/I_DATA_FIFO/BLK_MEM.I_SYNC_FIFOGEN_FIFO/xpm_fifo_base_inst/gen_sdpram.xpm_memory_base_inst/gen_wr_a.gen_word_narrow.mem_reg_1/CLKARDCLK
Min Period        n/a     RAMB36E1/CLKBWRCLK  n/a            2.576         10.000      7.424      RAMB36_X2Y8     drone_block_design_i/axi_dma_0/U0/I_PRMRY_DATAMOVER/GEN_S2MM_FULL.I_S2MM_FULL_WRAPPER/GEN_ENABLE_INDET_BTT_SF.I_INDET_BTT/I_DATA_FIFO/BLK_MEM.I_SYNC_FIFOGEN_FIFO/xpm_fifo_base_inst/gen_sdpram.xpm_memory_base_inst/gen_wr_a.gen_word_narrow.mem_reg_1/CLKBWRCLK
Min Period        n/a     RAMB18E1/CLKARDCLK  n/a            2.576         10.000      7.424      RAMB18_X2Y14    drone_block_design_i/axi_dma_0/U0/I_PRMRY_DATAMOVER/GEN_S2MM_FULL.I_S2MM_FULL_WRAPPER/GEN_ENABLE_INDET_BTT_SF.I_INDET_BTT/I_DATA_FIFO/BLK_MEM.I_SYNC_FIFOGEN_FIFO/xpm_fifo_base_inst/gen_sdpram.xpm_memory_base_inst/gen_wr_a.gen_word_narrow.mem_reg_2/CLKARDCLK
Min Period        n/a     RAMB18E1/CLKBWRCLK  n/a            2.576         10.000      7.424      RAMB18_X2Y14    drone_block_design_i/axi_dma_0/U0/I_PRMRY_DATAMOVER/GEN_S2MM_FULL.I_S2MM_FULL_WRAPPER/GEN_ENABLE_INDET_BTT_SF.I_INDET_BTT/I_DATA_FIFO/BLK_MEM.I_SYNC_FIFOGEN_FIFO/xpm_fifo_base_inst/gen_sdpram.xpm_memory_base_inst/gen_wr_a.gen_word_narrow.mem_reg_2/CLKBWRCLK
Min Period        n/a     BUFG/I              n/a            2.155         10.000      7.845      BUFGCTRL_X0Y16  drone_block_design_i/processing_system7_0/inst/buffer_fclk_clk_0.FCLK_CLK_0_BUFG/I
Min Period        n/a     FDRE/C              n/a            1.000         10.000      9.000      SLICE_X33Y80    drone_block_design_i/axi_dma_0/U0/INCLUDE_S2MM_SOF_EOF_GENERATOR.I_S2MM_DMA_MNGR/GEN_S2MM_DMA_CONTROL.s2mm_stop_reg/C
Min Period        n/a     FDRE/C              n/a            1.000         10.000      9.000      SLICE_X33Y80    drone_block_design_i/axi_dma_0/U0/INCLUDE_S2MM_SOF_EOF_GENERATOR.I_S2MM_DMA_MNGR/GEN_S2MM_DMA_CONTROL.GEN_SIMPLE_DMA_MODE.I_S2MM_SMPL_SM/FSM_sequential_smpl_cs_reg[0]/C
Min Period        n/a     FDRE/C              n/a            1.000         10.000      9.000      SLICE_X33Y80    drone_block_design_i/axi_dma_0/U0/INCLUDE_S2MM_SOF_EOF_GENERATOR.I_S2MM_DMA_MNGR/GEN_S2MM_DMA_CONTROL.GEN_SIMPLE_DMA_MODE.I_S2MM_SMPL_SM/FSM_sequential_smpl_cs_reg[1]/C
Low Pulse Width   Slow    RAMD32/CLK          n/a            1.250         5.000       3.750      SLICE_X38Y62    drone_block_design_i/axi_dma_0/U0/I_PRMRY_DATAMOVER/GEN_S2MM_FULL.I_S2MM_FULL_WRAPPER/GEN_ENABLE_INDET_BTT_SF.I_INDET_BTT/I_XD_FIFO/NON_BLK_MEM.I_SYNC_FIFOGEN_FIFO/xpm_fifo_base_inst/gen_sdpram.xpm_memory_base_inst/gen_wr_a.gen_word_narrow.mem_reg_0_15_0_5/RAMA/CLK
Low Pulse Width   Fast    RAMD32/CLK          n/a            1.250         5.000       3.750      SLICE_X38Y62    drone_block_design_i/axi_dma_0/U0/I_PRMRY_DATAMOVER/GEN_S2MM_FULL.I_S2MM_FULL_WRAPPER/GEN_ENABLE_INDET_BTT_SF.I_INDET_BTT/I_XD_FIFO/NON_BLK_MEM.I_SYNC_FIFOGEN_FIFO/xpm_fifo_base_inst/gen_sdpram.xpm_memory_base_inst/gen_wr_a.gen_word_narrow.mem_reg_0_15_0_5/RAMA/CLK
Low Pulse Width   Slow    RAMD32/CLK          n/a            1.250         5.000       3.750      SLICE_X38Y62    drone_block_design_i/axi_dma_0/U0/I_PRMRY_DATAMOVER/GEN_S2MM_FULL.I_S2MM_FULL_WRAPPER/GEN_ENABLE_INDET_BTT_SF.I_INDET_BTT/I_XD_FIFO/NON_BLK_MEM.I_SYNC_FIFOGEN_FIFO/xpm_fifo_base_inst/gen_sdpram.xpm_memory_base_inst/gen_wr_a.gen_word_narrow.mem_reg_0_15_0_5/RAMA_D1/CLK
Low Pulse Width   Fast    RAMD32/CLK          n/a            1.250         5.000       3.750      SLICE_X38Y62    drone_block_design_i/axi_dma_0/U0/I_PRMRY_DATAMOVER/GEN_S2MM_FULL.I_S2MM_FULL_WRAPPER/GEN_ENABLE_INDET_BTT_SF.I_INDET_BTT/I_XD_FIFO/NON_BLK_MEM.I_SYNC_FIFOGEN_FIFO/xpm_fifo_base_inst/gen_sdpram.xpm_memory_base_inst/gen_wr_a.gen_word_narrow.mem_reg_0_15_0_5/RAMA_D1/CLK
Low Pulse Width   Slow    RAMD32/CLK          n/a            1.250         5.000       3.750      SLICE_X38Y62    drone_block_design_i/axi_dma_0/U0/I_PRMRY_DATAMOVER/GEN_S2MM_FULL.I_S2MM_FULL_WRAPPER/GEN_ENABLE_INDET_BTT_SF.I_INDET_BTT/I_XD_FIFO/NON_BLK_MEM.I_SYNC_FIFOGEN_FIFO/xpm_fifo_base_inst/gen_sdpram.xpm_memory_base_inst/gen_wr_a.gen_word_narrow.mem_reg_0_15_0_5/RAMB/CLK
Low Pulse Width   Fast    RAMD32/CLK          n/a            1.250         5.000       3.750      SLICE_X38Y62    drone_block_design_i/axi_dma_0/U0/I_PRMRY_DATAMOVER/GEN_S2MM_FULL.I_S2MM_FULL_WRAPPER/GEN_ENABLE_INDET_BTT_SF.I_INDET_BTT/I_XD_FIFO/NON_BLK_MEM.I_SYNC_FIFOGEN_FIFO/xpm_fifo_base_inst/gen_sdpram.xpm_memory_base_inst/gen_wr_a.gen_word_narrow.mem_reg_0_15_0_5/RAMB/CLK
Low Pulse Width   Slow    RAMD32/CLK          n/a            1.250         5.000       3.750      SLICE_X38Y62    drone_block_design_i/axi_dma_0/U0/I_PRMRY_DATAMOVER/GEN_S2MM_FULL.I_S2MM_FULL_WRAPPER/GEN_ENABLE_INDET_BTT_SF.I_INDET_BTT/I_XD_FIFO/NON_BLK_MEM.I_SYNC_FIFOGEN_FIFO/xpm_fifo_base_inst/gen_sdpram.xpm_memory_base_inst/gen_wr_a.gen_word_narrow.mem_reg_0_15_0_5/RAMB_D1/CLK
Low Pulse Width   Fast    RAMD32/CLK          n/a            1.250         5.000       3.750      SLICE_X38Y62    drone_block_design_i/axi_dma_0/U0/I_PRMRY_DATAMOVER/GEN_S2MM_FULL.I_S2MM_FULL_WRAPPER/GEN_ENABLE_INDET_BTT_SF.I_INDET_BTT/I_XD_FIFO/NON_BLK_MEM.I_SYNC_FIFOGEN_FIFO/xpm_fifo_base_inst/gen_sdpram.xpm_memory_base_inst/gen_wr_a.gen_word_narrow.mem_reg_0_15_0_5/RAMB_D1/CLK
Low Pulse Width   Slow    RAMD32/CLK          n/a            1.250         5.000       3.750      SLICE_X38Y62    drone_block_design_i/axi_dma_0/U0/I_PRMRY_DATAMOVER/GEN_S2MM_FULL.I_S2MM_FULL_WRAPPER/GEN_ENABLE_INDET_BTT_SF.I_INDET_BTT/I_XD_FIFO/NON_BLK_MEM.I_SYNC_FIFOGEN_FIFO/xpm_fifo_base_inst/gen_sdpram.xpm_memory_base_inst/gen_wr_a.gen_word_narrow.mem_reg_0_15_0_5/RAMC/CLK
Low Pulse Width   Fast    RAMD32/CLK          n/a            1.250         5.000       3.750      SLICE_X38Y62    drone_block_design_i/axi_dma_0/U0/I_PRMRY_DATAMOVER/GEN_S2MM_FULL.I_S2MM_FULL_WRAPPER/GEN_ENABLE_INDET_BTT_SF.I_INDET_BTT/I_XD_FIFO/NON_BLK_MEM.I_SYNC_FIFOGEN_FIFO/xpm_fifo_base_inst/gen_sdpram.xpm_memory_base_inst/gen_wr_a.gen_word_narrow.mem_reg_0_15_0_5/RAMC/CLK
High Pulse Width  Slow    RAMD32/CLK          n/a            1.250         5.000       3.750      SLICE_X38Y62    drone_block_design_i/axi_dma_0/U0/I_PRMRY_DATAMOVER/GEN_S2MM_FULL.I_S2MM_FULL_WRAPPER/GEN_ENABLE_INDET_BTT_SF.I_INDET_BTT/I_XD_FIFO/NON_BLK_MEM.I_SYNC_FIFOGEN_FIFO/xpm_fifo_base_inst/gen_sdpram.xpm_memory_base_inst/gen_wr_a.gen_word_narrow.mem_reg_0_15_0_5/RAMA/CLK
High Pulse Width  Fast    RAMD32/CLK          n/a            1.250         5.000       3.750      SLICE_X38Y62    drone_block_design_i/axi_dma_0/U0/I_PRMRY_DATAMOVER/GEN_S2MM_FULL.I_S2MM_FULL_WRAPPER/GEN_ENABLE_INDET_BTT_SF.I_INDET_BTT/I_XD_FIFO/NON_BLK_MEM.I_SYNC_FIFOGEN_FIFO/xpm_fifo_base_inst/gen_sdpram.xpm_memory_base_inst/gen_wr_a.gen_word_narrow.mem_reg_0_15_0_5/RAMA/CLK
High Pulse Width  Slow    RAMD32/CLK          n/a            1.250         5.000       3.750      SLICE_X38Y62    drone_block_design_i/axi_dma_0/U0/I_PRMRY_DATAMOVER/GEN_S2MM_FULL.I_S2MM_FULL_WRAPPER/GEN_ENABLE_INDET_BTT_SF.I_INDET_BTT/I_XD_FIFO/NON_BLK_MEM.I_SYNC_FIFOGEN_FIFO/xpm_fifo_base_inst/gen_sdpram.xpm_memory_base_inst/gen_wr_a.gen_word_narrow.mem_reg_0_15_0_5/RAMA_D1/CLK
High Pulse Width  Fast    RAMD32/CLK          n/a            1.250         5.000       3.750      SLICE_X38Y62    drone_block_design_i/axi_dma_0/U0/I_PRMRY_DATAMOVER/GEN_S2MM_FULL.I_S2MM_FULL_WRAPPER/GEN_ENABLE_INDET_BTT_SF.I_INDET_BTT/I_XD_FIFO/NON_BLK_MEM.I_SYNC_FIFOGEN_FIFO/xpm_fifo_base_inst/gen_sdpram.xpm_memory_base_inst/gen_wr_a.gen_word_narrow.mem_reg_0_15_0_5/RAMA_D1/CLK
High Pulse Width  Slow    RAMD32/CLK          n/a            1.250         5.000       3.750      SLICE_X38Y62    drone_block_design_i/axi_dma_0/U0/I_PRMRY_DATAMOVER/GEN_S2MM_FULL.I_S2MM_FULL_WRAPPER/GEN_ENABLE_INDET_BTT_SF.I_INDET_BTT/I_XD_FIFO/NON_BLK_MEM.I_SYNC_FIFOGEN_FIFO/xpm_fifo_base_inst/gen_sdpram.xpm_memory_base_inst/gen_wr_a.gen_word_narrow.mem_reg_0_15_0_5/RAMB/CLK
High Pulse Width  Fast    RAMD32/CLK          n/a            1.250         5.000       3.750      SLICE_X38Y62    drone_block_design_i/axi_dma_0/U0/I_PRMRY_DATAMOVER/GEN_S2MM_FULL.I_S2MM_FULL_WRAPPER/GEN_ENABLE_INDET_BTT_SF.I_INDET_BTT/I_XD_FIFO/NON_BLK_MEM.I_SYNC_FIFOGEN_FIFO/xpm_fifo_base_inst/gen_sdpram.xpm_memory_base_inst/gen_wr_a.gen_word_narrow.mem_reg_0_15_0_5/RAMB/CLK
High Pulse Width  Slow    RAMD32/CLK          n/a            1.250         5.000       3.750      SLICE_X38Y62    drone_block_design_i/axi_dma_0/U0/I_PRMRY_DATAMOVER/GEN_S2MM_FULL.I_S2MM_FULL_WRAPPER/GEN_ENABLE_INDET_BTT_SF.I_INDET_BTT/I_XD_FIFO/NON_BLK_MEM.I_SYNC_FIFOGEN_FIFO/xpm_fifo_base_inst/gen_sdpram.xpm_memory_base_inst/gen_wr_a.gen_word_narrow.mem_reg_0_15_0_5/RAMB_D1/CLK
High Pulse Width  Fast    RAMD32/CLK          n/a            1.250         5.000       3.750      SLICE_X38Y62    drone_block_design_i/axi_dma_0/U0/I_PRMRY_DATAMOVER/GEN_S2MM_FULL.I_S2MM_FULL_WRAPPER/GEN_ENABLE_INDET_BTT_SF.I_INDET_BTT/I_XD_FIFO/NON_BLK_MEM.I_SYNC_FIFOGEN_FIFO/xpm_fifo_base_inst/gen_sdpram.xpm_memory_base_inst/gen_wr_a.gen_word_narrow.mem_reg_0_15_0_5/RAMB_D1/CLK
High Pulse Width  Slow    RAMD32/CLK          n/a            1.250         5.000       3.750      SLICE_X38Y62    drone_block_design_i/axi_dma_0/U0/I_PRMRY_DATAMOVER/GEN_S2MM_FULL.I_S2MM_FULL_WRAPPER/GEN_ENABLE_INDET_BTT_SF.I_INDET_BTT/I_XD_FIFO/NON_BLK_MEM.I_SYNC_FIFOGEN_FIFO/xpm_fifo_base_inst/gen_sdpram.xpm_memory_base_inst/gen_wr_a.gen_word_narrow.mem_reg_0_15_0_5/RAMC/CLK
High Pulse Width  Fast    RAMD32/CLK          n/a            1.250         5.000       3.750      SLICE_X38Y62    drone_block_design_i/axi_dma_0/U0/I_PRMRY_DATAMOVER/GEN_S2MM_FULL.I_S2MM_FULL_WRAPPER/GEN_ENABLE_INDET_BTT_SF.I_INDET_BTT/I_XD_FIFO/NON_BLK_MEM.I_SYNC_FIFOGEN_FIFO/xpm_fifo_base_inst/gen_sdpram.xpm_memory_base_inst/gen_wr_a.gen_word_narrow.mem_reg_0_15_0_5/RAMC/CLK



---------------------------------------------------------------------------------------------------
Path Group:  **async_default**
From Clock:  clk_fpga_0
  To Clock:  clk_fpga_0

Setup :            0  Failing Endpoints,  Worst Slack        6.520ns,  Total Violation        0.000ns
Hold  :            0  Failing Endpoints,  Worst Slack        0.580ns,  Total Violation        0.000ns
---------------------------------------------------------------------------------------------------


Max Delay Paths
--------------------------------------------------------------------------------------
Slack (MET) :             6.520ns  (required time - arrival time)
  Source:                 drone_block_design_wrapper/drone_block_design/drone_block_design_axi_mem_intercon_0/s00_couplers_imp_1QUQC6S/drone_block_design_axi_mem_intercon_imp_auto_ds_0/drone_block_design_axi_mem_intercon_imp_auto_ds_0_axi_dwidth_converter_v2_1_37_top/drone_block_design_axi_mem_intercon_imp_auto_ds_0_axi_dwidth_converter_v2_1_37_axi_downsizer/drone_block_design_axi_mem_intercon_imp_auto_ds_0_axi_dwidth_converter_v2_1_37_a_downsizer/drone_block_design_axi_mem_intercon_imp_auto_ds_0_axi_data_fifo_v2_1_36_axic_fifo__parameterized1/drone_block_design_axi_mem_intercon_imp_auto_ds_0_axi_data_fifo_v2_1_36_fifo_gen__parameterized1/<hidden>/<hidden>/<hidden>/<hidden>/<hidden>/<hidden>
                            (rising edge-triggered cell FDPE clocked by clk_fpga_0  {rise@0.000ns fall@5.000ns period=10.000ns})
  Destination:            drone_block_design_wrapper/drone_block_design/drone_block_design_axi_mem_intercon_0/s00_couplers_imp_1QUQC6S/drone_block_design_axi_mem_intercon_imp_auto_ds_0/drone_block_design_axi_mem_intercon_imp_auto_ds_0_axi_dwidth_converter_v2_1_37_top/drone_block_design_axi_mem_intercon_imp_auto_ds_0_axi_dwidth_converter_v2_1_37_axi_downsizer/drone_block_design_axi_mem_intercon_imp_auto_ds_0_axi_dwidth_converter_v2_1_37_a_downsizer/drone_block_design_axi_mem_intercon_imp_auto_ds_0_axi_data_fifo_v2_1_36_axic_fifo__parameterized1/drone_block_design_axi_mem_intercon_imp_auto_ds_0_axi_data_fifo_v2_1_36_fifo_gen__parameterized1/<hidden>/<hidden>/<hidden>/<hidden>/<hidden>/<hidden>
                            (recovery check against rising-edge clock clk_fpga_0  {rise@0.000ns fall@5.000ns period=10.000ns})
  Path Group:             **async_default**
  Path Type:              Recovery (Max at Slow Process Corner)
  Requirement:            10.000ns  (clk_fpga_0 rise@10.000ns - clk_fpga_0 rise@0.000ns)
  Data Path Delay:        2.939ns  (logic 0.718ns (24.428%)  route 2.221ns (75.572%))
  Logic Levels:           1  (LUT3=1)
  Clock Path Skew:        -0.026ns (DCD - SCD + CPR)
    Destination Clock Delay (DCD):    2.658ns = ( 12.658 - 10.000 ) 
    Source Clock Delay      (SCD):    2.947ns
    Clock Pessimism Removal (CPR):    0.263ns
  Clock Uncertainty:      0.154ns  ((TSJ^2 + TIJ^2)^1/2 + DJ) / 2 + PE
    Total System Jitter     (TSJ):    0.071ns
    Total Input Jitter      (TIJ):    0.300ns
    Discrete Jitter          (DJ):    0.000ns
    Phase Error              (PE):    0.000ns

    Location             Delay type                Incr(ns)  Path(ns)    Netlist Resource(s)
  -------------------------------------------------------------------    -------------------
                         (clock clk_fpga_0 rise edge)
                                                      0.000     0.000 r  
    PS7_X0Y0             PS7                          0.000     0.000 r  drone_block_design_i/processing_system7_0/inst/PS7_i/FCLKCLK[0]
                         net (fo=1, routed)           1.193     1.193    drone_block_design_i/processing_system7_0/inst/FCLK_CLK_unbuffered[0]
    BUFGCTRL_X0Y16       BUFG (Prop_bufg_I_O)         0.101     1.294 r  drone_block_design_i/processing_system7_0/inst/buffer_fclk_clk_0.FCLK_CLK_0_BUFG/O
                         net (fo=4104, routed)        1.653     2.947    drone_block_design_wrapper/drone_block_design/drone_block_design_axi_mem_intercon_0/s00_couplers_imp_1QUQC6S/drone_block_design_axi_mem_intercon_imp_auto_ds_0/drone_block_design_axi_mem_intercon_imp_auto_ds_0_axi_dwidth_converter_v2_1_37_top/drone_block_design_axi_mem_intercon_imp_auto_ds_0_axi_dwidth_converter_v2_1_37_axi_downsizer/drone_block_design_axi_mem_intercon_imp_auto_ds_0_axi_dwidth_converter_v2_1_37_a_downsizer/drone_block_design_axi_mem_intercon_imp_auto_ds_0_axi_data_fifo_v2_1_36_axic_fifo__parameterized1/drone_block_design_axi_mem_intercon_imp_auto_ds_0_axi_data_fifo_v2_1_36_fifo_gen__parameterized1/<hidden>/<hidden>/<hidden>/<hidden>/<hidden>/<hidden>
    SLICE_X39Y52         FDPE                                         r  drone_block_design_wrapper/drone_block_design/drone_block_design_axi_mem_intercon_0/s00_couplers_imp_1QUQC6S/drone_block_design_axi_mem_intercon_imp_auto_ds_0/drone_block_design_axi_mem_intercon_imp_auto_ds_0_axi_dwidth_converter_v2_1_37_top/drone_block_design_axi_mem_intercon_imp_auto_ds_0_axi_dwidth_converter_v2_1_37_axi_downsizer/drone_block_design_axi_mem_intercon_imp_auto_ds_0_axi_dwidth_converter_v2_1_37_a_downsizer/drone_block_design_axi_mem_intercon_imp_auto_ds_0_axi_data_fifo_v2_1_36_axic_fifo__parameterized1/drone_block_design_axi_mem_intercon_imp_auto_ds_0_axi_data_fifo_v2_1_36_fifo_gen__parameterized1/<hidden>/<hidden>/<hidden>/<hidden>/<hidden>/<hidden>
  -------------------------------------------------------------------    -------------------
    SLICE_X39Y52         FDPE (Prop_fdpe_C_Q)         0.419     3.366 f  drone_block_design_wrapper/drone_block_design/drone_block_design_axi_mem_intercon_0/s00_couplers_imp_1QUQC6S/drone_block_design_axi_mem_intercon_imp_auto_ds_0/drone_block_design_axi_mem_intercon_imp_auto_ds_0_axi_dwidth_converter_v2_1_37_top/drone_block_design_axi_mem_intercon_imp_auto_ds_0_axi_dwidth_converter_v2_1_37_axi_downsizer/drone_block_design_axi_mem_intercon_imp_auto_ds_0_axi_dwidth_converter_v2_1_37_a_downsizer/drone_block_design_axi_mem_intercon_imp_auto_ds_0_axi_data_fifo_v2_1_36_axic_fifo__parameterized1/drone_block_design_axi_mem_intercon_imp_auto_ds_0_axi_data_fifo_v2_1_36_fifo_gen__parameterized1/<hidden>/<hidden>/<hidden>/<hidden>/<hidden>/<hidden>
                         net (fo=3, routed)           0.815     4.181    drone_block_design_wrapper/drone_block_design/drone_block_design_axi_mem_intercon_0/s00_couplers_imp_1QUQC6S/drone_block_design_axi_mem_intercon_imp_auto_ds_0/drone_block_design_axi_mem_intercon_imp_auto_ds_0_axi_dwidth_converter_v2_1_37_top/drone_block_design_axi_mem_intercon_imp_auto_ds_0_axi_dwidth_converter_v2_1_37_axi_downsizer/drone_block_design_axi_mem_intercon_imp_auto_ds_0_axi_dwidth_converter_v2_1_37_a_downsizer/drone_block_design_axi_mem_intercon_imp_auto_ds_0_axi_data_fifo_v2_1_36_axic_fifo__parameterized1/drone_block_design_axi_mem_intercon_imp_auto_ds_0_axi_data_fifo_v2_1_36_fifo_gen__parameterized1/<hidden>/<hidden>/<hidden>/<hidden>/<hidden>
    SLICE_X39Y53         LUT3 (Prop_lut3_I2_O)        0.299     4.480 f  drone_block_design_wrapper/drone_block_design/drone_block_design_axi_mem_intercon_0/s00_couplers_imp_1QUQC6S/drone_block_design_axi_mem_intercon_imp_auto_ds_0/drone_block_design_axi_mem_intercon_imp_auto_ds_0_axi_dwidth_converter_v2_1_37_top/drone_block_design_axi_mem_intercon_imp_auto_ds_0_axi_dwidth_converter_v2_1_37_axi_downsizer/drone_block_design_axi_mem_intercon_imp_auto_ds_0_axi_dwidth_converter_v2_1_37_a_downsizer/drone_block_design_axi_mem_intercon_imp_auto_ds_0_axi_data_fifo_v2_1_36_axic_fifo__parameterized1/drone_block_design_axi_mem_intercon_imp_auto_ds_0_axi_data_fifo_v2_1_36_fifo_gen__parameterized1/<hidden>/<hidden>/<hidden>/<hidden>/<hidden>
                         net (fo=32, routed)          1.406     5.886    drone_block_design_wrapper/drone_block_design/drone_block_design_axi_mem_intercon_0/s00_couplers_imp_1QUQC6S/drone_block_design_axi_mem_intercon_imp_auto_ds_0/drone_block_design_axi_mem_intercon_imp_auto_ds_0_axi_dwidth_converter_v2_1_37_top/drone_block_design_axi_mem_intercon_imp_auto_ds_0_axi_dwidth_converter_v2_1_37_axi_downsizer/drone_block_design_axi_mem_intercon_imp_auto_ds_0_axi_dwidth_converter_v2_1_37_a_downsizer/drone_block_design_axi_mem_intercon_imp_auto_ds_0_axi_data_fifo_v2_1_36_axic_fifo__parameterized1/drone_block_design_axi_mem_intercon_imp_auto_ds_0_axi_data_fifo_v2_1_36_fifo_gen__parameterized1/<hidden>/<hidden>/<hidden>/<hidden>/<hidden>/<hidden>
    SLICE_X36Y54         FDCE                                         f  drone_block_design_wrapper/drone_block_design/drone_block_design_axi_mem_intercon_0/s00_couplers_imp_1QUQC6S/drone_block_design_axi_mem_intercon_imp_auto_ds_0/drone_block_design_axi_mem_intercon_imp_auto_ds_0_axi_dwidth_converter_v2_1_37_top/drone_block_design_axi_mem_intercon_imp_auto_ds_0_axi_dwidth_converter_v2_1_37_axi_downsizer/drone_block_design_axi_mem_intercon_imp_auto_ds_0_axi_dwidth_converter_v2_1_37_a_downsizer/drone_block_design_axi_mem_intercon_imp_auto_ds_0_axi_data_fifo_v2_1_36_axic_fifo__parameterized1/drone_block_design_axi_mem_intercon_imp_auto_ds_0_axi_data_fifo_v2_1_36_fifo_gen__parameterized1/<hidden>/<hidden>/<hidden>/<hidden>/<hidden>/<hidden>
  -------------------------------------------------------------------    -------------------

                         (clock clk_fpga_0 rise edge)
                                                     10.000    10.000 r  
    PS7_X0Y0             PS7                          0.000    10.000 r  drone_block_design_i/processing_system7_0/inst/PS7_i/FCLKCLK[0]
                         net (fo=1, routed)           1.088    11.088    drone_block_design_i/processing_system7_0/inst/FCLK_CLK_unbuffered[0]
    BUFGCTRL_X0Y16       BUFG (Prop_bufg_I_O)         0.091    11.179 r  drone_block_design_i/processing_system7_0/inst/buffer_fclk_clk_0.FCLK_CLK_0_BUFG/O
                         net (fo=4104, routed)        1.479    12.658    drone_block_design_wrapper/drone_block_design/drone_block_design_axi_mem_intercon_0/s00_couplers_imp_1QUQC6S/drone_block_design_axi_mem_intercon_imp_auto_ds_0/drone_block_design_axi_mem_intercon_imp_auto_ds_0_axi_dwidth_converter_v2_1_37_top/drone_block_design_axi_mem_intercon_imp_auto_ds_0_axi_dwidth_converter_v2_1_37_axi_downsizer/drone_block_design_axi_mem_intercon_imp_auto_ds_0_axi_dwidth_converter_v2_1_37_a_downsizer/drone_block_design_axi_mem_intercon_imp_auto_ds_0_axi_data_fifo_v2_1_36_axic_fifo__parameterized1/drone_block_design_axi_mem_intercon_imp_auto_ds_0_axi_data_fifo_v2_1_36_fifo_gen__parameterized1/<hidden>/<hidden>/<hidden>/<hidden>/<hidden>/<hidden>
    SLICE_X36Y54         FDCE                                         r  drone_block_design_wrapper/drone_block_design/drone_block_design_axi_mem_intercon_0/s00_couplers_imp_1QUQC6S/drone_block_design_axi_mem_intercon_imp_auto_ds_0/drone_block_design_axi_mem_intercon_imp_auto_ds_0_axi_dwidth_converter_v2_1_37_top/drone_block_design_axi_mem_intercon_imp_auto_ds_0_axi_dwidth_converter_v2_1_37_axi_downsizer/drone_block_design_axi_mem_intercon_imp_auto_ds_0_axi_dwidth_converter_v2_1_37_a_downsizer/drone_block_design_axi_mem_intercon_imp_auto_ds_0_axi_data_fifo_v2_1_36_axic_fifo__parameterized1/drone_block_design_axi_mem_intercon_imp_auto_ds_0_axi_data_fifo_v2_1_36_fifo_gen__parameterized1/<hidden>/<hidden>/<hidden>/<hidden>/<hidden>/<hidden>
                         clock pessimism              0.263    12.921    
                         clock uncertainty           -0.154    12.767    
    SLICE_X36Y54         FDCE (Recov_fdce_C_CLR)     -0.361    12.406    drone_block_design_wrapper/drone_block_design/drone_block_design_axi_mem_intercon_0/s00_couplers_imp_1QUQC6S/drone_block_design_axi_mem_intercon_imp_auto_ds_0/drone_block_design_axi_mem_intercon_imp_auto_ds_0_axi_dwidth_converter_v2_1_37_top/drone_block_design_axi_mem_intercon_imp_auto_ds_0_axi_dwidth_converter_v2_1_37_axi_downsizer/drone_block_design_axi_mem_intercon_imp_auto_ds_0_axi_dwidth_converter_v2_1_37_a_downsizer/drone_block_design_axi_mem_intercon_imp_auto_ds_0_axi_data_fifo_v2_1_36_axic_fifo__parameterized1/drone_block_design_axi_mem_intercon_imp_auto_ds_0_axi_data_fifo_v2_1_36_fifo_gen__parameterized1/<hidden>/<hidden>/<hidden>/<hidden>/<hidden>/<hidden>
  -------------------------------------------------------------------
                         required time                         12.406    
                         arrival time                          -5.886    
  -------------------------------------------------------------------
                         slack                                  6.520    

Slack (MET) :             6.520ns  (required time - arrival time)
  Source:                 drone_block_design_wrapper/drone_block_design/drone_block_design_axi_mem_intercon_0/s00_couplers_imp_1QUQC6S/drone_block_design_axi_mem_intercon_imp_auto_ds_0/drone_block_design_axi_mem_intercon_imp_auto_ds_0_axi_dwidth_converter_v2_1_37_top/drone_block_design_axi_mem_intercon_imp_auto_ds_0_axi_dwidth_converter_v2_1_37_axi_downsizer/drone_block_design_axi_mem_intercon_imp_auto_ds_0_axi_dwidth_converter_v2_1_37_a_downsizer/drone_block_design_axi_mem_intercon_imp_auto_ds_0_axi_data_fifo_v2_1_36_axic_fifo__parameterized1/drone_block_design_axi_mem_intercon_imp_auto_ds_0_axi_data_fifo_v2_1_36_fifo_gen__parameterized1/<hidden>/<hidden>/<hidden>/<hidden>/<hidden>/<hidden>
                            (rising edge-triggered cell FDPE clocked by clk_fpga_0  {rise@0.000ns fall@5.000ns period=10.000ns})
  Destination:            drone_block_design_wrapper/drone_block_design/drone_block_design_axi_mem_intercon_0/s00_couplers_imp_1QUQC6S/drone_block_design_axi_mem_intercon_imp_auto_ds_0/drone_block_design_axi_mem_intercon_imp_auto_ds_0_axi_dwidth_converter_v2_1_37_top/drone_block_design_axi_mem_intercon_imp_auto_ds_0_axi_dwidth_converter_v2_1_37_axi_downsizer/drone_block_design_axi_mem_intercon_imp_auto_ds_0_axi_dwidth_converter_v2_1_37_a_downsizer/drone_block_design_axi_mem_intercon_imp_auto_ds_0_axi_data_fifo_v2_1_36_axic_fifo__parameterized1/drone_block_design_axi_mem_intercon_imp_auto_ds_0_axi_data_fifo_v2_1_36_fifo_gen__parameterized1/<hidden>/<hidden>/<hidden>/<hidden>/<hidden>/<hidden>
                            (recovery check against rising-edge clock clk_fpga_0  {rise@0.000ns fall@5.000ns period=10.000ns})
  Path Group:             **async_default**
  Path Type:              Recovery (Max at Slow Process Corner)
  Requirement:            10.000ns  (clk_fpga_0 rise@10.000ns - clk_fpga_0 rise@0.000ns)
  Data Path Delay:        2.939ns  (logic 0.718ns (24.428%)  route 2.221ns (75.572%))
  Logic Levels:           1  (LUT3=1)
  Clock Path Skew:        -0.026ns (DCD - SCD + CPR)
    Destination Clock Delay (DCD):    2.658ns = ( 12.658 - 10.000 ) 
    Source Clock Delay      (SCD):    2.947ns
    Clock Pessimism Removal (CPR):    0.263ns
  Clock Uncertainty:      0.154ns  ((TSJ^2 + TIJ^2)^1/2 + DJ) / 2 + PE
    Total System Jitter     (TSJ):    0.071ns
    Total Input Jitter      (TIJ):    0.300ns
    Discrete Jitter          (DJ):    0.000ns
    Phase Error              (PE):    0.000ns

    Location             Delay type                Incr(ns)  Path(ns)    Netlist Resource(s)
  -------------------------------------------------------------------    -------------------
                         (clock clk_fpga_0 rise edge)
                                                      0.000     0.000 r  
    PS7_X0Y0             PS7                          0.000     0.000 r  drone_block_design_i/processing_system7_0/inst/PS7_i/FCLKCLK[0]
                         net (fo=1, routed)           1.193     1.193    drone_block_design_i/processing_system7_0/inst/FCLK_CLK_unbuffered[0]
    BUFGCTRL_X0Y16       BUFG (Prop_bufg_I_O)         0.101     1.294 r  drone_block_design_i/processing_system7_0/inst/buffer_fclk_clk_0.FCLK_CLK_0_BUFG/O
                         net (fo=4104, routed)        1.653     2.947    drone_block_design_wrapper/drone_block_design/drone_block_design_axi_mem_intercon_0/s00_couplers_imp_1QUQC6S/drone_block_design_axi_mem_intercon_imp_auto_ds_0/drone_block_design_axi_mem_intercon_imp_auto_ds_0_axi_dwidth_converter_v2_1_37_top/drone_block_design_axi_mem_intercon_imp_auto_ds_0_axi_dwidth_converter_v2_1_37_axi_downsizer/drone_block_design_axi_mem_intercon_imp_auto_ds_0_axi_dwidth_converter_v2_1_37_a_downsizer/drone_block_design_axi_mem_intercon_imp_auto_ds_0_axi_data_fifo_v2_1_36_axic_fifo__parameterized1/drone_block_design_axi_mem_intercon_imp_auto_ds_0_axi_data_fifo_v2_1_36_fifo_gen__parameterized1/<hidden>/<hidden>/<hidden>/<hidden>/<hidden>/<hidden>
    SLICE_X39Y52         FDPE                                         r  drone_block_design_wrapper/drone_block_design/drone_block_design_axi_mem_intercon_0/s00_couplers_imp_1QUQC6S/drone_block_design_axi_mem_intercon_imp_auto_ds_0/drone_block_design_axi_mem_intercon_imp_auto_ds_0_axi_dwidth_converter_v2_1_37_top/drone_block_design_axi_mem_intercon_imp_auto_ds_0_axi_dwidth_converter_v2_1_37_axi_downsizer/drone_block_design_axi_mem_intercon_imp_auto_ds_0_axi_dwidth_converter_v2_1_37_a_downsizer/drone_block_design_axi_mem_intercon_imp_auto_ds_0_axi_data_fifo_v2_1_36_axic_fifo__parameterized1/drone_block_design_axi_mem_intercon_imp_auto_ds_0_axi_data_fifo_v2_1_36_fifo_gen__parameterized1/<hidden>/<hidden>/<hidden>/<hidden>/<hidden>/<hidden>
  -------------------------------------------------------------------    -------------------
    SLICE_X39Y52         FDPE (Prop_fdpe_C_Q)         0.419     3.366 f  drone_block_design_wrapper/drone_block_design/drone_block_design_axi_mem_intercon_0/s00_couplers_imp_1QUQC6S/drone_block_design_axi_mem_intercon_imp_auto_ds_0/drone_block_design_axi_mem_intercon_imp_auto_ds_0_axi_dwidth_converter_v2_1_37_top/drone_block_design_axi_mem_intercon_imp_auto_ds_0_axi_dwidth_converter_v2_1_37_axi_downsizer/drone_block_design_axi_mem_intercon_imp_auto_ds_0_axi_dwidth_converter_v2_1_37_a_downsizer/drone_block_design_axi_mem_intercon_imp_auto_ds_0_axi_data_fifo_v2_1_36_axic_fifo__parameterized1/drone_block_design_axi_mem_intercon_imp_auto_ds_0_axi_data_fifo_v2_1_36_fifo_gen__parameterized1/<hidden>/<hidden>/<hidden>/<hidden>/<hidden>/<hidden>
                         net (fo=3, routed)           0.815     4.181    drone_block_design_wrapper/drone_block_design/drone_block_design_axi_mem_intercon_0/s00_couplers_imp_1QUQC6S/drone_block_design_axi_mem_intercon_imp_auto_ds_0/drone_block_design_axi_mem_intercon_imp_auto_ds_0_axi_dwidth_converter_v2_1_37_top/drone_block_design_axi_mem_intercon_imp_auto_ds_0_axi_dwidth_converter_v2_1_37_axi_downsizer/drone_block_design_axi_mem_intercon_imp_auto_ds_0_axi_dwidth_converter_v2_1_37_a_downsizer/drone_block_design_axi_mem_intercon_imp_auto_ds_0_axi_data_fifo_v2_1_36_axic_fifo__parameterized1/drone_block_design_axi_mem_intercon_imp_auto_ds_0_axi_data_fifo_v2_1_36_fifo_gen__parameterized1/<hidden>/<hidden>/<hidden>/<hidden>/<hidden>
    SLICE_X39Y53         LUT3 (Prop_lut3_I2_O)        0.299     4.480 f  drone_block_design_wrapper/drone_block_design/drone_block_design_axi_mem_intercon_0/s00_couplers_imp_1QUQC6S/drone_block_design_axi_mem_intercon_imp_auto_ds_0/drone_block_design_axi_mem_intercon_imp_auto_ds_0_axi_dwidth_converter_v2_1_37_top/drone_block_design_axi_mem_intercon_imp_auto_ds_0_axi_dwidth_converter_v2_1_37_axi_downsizer/drone_block_design_axi_mem_intercon_imp_auto_ds_0_axi_dwidth_converter_v2_1_37_a_downsizer/drone_block_design_axi_mem_intercon_imp_auto_ds_0_axi_data_fifo_v2_1_36_axic_fifo__parameterized1/drone_block_design_axi_mem_intercon_imp_auto_ds_0_axi_data_fifo_v2_1_36_fifo_gen__parameterized1/<hidden>/<hidden>/<hidden>/<hidden>/<hidden>
                         net (fo=32, routed)          1.406     5.886    drone_block_design_wrapper/drone_block_design/drone_block_design_axi_mem_intercon_0/s00_couplers_imp_1QUQC6S/drone_block_design_axi_mem_intercon_imp_auto_ds_0/drone_block_design_axi_mem_intercon_imp_auto_ds_0_axi_dwidth_converter_v2_1_37_top/drone_block_design_axi_mem_intercon_imp_auto_ds_0_axi_dwidth_converter_v2_1_37_axi_downsizer/drone_block_design_axi_mem_intercon_imp_auto_ds_0_axi_dwidth_converter_v2_1_37_a_downsizer/drone_block_design_axi_mem_intercon_imp_auto_ds_0_axi_data_fifo_v2_1_36_axic_fifo__parameterized1/drone_block_design_axi_mem_intercon_imp_auto_ds_0_axi_data_fifo_v2_1_36_fifo_gen__parameterized1/<hidden>/<hidden>/<hidden>/<hidden>/<hidden>/<hidden>
    SLICE_X36Y54         FDPE                                         f  drone_block_design_wrapper/drone_block_design/drone_block_design_axi_mem_intercon_0/s00_couplers_imp_1QUQC6S/drone_block_design_axi_mem_intercon_imp_auto_ds_0/drone_block_design_axi_mem_intercon_imp_auto_ds_0_axi_dwidth_converter_v2_1_37_top/drone_block_design_axi_mem_intercon_imp_auto_ds_0_axi_dwidth_converter_v2_1_37_axi_downsizer/drone_block_design_axi_mem_intercon_imp_auto_ds_0_axi_dwidth_converter_v2_1_37_a_downsizer/drone_block_design_axi_mem_intercon_imp_auto_ds_0_axi_data_fifo_v2_1_36_axic_fifo__parameterized1/drone_block_design_axi_mem_intercon_imp_auto_ds_0_axi_data_fifo_v2_1_36_fifo_gen__parameterized1/<hidden>/<hidden>/<hidden>/<hidden>/<hidden>/<hidden>
  -------------------------------------------------------------------    -------------------

                         (clock clk_fpga_0 rise edge)
                                                     10.000    10.000 r  
    PS7_X0Y0             PS7                          0.000    10.000 r  drone_block_design_i/processing_system7_0/inst/PS7_i/FCLKCLK[0]
                         net (fo=1, routed)           1.088    11.088    drone_block_design_i/processing_system7_0/inst/FCLK_CLK_unbuffered[0]
    BUFGCTRL_X0Y16       BUFG (Prop_bufg_I_O)         0.091    11.179 r  drone_block_design_i/processing_system7_0/inst/buffer_fclk_clk_0.FCLK_CLK_0_BUFG/O
                         net (fo=4104, routed)        1.479    12.658    drone_block_design_wrapper/drone_block_design/drone_block_design_axi_mem_intercon_0/s00_couplers_imp_1QUQC6S/drone_block_design_axi_mem_intercon_imp_auto_ds_0/drone_block_design_axi_mem_intercon_imp_auto_ds_0_axi_dwidth_converter_v2_1_37_top/drone_block_design_axi_mem_intercon_imp_auto_ds_0_axi_dwidth_converter_v2_1_37_axi_downsizer/drone_block_design_axi_mem_intercon_imp_auto_ds_0_axi_dwidth_converter_v2_1_37_a_downsizer/drone_block_design_axi_mem_intercon_imp_auto_ds_0_axi_data_fifo_v2_1_36_axic_fifo__parameterized1/drone_block_design_axi_mem_intercon_imp_auto_ds_0_axi_data_fifo_v2_1_36_fifo_gen__parameterized1/<hidden>/<hidden>/<hidden>/<hidden>/<hidden>/<hidden>
    SLICE_X36Y54         FDPE                                         r  drone_block_design_wrapper/drone_block_design/drone_block_design_axi_mem_intercon_0/s00_couplers_imp_1QUQC6S/drone_block_design_axi_mem_intercon_imp_auto_ds_0/drone_block_design_axi_mem_intercon_imp_auto_ds_0_axi_dwidth_converter_v2_1_37_top/drone_block_design_axi_mem_intercon_imp_auto_ds_0_axi_dwidth_converter_v2_1_37_axi_downsizer/drone_block_design_axi_mem_intercon_imp_auto_ds_0_axi_dwidth_converter_v2_1_37_a_downsizer/drone_block_design_axi_mem_intercon_imp_auto_ds_0_axi_data_fifo_v2_1_36_axic_fifo__parameterized1/drone_block_design_axi_mem_intercon_imp_auto_ds_0_axi_data_fifo_v2_1_36_fifo_gen__parameterized1/<hidden>/<hidden>/<hidden>/<hidden>/<hidden>/<hidden>
                         clock pessimism              0.263    12.921    
                         clock uncertainty           -0.154    12.767    
    SLICE_X36Y54         FDPE (Recov_fdpe_C_PRE)     -0.361    12.406    drone_block_design_wrapper/drone_block_design/drone_block_design_axi_mem_intercon_0/s00_couplers_imp_1QUQC6S/drone_block_design_axi_mem_intercon_imp_auto_ds_0/drone_block_design_axi_mem_intercon_imp_auto_ds_0_axi_dwidth_converter_v2_1_37_top/drone_block_design_axi_mem_intercon_imp_auto_ds_0_axi_dwidth_converter_v2_1_37_axi_downsizer/drone_block_design_axi_mem_intercon_imp_auto_ds_0_axi_dwidth_converter_v2_1_37_a_downsizer/drone_block_design_axi_mem_intercon_imp_auto_ds_0_axi_data_fifo_v2_1_36_axic_fifo__parameterized1/drone_block_design_axi_mem_intercon_imp_auto_ds_0_axi_data_fifo_v2_1_36_fifo_gen__parameterized1/<hidden>/<hidden>/<hidden>/<hidden>/<hidden>/<hidden>
  -------------------------------------------------------------------
                         required time                         12.406    
                         arrival time                          -5.886    
  -------------------------------------------------------------------
                         slack                                  6.520    

Slack (MET) :             6.562ns  (required time - arrival time)
  Source:                 drone_block_design_wrapper/drone_block_design/drone_block_design_axi_mem_intercon_0/s00_couplers_imp_1QUQC6S/drone_block_design_axi_mem_intercon_imp_auto_ds_0/drone_block_design_axi_mem_intercon_imp_auto_ds_0_axi_dwidth_converter_v2_1_37_top/drone_block_design_axi_mem_intercon_imp_auto_ds_0_axi_dwidth_converter_v2_1_37_axi_downsizer/drone_block_design_axi_mem_intercon_imp_auto_ds_0_axi_dwidth_converter_v2_1_37_a_downsizer/drone_block_design_axi_mem_intercon_imp_auto_ds_0_axi_data_fifo_v2_1_36_axic_fifo__parameterized1/drone_block_design_axi_mem_intercon_imp_auto_ds_0_axi_data_fifo_v2_1_36_fifo_gen__parameterized1/<hidden>/<hidden>/<hidden>/<hidden>/<hidden>/<hidden>
                            (rising edge-triggered cell FDPE clocked by clk_fpga_0  {rise@0.000ns fall@5.000ns period=10.000ns})
  Destination:            drone_block_design_wrapper/drone_block_design/drone_block_design_axi_mem_intercon_0/s00_couplers_imp_1QUQC6S/drone_block_design_axi_mem_intercon_imp_auto_ds_0/drone_block_design_axi_mem_intercon_imp_auto_ds_0_axi_dwidth_converter_v2_1_37_top/drone_block_design_axi_mem_intercon_imp_auto_ds_0_axi_dwidth_converter_v2_1_37_axi_downsizer/drone_block_design_axi_mem_intercon_imp_auto_ds_0_axi_dwidth_converter_v2_1_37_a_downsizer/drone_block_design_axi_mem_intercon_imp_auto_ds_0_axi_data_fifo_v2_1_36_axic_fifo__parameterized1/drone_block_design_axi_mem_intercon_imp_auto_ds_0_axi_data_fifo_v2_1_36_fifo_gen__parameterized1/<hidden>/<hidden>/<hidden>/<hidden>/<hidden>/<hidden>
                            (recovery check against rising-edge clock clk_fpga_0  {rise@0.000ns fall@5.000ns period=10.000ns})
  Path Group:             **async_default**
  Path Type:              Recovery (Max at Slow Process Corner)
  Requirement:            10.000ns  (clk_fpga_0 rise@10.000ns - clk_fpga_0 rise@0.000ns)
  Data Path Delay:        2.939ns  (logic 0.718ns (24.428%)  route 2.221ns (75.572%))
  Logic Levels:           1  (LUT3=1)
  Clock Path Skew:        -0.026ns (DCD - SCD + CPR)
    Destination Clock Delay (DCD):    2.658ns = ( 12.658 - 10.000 ) 
    Source Clock Delay      (SCD):    2.947ns
    Clock Pessimism Removal (CPR):    0.263ns
  Clock Uncertainty:      0.154ns  ((TSJ^2 + TIJ^2)^1/2 + DJ) / 2 + PE
    Total System Jitter     (TSJ):    0.071ns
    Total Input Jitter      (TIJ):    0.300ns
    Discrete Jitter          (DJ):    0.000ns
    Phase Error              (PE):    0.000ns

    Location             Delay type                Incr(ns)  Path(ns)    Netlist Resource(s)
  -------------------------------------------------------------------    -------------------
                         (clock clk_fpga_0 rise edge)
                                                      0.000     0.000 r  
    PS7_X0Y0             PS7                          0.000     0.000 r  drone_block_design_i/processing_system7_0/inst/PS7_i/FCLKCLK[0]
                         net (fo=1, routed)           1.193     1.193    drone_block_design_i/processing_system7_0/inst/FCLK_CLK_unbuffered[0]
    BUFGCTRL_X0Y16       BUFG (Prop_bufg_I_O)         0.101     1.294 r  drone_block_design_i/processing_system7_0/inst/buffer_fclk_clk_0.FCLK_CLK_0_BUFG/O
                         net (fo=4104, routed)        1.653     2.947    drone_block_design_wrapper/drone_block_design/drone_block_design_axi_mem_intercon_0/s00_couplers_imp_1QUQC6S/drone_block_design_axi_mem_intercon_imp_auto_ds_0/drone_block_design_axi_mem_intercon_imp_auto_ds_0_axi_dwidth_converter_v2_1_37_top/drone_block_design_axi_mem_intercon_imp_auto_ds_0_axi_dwidth_converter_v2_1_37_axi_downsizer/drone_block_design_axi_mem_intercon_imp_auto_ds_0_axi_dwidth_converter_v2_1_37_a_downsizer/drone_block_design_axi_mem_intercon_imp_auto_ds_0_axi_data_fifo_v2_1_36_axic_fifo__parameterized1/drone_block_design_axi_mem_intercon_imp_auto_ds_0_axi_data_fifo_v2_1_36_fifo_gen__parameterized1/<hidden>/<hidden>/<hidden>/<hidden>/<hidden>/<hidden>
    SLICE_X39Y52         FDPE                                         r  drone_block_design_wrapper/drone_block_design/drone_block_design_axi_mem_intercon_0/s00_couplers_imp_1QUQC6S/drone_block_design_axi_mem_intercon_imp_auto_ds_0/drone_block_design_axi_mem_intercon_imp_auto_ds_0_axi_dwidth_converter_v2_1_37_top/drone_block_design_axi_mem_intercon_imp_auto_ds_0_axi_dwidth_converter_v2_1_37_axi_downsizer/drone_block_design_axi_mem_intercon_imp_auto_ds_0_axi_dwidth_converter_v2_1_37_a_downsizer/drone_block_design_axi_mem_intercon_imp_auto_ds_0_axi_data_fifo_v2_1_36_axic_fifo__parameterized1/drone_block_design_axi_mem_intercon_imp_auto_ds_0_axi_data_fifo_v2_1_36_fifo_gen__parameterized1/<hidden>/<hidden>/<hidden>/<hidden>/<hidden>/<hidden>
  -------------------------------------------------------------------    -------------------
    SLICE_X39Y52         FDPE (Prop_fdpe_C_Q)         0.419     3.366 f  drone_block_design_wrapper/drone_block_design/drone_block_design_axi_mem_intercon_0/s00_couplers_imp_1QUQC6S/drone_block_design_axi_mem_intercon_imp_auto_ds_0/drone_block_design_axi_mem_intercon_imp_auto_ds_0_axi_dwidth_converter_v2_1_37_top/drone_block_design_axi_mem_intercon_imp_auto_ds_0_axi_dwidth_converter_v2_1_37_axi_downsizer/drone_block_design_axi_mem_intercon_imp_auto_ds_0_axi_dwidth_converter_v2_1_37_a_downsizer/drone_block_design_axi_mem_intercon_imp_auto_ds_0_axi_data_fifo_v2_1_36_axic_fifo__parameterized1/drone_block_design_axi_mem_intercon_imp_auto_ds_0_axi_data_fifo_v2_1_36_fifo_gen__parameterized1/<hidden>/<hidden>/<hidden>/<hidden>/<hidden>/<hidden>
                         net (fo=3, routed)           0.815     4.181    drone_block_design_wrapper/drone_block_design/drone_block_design_axi_mem_intercon_0/s00_couplers_imp_1QUQC6S/drone_block_design_axi_mem_intercon_imp_auto_ds_0/drone_block_design_axi_mem_intercon_imp_auto_ds_0_axi_dwidth_converter_v2_1_37_top/drone_block_design_axi_mem_intercon_imp_auto_ds_0_axi_dwidth_converter_v2_1_37_axi_downsizer/drone_block_design_axi_mem_intercon_imp_auto_ds_0_axi_dwidth_converter_v2_1_37_a_downsizer/drone_block_design_axi_mem_intercon_imp_auto_ds_0_axi_data_fifo_v2_1_36_axic_fifo__parameterized1/drone_block_design_axi_mem_intercon_imp_auto_ds_0_axi_data_fifo_v2_1_36_fifo_gen__parameterized1/<hidden>/<hidden>/<hidden>/<hidden>/<hidden>
    SLICE_X39Y53         LUT3 (Prop_lut3_I2_O)        0.299     4.480 f  drone_block_design_wrapper/drone_block_design/drone_block_design_axi_mem_intercon_0/s00_couplers_imp_1QUQC6S/drone_block_design_axi_mem_intercon_imp_auto_ds_0/drone_block_design_axi_mem_intercon_imp_auto_ds_0_axi_dwidth_converter_v2_1_37_top/drone_block_design_axi_mem_intercon_imp_auto_ds_0_axi_dwidth_converter_v2_1_37_axi_downsizer/drone_block_design_axi_mem_intercon_imp_auto_ds_0_axi_dwidth_converter_v2_1_37_a_downsizer/drone_block_design_axi_mem_intercon_imp_auto_ds_0_axi_data_fifo_v2_1_36_axic_fifo__parameterized1/drone_block_design_axi_mem_intercon_imp_auto_ds_0_axi_data_fifo_v2_1_36_fifo_gen__parameterized1/<hidden>/<hidden>/<hidden>/<hidden>/<hidden>
                         net (fo=32, routed)          1.406     5.886    drone_block_design_wrapper/drone_block_design/drone_block_design_axi_mem_intercon_0/s00_couplers_imp_1QUQC6S/drone_block_design_axi_mem_intercon_imp_auto_ds_0/drone_block_design_axi_mem_intercon_imp_auto_ds_0_axi_dwidth_converter_v2_1_37_top/drone_block_design_axi_mem_intercon_imp_auto_ds_0_axi_dwidth_converter_v2_1_37_axi_downsizer/drone_block_design_axi_mem_intercon_imp_auto_ds_0_axi_dwidth_converter_v2_1_37_a_downsizer/drone_block_design_axi_mem_intercon_imp_auto_ds_0_axi_data_fifo_v2_1_36_axic_fifo__parameterized1/drone_block_design_axi_mem_intercon_imp_auto_ds_0_axi_data_fifo_v2_1_36_fifo_gen__parameterized1/<hidden>/<hidden>/<hidden>/<hidden>/<hidden>/<hidden>
    SLICE_X36Y54         FDCE                                         f  drone_block_design_wrapper/drone_block_design/drone_block_design_axi_mem_intercon_0/s00_couplers_imp_1QUQC6S/drone_block_design_axi_mem_intercon_imp_auto_ds_0/drone_block_design_axi_mem_intercon_imp_auto_ds_0_axi_dwidth_converter_v2_1_37_top/drone_block_design_axi_mem_intercon_imp_auto_ds_0_axi_dwidth_converter_v2_1_37_axi_downsizer/drone_block_design_axi_mem_intercon_imp_auto_ds_0_axi_dwidth_converter_v2_1_37_a_downsizer/drone_block_design_axi_mem_intercon_imp_auto_ds_0_axi_data_fifo_v2_1_36_axic_fifo__parameterized1/drone_block_design_axi_mem_intercon_imp_auto_ds_0_axi_data_fifo_v2_1_36_fifo_gen__parameterized1/<hidden>/<hidden>/<hidden>/<hidden>/<hidden>/<hidden>
  -------------------------------------------------------------------    -------------------

                         (clock clk_fpga_0 rise edge)
                                                     10.000    10.000 r  
    PS7_X0Y0             PS7                          0.000    10.000 r  drone_block_design_i/processing_system7_0/inst/PS7_i/FCLKCLK[0]
                         net (fo=1, routed)           1.088    11.088    drone_block_design_i/processing_system7_0/inst/FCLK_CLK_unbuffered[0]
    BUFGCTRL_X0Y16       BUFG (Prop_bufg_I_O)         0.091    11.179 r  drone_block_design_i/processing_system7_0/inst/buffer_fclk_clk_0.FCLK_CLK_0_BUFG/O
                         net (fo=4104, routed)        1.479    12.658    drone_block_design_wrapper/drone_block_design/drone_block_design_axi_mem_intercon_0/s00_couplers_imp_1QUQC6S/drone_block_design_axi_mem_intercon_imp_auto_ds_0/drone_block_design_axi_mem_intercon_imp_auto_ds_0_axi_dwidth_converter_v2_1_37_top/drone_block_design_axi_mem_intercon_imp_auto_ds_0_axi_dwidth_converter_v2_1_37_axi_downsizer/drone_block_design_axi_mem_intercon_imp_auto_ds_0_axi_dwidth_converter_v2_1_37_a_downsizer/drone_block_design_axi_mem_intercon_imp_auto_ds_0_axi_data_fifo_v2_1_36_axic_fifo__parameterized1/drone_block_design_axi_mem_intercon_imp_auto_ds_0_axi_data_fifo_v2_1_36_fifo_gen__parameterized1/<hidden>/<hidden>/<hidden>/<hidden>/<hidden>/<hidden>
    SLICE_X36Y54         FDCE                                         r  drone_block_design_wrapper/drone_block_design/drone_block_design_axi_mem_intercon_0/s00_couplers_imp_1QUQC6S/drone_block_design_axi_mem_intercon_imp_auto_ds_0/drone_block_design_axi_mem_intercon_imp_auto_ds_0_axi_dwidth_converter_v2_1_37_top/drone_block_design_axi_mem_intercon_imp_auto_ds_0_axi_dwidth_converter_v2_1_37_axi_downsizer/drone_block_design_axi_mem_intercon_imp_auto_ds_0_axi_dwidth_converter_v2_1_37_a_downsizer/drone_block_design_axi_mem_intercon_imp_auto_ds_0_axi_data_fifo_v2_1_36_axic_fifo__parameterized1/drone_block_design_axi_mem_intercon_imp_auto_ds_0_axi_data_fifo_v2_1_36_fifo_gen__parameterized1/<hidden>/<hidden>/<hidden>/<hidden>/<hidden>/<hidden>
                         clock pessimism              0.263    12.921    
                         clock uncertainty           -0.154    12.767    
    SLICE_X36Y54         FDCE (Recov_fdce_C_CLR)     -0.319    12.448    drone_block_design_wrapper/drone_block_design/drone_block_design_axi_mem_intercon_0/s00_couplers_imp_1QUQC6S/drone_block_design_axi_mem_intercon_imp_auto_ds_0/drone_block_design_axi_mem_intercon_imp_auto_ds_0_axi_dwidth_converter_v2_1_37_top/drone_block_design_axi_mem_intercon_imp_auto_ds_0_axi_dwidth_converter_v2_1_37_axi_downsizer/drone_block_design_axi_mem_intercon_imp_auto_ds_0_axi_dwidth_converter_v2_1_37_a_downsizer/drone_block_design_axi_mem_intercon_imp_auto_ds_0_axi_data_fifo_v2_1_36_axic_fifo__parameterized1/drone_block_design_axi_mem_intercon_imp_auto_ds_0_axi_data_fifo_v2_1_36_fifo_gen__parameterized1/<hidden>/<hidden>/<hidden>/<hidden>/<hidden>/<hidden>
  -------------------------------------------------------------------
                         required time                         12.448    
                         arrival time                          -5.886    
  -------------------------------------------------------------------
                         slack                                  6.562    

Slack (MET) :             6.574ns  (required time - arrival time)
  Source:                 drone_block_design_wrapper/drone_block_design/drone_block_design_axi_mem_intercon_0/s00_couplers_imp_1QUQC6S/drone_block_design_axi_mem_intercon_imp_auto_ds_0/drone_block_design_axi_mem_intercon_imp_auto_ds_0_axi_dwidth_converter_v2_1_37_top/drone_block_design_axi_mem_intercon_imp_auto_ds_0_axi_protocol_converter_v2_1_37_axi_protocol_converter/drone_block_design_axi_mem_intercon_imp_auto_ds_0_axi_protocol_converter_v2_1_37_axi3_conv/drone_block_design_axi_mem_intercon_imp_auto_ds_0_axi_protocol_converter_v2_1_37_a_axi3_conv/drone_block_design_axi_mem_intercon_imp_auto_ds_0_axi_data_fifo_v2_1_36_axic_fifo_0/drone_block_design_axi_mem_intercon_imp_auto_ds_0_axi_data_fifo_v2_1_36_fifo_gen/<hidden>/<hidden>/<hidden>/<hidden>/<hidden>/<hidden>
                            (rising edge-triggered cell FDPE clocked by clk_fpga_0  {rise@0.000ns fall@5.000ns period=10.000ns})
  Destination:            drone_block_design_wrapper/drone_block_design/drone_block_design_axi_mem_intercon_0/s00_couplers_imp_1QUQC6S/drone_block_design_axi_mem_intercon_imp_auto_ds_0/drone_block_design_axi_mem_intercon_imp_auto_ds_0_axi_dwidth_converter_v2_1_37_top/drone_block_design_axi_mem_intercon_imp_auto_ds_0_axi_protocol_converter_v2_1_37_axi_protocol_converter/drone_block_design_axi_mem_intercon_imp_auto_ds_0_axi_protocol_converter_v2_1_37_axi3_conv/drone_block_design_axi_mem_intercon_imp_auto_ds_0_axi_protocol_converter_v2_1_37_a_axi3_conv/drone_block_design_axi_mem_intercon_imp_auto_ds_0_axi_data_fifo_v2_1_36_axic_fifo_0/drone_block_design_axi_mem_intercon_imp_auto_ds_0_axi_data_fifo_v2_1_36_fifo_gen/<hidden>/<hidden>/<hidden>/<hidden>/<hidden>/<hidden>
                            (recovery check against rising-edge clock clk_fpga_0  {rise@0.000ns fall@5.000ns period=10.000ns})
  Path Group:             **async_default**
  Path Type:              Recovery (Max at Slow Process Corner)
  Requirement:            10.000ns  (clk_fpga_0 rise@10.000ns - clk_fpga_0 rise@0.000ns)
  Data Path Delay:        2.809ns  (logic 0.773ns (27.515%)  route 2.036ns (72.485%))
  Logic Levels:           1  (LUT3=1)
  Clock Path Skew:        -0.058ns (DCD - SCD + CPR)
    Destination Clock Delay (DCD):    2.658ns = ( 12.658 - 10.000 ) 
    Source Clock Delay      (SCD):    2.945ns
    Clock Pessimism Removal (CPR):    0.229ns
  Clock Uncertainty:      0.154ns  ((TSJ^2 + TIJ^2)^1/2 + DJ) / 2 + PE
    Total System Jitter     (TSJ):    0.071ns
    Total Input Jitter      (TIJ):    0.300ns
    Discrete Jitter          (DJ):    0.000ns
    Phase Error              (PE):    0.000ns

    Location             Delay type                Incr(ns)  Path(ns)    Netlist Resource(s)
  -------------------------------------------------------------------    -------------------
                         (clock clk_fpga_0 rise edge)
                                                      0.000     0.000 r  
    PS7_X0Y0             PS7                          0.000     0.000 r  drone_block_design_i/processing_system7_0/inst/PS7_i/FCLKCLK[0]
                         net (fo=1, routed)           1.193     1.193    drone_block_design_i/processing_system7_0/inst/FCLK_CLK_unbuffered[0]
    BUFGCTRL_X0Y16       BUFG (Prop_bufg_I_O)         0.101     1.294 r  drone_block_design_i/processing_system7_0/inst/buffer_fclk_clk_0.FCLK_CLK_0_BUFG/O
                         net (fo=4104, routed)        1.651     2.945    drone_block_design_wrapper/drone_block_design/drone_block_design_axi_mem_intercon_0/s00_couplers_imp_1QUQC6S/drone_block_design_axi_mem_intercon_imp_auto_ds_0/drone_block_design_axi_mem_intercon_imp_auto_ds_0_axi_dwidth_converter_v2_1_37_top/drone_block_design_axi_mem_intercon_imp_auto_ds_0_axi_protocol_converter_v2_1_37_axi_protocol_converter/drone_block_design_axi_mem_intercon_imp_auto_ds_0_axi_protocol_converter_v2_1_37_axi3_conv/drone_block_design_axi_mem_intercon_imp_auto_ds_0_axi_protocol_converter_v2_1_37_a_axi3_conv/drone_block_design_axi_mem_intercon_imp_auto_ds_0_axi_data_fifo_v2_1_36_axic_fifo_0/drone_block_design_axi_mem_intercon_imp_auto_ds_0_axi_data_fifo_v2_1_36_fifo_gen/<hidden>/<hidden>/<hidden>/<hidden>/<hidden>/<hidden>
    SLICE_X38Y57         FDPE                                         r  drone_block_design_wrapper/drone_block_design/drone_block_design_axi_mem_intercon_0/s00_couplers_imp_1QUQC6S/drone_block_design_axi_mem_intercon_imp_auto_ds_0/drone_block_design_axi_mem_intercon_imp_auto_ds_0_axi_dwidth_converter_v2_1_37_top/drone_block_design_axi_mem_intercon_imp_auto_ds_0_axi_protocol_converter_v2_1_37_axi_protocol_converter/drone_block_design_axi_mem_intercon_imp_auto_ds_0_axi_protocol_converter_v2_1_37_axi3_conv/drone_block_design_axi_mem_intercon_imp_auto_ds_0_axi_protocol_converter_v2_1_37_a_axi3_conv/drone_block_design_axi_mem_intercon_imp_auto_ds_0_axi_data_fifo_v2_1_36_axic_fifo_0/drone_block_design_axi_mem_intercon_imp_auto_ds_0_axi_data_fifo_v2_1_36_fifo_gen/<hidden>/<hidden>/<hidden>/<hidden>/<hidden>/<hidden>
  -------------------------------------------------------------------    -------------------
    SLICE_X38Y57         FDPE (Prop_fdpe_C_Q)         0.478     3.423 f  drone_block_design_wrapper/drone_block_design/drone_block_design_axi_mem_intercon_0/s00_couplers_imp_1QUQC6S/drone_block_design_axi_mem_intercon_imp_auto_ds_0/drone_block_design_axi_mem_intercon_imp_auto_ds_0_axi_dwidth_converter_v2_1_37_top/drone_block_design_axi_mem_intercon_imp_auto_ds_0_axi_protocol_converter_v2_1_37_axi_protocol_converter/drone_block_design_axi_mem_intercon_imp_auto_ds_0_axi_protocol_converter_v2_1_37_axi3_conv/drone_block_design_axi_mem_intercon_imp_auto_ds_0_axi_protocol_converter_v2_1_37_a_axi3_conv/drone_block_design_axi_mem_intercon_imp_auto_ds_0_axi_data_fifo_v2_1_36_axic_fifo_0/drone_block_design_axi_mem_intercon_imp_auto_ds_0_axi_data_fifo_v2_1_36_fifo_gen/<hidden>/<hidden>/<hidden>/<hidden>/<hidden>/<hidden>
                         net (fo=3, routed)           0.617     4.040    drone_block_design_wrapper/drone_block_design/drone_block_design_axi_mem_intercon_0/s00_couplers_imp_1QUQC6S/drone_block_design_axi_mem_intercon_imp_auto_ds_0/drone_block_design_axi_mem_intercon_imp_auto_ds_0_axi_dwidth_converter_v2_1_37_top/drone_block_design_axi_mem_intercon_imp_auto_ds_0_axi_protocol_converter_v2_1_37_axi_protocol_converter/drone_block_design_axi_mem_intercon_imp_auto_ds_0_axi_protocol_converter_v2_1_37_axi3_conv/drone_block_design_axi_mem_intercon_imp_auto_ds_0_axi_protocol_converter_v2_1_37_a_axi3_conv/drone_block_design_axi_mem_intercon_imp_auto_ds_0_axi_data_fifo_v2_1_36_axic_fifo_0/drone_block_design_axi_mem_intercon_imp_auto_ds_0_axi_data_fifo_v2_1_36_fifo_gen/<hidden>/<hidden>/<hidden>/<hidden>/<hidden>
    SLICE_X40Y57         LUT3 (Prop_lut3_I2_O)        0.295     4.335 f  drone_block_design_wrapper/drone_block_design/drone_block_design_axi_mem_intercon_0/s00_couplers_imp_1QUQC6S/drone_block_design_axi_mem_intercon_imp_auto_ds_0/drone_block_design_axi_mem_intercon_imp_auto_ds_0_axi_dwidth_converter_v2_1_37_top/drone_block_design_axi_mem_intercon_imp_auto_ds_0_axi_protocol_converter_v2_1_37_axi_protocol_converter/drone_block_design_axi_mem_intercon_imp_auto_ds_0_axi_protocol_converter_v2_1_37_axi3_conv/drone_block_design_axi_mem_intercon_imp_auto_ds_0_axi_protocol_converter_v2_1_37_a_axi3_conv/drone_block_design_axi_mem_intercon_imp_auto_ds_0_axi_data_fifo_v2_1_36_axic_fifo_0/drone_block_design_axi_mem_intercon_imp_auto_ds_0_axi_data_fifo_v2_1_36_fifo_gen/<hidden>/<hidden>/<hidden>/<hidden>/<hidden>
                         net (fo=32, routed)          1.419     5.754    drone_block_design_wrapper/drone_block_design/drone_block_design_axi_mem_intercon_0/s00_couplers_imp_1QUQC6S/drone_block_design_axi_mem_intercon_imp_auto_ds_0/drone_block_design_axi_mem_intercon_imp_auto_ds_0_axi_dwidth_converter_v2_1_37_top/drone_block_design_axi_mem_intercon_imp_auto_ds_0_axi_protocol_converter_v2_1_37_axi_protocol_converter/drone_block_design_axi_mem_intercon_imp_auto_ds_0_axi_protocol_converter_v2_1_37_axi3_conv/drone_block_design_axi_mem_intercon_imp_auto_ds_0_axi_protocol_converter_v2_1_37_a_axi3_conv/drone_block_design_axi_mem_intercon_imp_auto_ds_0_axi_data_fifo_v2_1_36_axic_fifo_0/drone_block_design_axi_mem_intercon_imp_auto_ds_0_axi_data_fifo_v2_1_36_fifo_gen/<hidden>/<hidden>/<hidden>/<hidden>/<hidden>/<hidden>
    SLICE_X40Y56         FDCE                                         f  drone_block_design_wrapper/drone_block_design/drone_block_design_axi_mem_intercon_0/s00_couplers_imp_1QUQC6S/drone_block_design_axi_mem_intercon_imp_auto_ds_0/drone_block_design_axi_mem_intercon_imp_auto_ds_0_axi_dwidth_converter_v2_1_37_top/drone_block_design_axi_mem_intercon_imp_auto_ds_0_axi_protocol_converter_v2_1_37_axi_protocol_converter/drone_block_design_axi_mem_intercon_imp_auto_ds_0_axi_protocol_converter_v2_1_37_axi3_conv/drone_block_design_axi_mem_intercon_imp_auto_ds_0_axi_protocol_converter_v2_1_37_a_axi3_conv/drone_block_design_axi_mem_intercon_imp_auto_ds_0_axi_data_fifo_v2_1_36_axic_fifo_0/drone_block_design_axi_mem_intercon_imp_auto_ds_0_axi_data_fifo_v2_1_36_fifo_gen/<hidden>/<hidden>/<hidden>/<hidden>/<hidden>/<hidden>
  -------------------------------------------------------------------    -------------------

                         (clock clk_fpga_0 rise edge)
                                                     10.000    10.000 r  
    PS7_X0Y0             PS7                          0.000    10.000 r  drone_block_design_i/processing_system7_0/inst/PS7_i/FCLKCLK[0]
                         net (fo=1, routed)           1.088    11.088    drone_block_design_i/processing_system7_0/inst/FCLK_CLK_unbuffered[0]
    BUFGCTRL_X0Y16       BUFG (Prop_bufg_I_O)         0.091    11.179 r  drone_block_design_i/processing_system7_0/inst/buffer_fclk_clk_0.FCLK_CLK_0_BUFG/O
                         net (fo=4104, routed)        1.479    12.658    drone_block_design_wrapper/drone_block_design/drone_block_design_axi_mem_intercon_0/s00_couplers_imp_1QUQC6S/drone_block_design_axi_mem_intercon_imp_auto_ds_0/drone_block_design_axi_mem_intercon_imp_auto_ds_0_axi_dwidth_converter_v2_1_37_top/drone_block_design_axi_mem_intercon_imp_auto_ds_0_axi_protocol_converter_v2_1_37_axi_protocol_converter/drone_block_design_axi_mem_intercon_imp_auto_ds_0_axi_protocol_converter_v2_1_37_axi3_conv/drone_block_design_axi_mem_intercon_imp_auto_ds_0_axi_protocol_converter_v2_1_37_a_axi3_conv/drone_block_design_axi_mem_intercon_imp_auto_ds_0_axi_data_fifo_v2_1_36_axic_fifo_0/drone_block_design_axi_mem_intercon_imp_auto_ds_0_axi_data_fifo_v2_1_36_fifo_gen/<hidden>/<hidden>/<hidden>/<hidden>/<hidden>/<hidden>
    SLICE_X40Y56         FDCE                                         r  drone_block_design_wrapper/drone_block_design/drone_block_design_axi_mem_intercon_0/s00_couplers_imp_1QUQC6S/drone_block_design_axi_mem_intercon_imp_auto_ds_0/drone_block_design_axi_mem_intercon_imp_auto_ds_0_axi_dwidth_converter_v2_1_37_top/drone_block_design_axi_mem_intercon_imp_auto_ds_0_axi_protocol_converter_v2_1_37_axi_protocol_converter/drone_block_design_axi_mem_intercon_imp_auto_ds_0_axi_protocol_converter_v2_1_37_axi3_conv/drone_block_design_axi_mem_intercon_imp_auto_ds_0_axi_protocol_converter_v2_1_37_a_axi3_conv/drone_block_design_axi_mem_intercon_imp_auto_ds_0_axi_data_fifo_v2_1_36_axic_fifo_0/drone_block_design_axi_mem_intercon_imp_auto_ds_0_axi_data_fifo_v2_1_36_fifo_gen/<hidden>/<hidden>/<hidden>/<hidden>/<hidden>/<hidden>
                         clock pessimism              0.229    12.887    
                         clock uncertainty           -0.154    12.733    
    SLICE_X40Y56         FDCE (Recov_fdce_C_CLR)     -0.405    12.328    drone_block_design_wrapper/drone_block_design/drone_block_design_axi_mem_intercon_0/s00_couplers_imp_1QUQC6S/drone_block_design_axi_mem_intercon_imp_auto_ds_0/drone_block_design_axi_mem_intercon_imp_auto_ds_0_axi_dwidth_converter_v2_1_37_top/drone_block_design_axi_mem_intercon_imp_auto_ds_0_axi_protocol_converter_v2_1_37_axi_protocol_converter/drone_block_design_axi_mem_intercon_imp_auto_ds_0_axi_protocol_converter_v2_1_37_axi3_conv/drone_block_design_axi_mem_intercon_imp_auto_ds_0_axi_protocol_converter_v2_1_37_a_axi3_conv/drone_block_design_axi_mem_intercon_imp_auto_ds_0_axi_data_fifo_v2_1_36_axic_fifo_0/drone_block_design_axi_mem_intercon_imp_auto_ds_0_axi_data_fifo_v2_1_36_fifo_gen/<hidden>/<hidden>/<hidden>/<hidden>/<hidden>/<hidden>
  -------------------------------------------------------------------
                         required time                         12.328    
                         arrival time                          -5.754    
  -------------------------------------------------------------------
                         slack                                  6.574    

Slack (MET) :             6.574ns  (required time - arrival time)
  Source:                 drone_block_design_wrapper/drone_block_design/drone_block_design_axi_mem_intercon_0/s00_couplers_imp_1QUQC6S/drone_block_design_axi_mem_intercon_imp_auto_ds_0/drone_block_design_axi_mem_intercon_imp_auto_ds_0_axi_dwidth_converter_v2_1_37_top/drone_block_design_axi_mem_intercon_imp_auto_ds_0_axi_protocol_converter_v2_1_37_axi_protocol_converter/drone_block_design_axi_mem_intercon_imp_auto_ds_0_axi_protocol_converter_v2_1_37_axi3_conv/drone_block_design_axi_mem_intercon_imp_auto_ds_0_axi_protocol_converter_v2_1_37_a_axi3_conv/drone_block_design_axi_mem_intercon_imp_auto_ds_0_axi_data_fifo_v2_1_36_axic_fifo_0/drone_block_design_axi_mem_intercon_imp_auto_ds_0_axi_data_fifo_v2_1_36_fifo_gen/<hidden>/<hidden>/<hidden>/<hidden>/<hidden>/<hidden>
                            (rising edge-triggered cell FDPE clocked by clk_fpga_0  {rise@0.000ns fall@5.000ns period=10.000ns})
  Destination:            drone_block_design_wrapper/drone_block_design/drone_block_design_axi_mem_intercon_0/s00_couplers_imp_1QUQC6S/drone_block_design_axi_mem_intercon_imp_auto_ds_0/drone_block_design_axi_mem_intercon_imp_auto_ds_0_axi_dwidth_converter_v2_1_37_top/drone_block_design_axi_mem_intercon_imp_auto_ds_0_axi_protocol_converter_v2_1_37_axi_protocol_converter/drone_block_design_axi_mem_intercon_imp_auto_ds_0_axi_protocol_converter_v2_1_37_axi3_conv/drone_block_design_axi_mem_intercon_imp_auto_ds_0_axi_protocol_converter_v2_1_37_a_axi3_conv/drone_block_design_axi_mem_intercon_imp_auto_ds_0_axi_data_fifo_v2_1_36_axic_fifo_0/drone_block_design_axi_mem_intercon_imp_auto_ds_0_axi_data_fifo_v2_1_36_fifo_gen/<hidden>/<hidden>/<hidden>/<hidden>/<hidden>/<hidden>
                            (recovery check against rising-edge clock clk_fpga_0  {rise@0.000ns fall@5.000ns period=10.000ns})
  Path Group:             **async_default**
  Path Type:              Recovery (Max at Slow Process Corner)
  Requirement:            10.000ns  (clk_fpga_0 rise@10.000ns - clk_fpga_0 rise@0.000ns)
  Data Path Delay:        2.809ns  (logic 0.773ns (27.515%)  route 2.036ns (72.485%))
  Logic Levels:           1  (LUT3=1)
  Clock Path Skew:        -0.058ns (DCD - SCD + CPR)
    Destination Clock Delay (DCD):    2.658ns = ( 12.658 - 10.000 ) 
    Source Clock Delay      (SCD):    2.945ns
    Clock Pessimism Removal (CPR):    0.229ns
  Clock Uncertainty:      0.154ns  ((TSJ^2 + TIJ^2)^1/2 + DJ) / 2 + PE
    Total System Jitter     (TSJ):    0.071ns
    Total Input Jitter      (TIJ):    0.300ns
    Discrete Jitter          (DJ):    0.000ns
    Phase Error              (PE):    0.000ns

    Location             Delay type                Incr(ns)  Path(ns)    Netlist Resource(s)
  -------------------------------------------------------------------    -------------------
                         (clock clk_fpga_0 rise edge)
                                                      0.000     0.000 r  
    PS7_X0Y0             PS7                          0.000     0.000 r  drone_block_design_i/processing_system7_0/inst/PS7_i/FCLKCLK[0]
                         net (fo=1, routed)           1.193     1.193    drone_block_design_i/processing_system7_0/inst/FCLK_CLK_unbuffered[0]
    BUFGCTRL_X0Y16       BUFG (Prop_bufg_I_O)         0.101     1.294 r  drone_block_design_i/processing_system7_0/inst/buffer_fclk_clk_0.FCLK_CLK_0_BUFG/O
                         net (fo=4104, routed)        1.651     2.945    drone_block_design_wrapper/drone_block_design/drone_block_design_axi_mem_intercon_0/s00_couplers_imp_1QUQC6S/drone_block_design_axi_mem_intercon_imp_auto_ds_0/drone_block_design_axi_mem_intercon_imp_auto_ds_0_axi_dwidth_converter_v2_1_37_top/drone_block_design_axi_mem_intercon_imp_auto_ds_0_axi_protocol_converter_v2_1_37_axi_protocol_converter/drone_block_design_axi_mem_intercon_imp_auto_ds_0_axi_protocol_converter_v2_1_37_axi3_conv/drone_block_design_axi_mem_intercon_imp_auto_ds_0_axi_protocol_converter_v2_1_37_a_axi3_conv/drone_block_design_axi_mem_intercon_imp_auto_ds_0_axi_data_fifo_v2_1_36_axic_fifo_0/drone_block_design_axi_mem_intercon_imp_auto_ds_0_axi_data_fifo_v2_1_36_fifo_gen/<hidden>/<hidden>/<hidden>/<hidden>/<hidden>/<hidden>
    SLICE_X38Y57         FDPE                                         r  drone_block_design_wrapper/drone_block_design/drone_block_design_axi_mem_intercon_0/s00_couplers_imp_1QUQC6S/drone_block_design_axi_mem_intercon_imp_auto_ds_0/drone_block_design_axi_mem_intercon_imp_auto_ds_0_axi_dwidth_converter_v2_1_37_top/drone_block_design_axi_mem_intercon_imp_auto_ds_0_axi_protocol_converter_v2_1_37_axi_protocol_converter/drone_block_design_axi_mem_intercon_imp_auto_ds_0_axi_protocol_converter_v2_1_37_axi3_conv/drone_block_design_axi_mem_intercon_imp_auto_ds_0_axi_protocol_converter_v2_1_37_a_axi3_conv/drone_block_design_axi_mem_intercon_imp_auto_ds_0_axi_data_fifo_v2_1_36_axic_fifo_0/drone_block_design_axi_mem_intercon_imp_auto_ds_0_axi_data_fifo_v2_1_36_fifo_gen/<hidden>/<hidden>/<hidden>/<hidden>/<hidden>/<hidden>
  -------------------------------------------------------------------    -------------------
    SLICE_X38Y57         FDPE (Prop_fdpe_C_Q)         0.478     3.423 f  drone_block_design_wrapper/drone_block_design/drone_block_design_axi_mem_intercon_0/s00_couplers_imp_1QUQC6S/drone_block_design_axi_mem_intercon_imp_auto_ds_0/drone_block_design_axi_mem_intercon_imp_auto_ds_0_axi_dwidth_converter_v2_1_37_top/drone_block_design_axi_mem_intercon_imp_auto_ds_0_axi_protocol_converter_v2_1_37_axi_protocol_converter/drone_block_design_axi_mem_intercon_imp_auto_ds_0_axi_protocol_converter_v2_1_37_axi3_conv/drone_block_design_axi_mem_intercon_imp_auto_ds_0_axi_protocol_converter_v2_1_37_a_axi3_conv/drone_block_design_axi_mem_intercon_imp_auto_ds_0_axi_data_fifo_v2_1_36_axic_fifo_0/drone_block_design_axi_mem_intercon_imp_auto_ds_0_axi_data_fifo_v2_1_36_fifo_gen/<hidden>/<hidden>/<hidden>/<hidden>/<hidden>/<hidden>
                         net (fo=3, routed)           0.617     4.040    drone_block_design_wrapper/drone_block_design/drone_block_design_axi_mem_intercon_0/s00_couplers_imp_1QUQC6S/drone_block_design_axi_mem_intercon_imp_auto_ds_0/drone_block_design_axi_mem_intercon_imp_auto_ds_0_axi_dwidth_converter_v2_1_37_top/drone_block_design_axi_mem_intercon_imp_auto_ds_0_axi_protocol_converter_v2_1_37_axi_protocol_converter/drone_block_design_axi_mem_intercon_imp_auto_ds_0_axi_protocol_converter_v2_1_37_axi3_conv/drone_block_design_axi_mem_intercon_imp_auto_ds_0_axi_protocol_converter_v2_1_37_a_axi3_conv/drone_block_design_axi_mem_intercon_imp_auto_ds_0_axi_data_fifo_v2_1_36_axic_fifo_0/drone_block_design_axi_mem_intercon_imp_auto_ds_0_axi_data_fifo_v2_1_36_fifo_gen/<hidden>/<hidden>/<hidden>/<hidden>/<hidden>
    SLICE_X40Y57         LUT3 (Prop_lut3_I2_O)        0.295     4.335 f  drone_block_design_wrapper/drone_block_design/drone_block_design_axi_mem_intercon_0/s00_couplers_imp_1QUQC6S/drone_block_design_axi_mem_intercon_imp_auto_ds_0/drone_block_design_axi_mem_intercon_imp_auto_ds_0_axi_dwidth_converter_v2_1_37_top/drone_block_design_axi_mem_intercon_imp_auto_ds_0_axi_protocol_converter_v2_1_37_axi_protocol_converter/drone_block_design_axi_mem_intercon_imp_auto_ds_0_axi_protocol_converter_v2_1_37_axi3_conv/drone_block_design_axi_mem_intercon_imp_auto_ds_0_axi_protocol_converter_v2_1_37_a_axi3_conv/drone_block_design_axi_mem_intercon_imp_auto_ds_0_axi_data_fifo_v2_1_36_axic_fifo_0/drone_block_design_axi_mem_intercon_imp_auto_ds_0_axi_data_fifo_v2_1_36_fifo_gen/<hidden>/<hidden>/<hidden>/<hidden>/<hidden>
                         net (fo=32, routed)          1.419     5.754    drone_block_design_wrapper/drone_block_design/drone_block_design_axi_mem_intercon_0/s00_couplers_imp_1QUQC6S/drone_block_design_axi_mem_intercon_imp_auto_ds_0/drone_block_design_axi_mem_intercon_imp_auto_ds_0_axi_dwidth_converter_v2_1_37_top/drone_block_design_axi_mem_intercon_imp_auto_ds_0_axi_protocol_converter_v2_1_37_axi_protocol_converter/drone_block_design_axi_mem_intercon_imp_auto_ds_0_axi_protocol_converter_v2_1_37_axi3_conv/drone_block_design_axi_mem_intercon_imp_auto_ds_0_axi_protocol_converter_v2_1_37_a_axi3_conv/drone_block_design_axi_mem_intercon_imp_auto_ds_0_axi_data_fifo_v2_1_36_axic_fifo_0/drone_block_design_axi_mem_intercon_imp_auto_ds_0_axi_data_fifo_v2_1_36_fifo_gen/<hidden>/<hidden>/<hidden>/<hidden>/<hidden>/<hidden>
    SLICE_X40Y56         FDCE                                         f  drone_block_design_wrapper/drone_block_design/drone_block_design_axi_mem_intercon_0/s00_couplers_imp_1QUQC6S/drone_block_design_axi_mem_intercon_imp_auto_ds_0/drone_block_design_axi_mem_intercon_imp_auto_ds_0_axi_dwidth_converter_v2_1_37_top/drone_block_design_axi_mem_intercon_imp_auto_ds_0_axi_protocol_converter_v2_1_37_axi_protocol_converter/drone_block_design_axi_mem_intercon_imp_auto_ds_0_axi_protocol_converter_v2_1_37_axi3_conv/drone_block_design_axi_mem_intercon_imp_auto_ds_0_axi_protocol_converter_v2_1_37_a_axi3_conv/drone_block_design_axi_mem_intercon_imp_auto_ds_0_axi_data_fifo_v2_1_36_axic_fifo_0/drone_block_design_axi_mem_intercon_imp_auto_ds_0_axi_data_fifo_v2_1_36_fifo_gen/<hidden>/<hidden>/<hidden>/<hidden>/<hidden>/<hidden>
  -------------------------------------------------------------------    -------------------

                         (clock clk_fpga_0 rise edge)
                                                     10.000    10.000 r  
    PS7_X0Y0             PS7                          0.000    10.000 r  drone_block_design_i/processing_system7_0/inst/PS7_i/FCLKCLK[0]
                         net (fo=1, routed)           1.088    11.088    drone_block_design_i/processing_system7_0/inst/FCLK_CLK_unbuffered[0]
    BUFGCTRL_X0Y16       BUFG (Prop_bufg_I_O)         0.091    11.179 r  drone_block_design_i/processing_system7_0/inst/buffer_fclk_clk_0.FCLK_CLK_0_BUFG/O
                         net (fo=4104, routed)        1.479    12.658    drone_block_design_wrapper/drone_block_design/drone_block_design_axi_mem_intercon_0/s00_couplers_imp_1QUQC6S/drone_block_design_axi_mem_intercon_imp_auto_ds_0/drone_block_design_axi_mem_intercon_imp_auto_ds_0_axi_dwidth_converter_v2_1_37_top/drone_block_design_axi_mem_intercon_imp_auto_ds_0_axi_protocol_converter_v2_1_37_axi_protocol_converter/drone_block_design_axi_mem_intercon_imp_auto_ds_0_axi_protocol_converter_v2_1_37_axi3_conv/drone_block_design_axi_mem_intercon_imp_auto_ds_0_axi_protocol_converter_v2_1_37_a_axi3_conv/drone_block_design_axi_mem_intercon_imp_auto_ds_0_axi_data_fifo_v2_1_36_axic_fifo_0/drone_block_design_axi_mem_intercon_imp_auto_ds_0_axi_data_fifo_v2_1_36_fifo_gen/<hidden>/<hidden>/<hidden>/<hidden>/<hidden>/<hidden>
    SLICE_X40Y56         FDCE                                         r  drone_block_design_wrapper/drone_block_design/drone_block_design_axi_mem_intercon_0/s00_couplers_imp_1QUQC6S/drone_block_design_axi_mem_intercon_imp_auto_ds_0/drone_block_design_axi_mem_intercon_imp_auto_ds_0_axi_dwidth_converter_v2_1_37_top/drone_block_design_axi_mem_intercon_imp_auto_ds_0_axi_protocol_converter_v2_1_37_axi_protocol_converter/drone_block_design_axi_mem_intercon_imp_auto_ds_0_axi_protocol_converter_v2_1_37_axi3_conv/drone_block_design_axi_mem_intercon_imp_auto_ds_0_axi_protocol_converter_v2_1_37_a_axi3_conv/drone_block_design_axi_mem_intercon_imp_auto_ds_0_axi_data_fifo_v2_1_36_axic_fifo_0/drone_block_design_axi_mem_intercon_imp_auto_ds_0_axi_data_fifo_v2_1_36_fifo_gen/<hidden>/<hidden>/<hidden>/<hidden>/<hidden>/<hidden>
                         clock pessimism              0.229    12.887    
                         clock uncertainty           -0.154    12.733    
    SLICE_X40Y56         FDCE (Recov_fdce_C_CLR)     -0.405    12.328    drone_block_design_wrapper/drone_block_design/drone_block_design_axi_mem_intercon_0/s00_couplers_imp_1QUQC6S/drone_block_design_axi_mem_intercon_imp_auto_ds_0/drone_block_design_axi_mem_intercon_imp_auto_ds_0_axi_dwidth_converter_v2_1_37_top/drone_block_design_axi_mem_intercon_imp_auto_ds_0_axi_protocol_converter_v2_1_37_axi_protocol_converter/drone_block_design_axi_mem_intercon_imp_auto_ds_0_axi_protocol_converter_v2_1_37_axi3_conv/drone_block_design_axi_mem_intercon_imp_auto_ds_0_axi_protocol_converter_v2_1_37_a_axi3_conv/drone_block_design_axi_mem_intercon_imp_auto_ds_0_axi_data_fifo_v2_1_36_axic_fifo_0/drone_block_design_axi_mem_intercon_imp_auto_ds_0_axi_data_fifo_v2_1_36_fifo_gen/<hidden>/<hidden>/<hidden>/<hidden>/<hidden>/<hidden>
  -------------------------------------------------------------------
                         required time                         12.328    
                         arrival time                          -5.754    
  -------------------------------------------------------------------
                         slack                                  6.574    

Slack (MET) :             6.578ns  (required time - arrival time)
  Source:                 drone_block_design_wrapper/drone_block_design/drone_block_design_axi_mem_intercon_0/s00_couplers_imp_1QUQC6S/drone_block_design_axi_mem_intercon_imp_auto_ds_0/drone_block_design_axi_mem_intercon_imp_auto_ds_0_axi_dwidth_converter_v2_1_37_top/drone_block_design_axi_mem_intercon_imp_auto_ds_0_axi_protocol_converter_v2_1_37_axi_protocol_converter/drone_block_design_axi_mem_intercon_imp_auto_ds_0_axi_protocol_converter_v2_1_37_axi3_conv/drone_block_design_axi_mem_intercon_imp_auto_ds_0_axi_protocol_converter_v2_1_37_a_axi3_conv/drone_block_design_axi_mem_intercon_imp_auto_ds_0_axi_data_fifo_v2_1_36_axic_fifo_0/drone_block_design_axi_mem_intercon_imp_auto_ds_0_axi_data_fifo_v2_1_36_fifo_gen/<hidden>/<hidden>/<hidden>/<hidden>/<hidden>/<hidden>
                            (rising edge-triggered cell FDPE clocked by clk_fpga_0  {rise@0.000ns fall@5.000ns period=10.000ns})
  Destination:            drone_block_design_wrapper/drone_block_design/drone_block_design_axi_mem_intercon_0/s00_couplers_imp_1QUQC6S/drone_block_design_axi_mem_intercon_imp_auto_ds_0/drone_block_design_axi_mem_intercon_imp_auto_ds_0_axi_dwidth_converter_v2_1_37_top/drone_block_design_axi_mem_intercon_imp_auto_ds_0_axi_protocol_converter_v2_1_37_axi_protocol_converter/drone_block_design_axi_mem_intercon_imp_auto_ds_0_axi_protocol_converter_v2_1_37_axi3_conv/drone_block_design_axi_mem_intercon_imp_auto_ds_0_axi_protocol_converter_v2_1_37_a_axi3_conv/drone_block_design_axi_mem_intercon_imp_auto_ds_0_axi_data_fifo_v2_1_36_axic_fifo_0/drone_block_design_axi_mem_intercon_imp_auto_ds_0_axi_data_fifo_v2_1_36_fifo_gen/<hidden>/<hidden>/<hidden>/<hidden>/<hidden>/<hidden>
                            (recovery check against rising-edge clock clk_fpga_0  {rise@0.000ns fall@5.000ns period=10.000ns})
  Path Group:             **async_default**
  Path Type:              Recovery (Max at Slow Process Corner)
  Requirement:            10.000ns  (clk_fpga_0 rise@10.000ns - clk_fpga_0 rise@0.000ns)
  Data Path Delay:        2.805ns  (logic 0.773ns (27.558%)  route 2.032ns (72.442%))
  Logic Levels:           1  (LUT3=1)
  Clock Path Skew:        -0.058ns (DCD - SCD + CPR)
    Destination Clock Delay (DCD):    2.658ns = ( 12.658 - 10.000 ) 
    Source Clock Delay      (SCD):    2.945ns
    Clock Pessimism Removal (CPR):    0.229ns
  Clock Uncertainty:      0.154ns  ((TSJ^2 + TIJ^2)^1/2 + DJ) / 2 + PE
    Total System Jitter     (TSJ):    0.071ns
    Total Input Jitter      (TIJ):    0.300ns
    Discrete Jitter          (DJ):    0.000ns
    Phase Error              (PE):    0.000ns

    Location             Delay type                Incr(ns)  Path(ns)    Netlist Resource(s)
  -------------------------------------------------------------------    -------------------
                         (clock clk_fpga_0 rise edge)
                                                      0.000     0.000 r  
    PS7_X0Y0             PS7                          0.000     0.000 r  drone_block_design_i/processing_system7_0/inst/PS7_i/FCLKCLK[0]
                         net (fo=1, routed)           1.193     1.193    drone_block_design_i/processing_system7_0/inst/FCLK_CLK_unbuffered[0]
    BUFGCTRL_X0Y16       BUFG (Prop_bufg_I_O)         0.101     1.294 r  drone_block_design_i/processing_system7_0/inst/buffer_fclk_clk_0.FCLK_CLK_0_BUFG/O
                         net (fo=4104, routed)        1.651     2.945    drone_block_design_wrapper/drone_block_design/drone_block_design_axi_mem_intercon_0/s00_couplers_imp_1QUQC6S/drone_block_design_axi_mem_intercon_imp_auto_ds_0/drone_block_design_axi_mem_intercon_imp_auto_ds_0_axi_dwidth_converter_v2_1_37_top/drone_block_design_axi_mem_intercon_imp_auto_ds_0_axi_protocol_converter_v2_1_37_axi_protocol_converter/drone_block_design_axi_mem_intercon_imp_auto_ds_0_axi_protocol_converter_v2_1_37_axi3_conv/drone_block_design_axi_mem_intercon_imp_auto_ds_0_axi_protocol_converter_v2_1_37_a_axi3_conv/drone_block_design_axi_mem_intercon_imp_auto_ds_0_axi_data_fifo_v2_1_36_axic_fifo_0/drone_block_design_axi_mem_intercon_imp_auto_ds_0_axi_data_fifo_v2_1_36_fifo_gen/<hidden>/<hidden>/<hidden>/<hidden>/<hidden>/<hidden>
    SLICE_X38Y57         FDPE                                         r  drone_block_design_wrapper/drone_block_design/drone_block_design_axi_mem_intercon_0/s00_couplers_imp_1QUQC6S/drone_block_design_axi_mem_intercon_imp_auto_ds_0/drone_block_design_axi_mem_intercon_imp_auto_ds_0_axi_dwidth_converter_v2_1_37_top/drone_block_design_axi_mem_intercon_imp_auto_ds_0_axi_protocol_converter_v2_1_37_axi_protocol_converter/drone_block_design_axi_mem_intercon_imp_auto_ds_0_axi_protocol_converter_v2_1_37_axi3_conv/drone_block_design_axi_mem_intercon_imp_auto_ds_0_axi_protocol_converter_v2_1_37_a_axi3_conv/drone_block_design_axi_mem_intercon_imp_auto_ds_0_axi_data_fifo_v2_1_36_axic_fifo_0/drone_block_design_axi_mem_intercon_imp_auto_ds_0_axi_data_fifo_v2_1_36_fifo_gen/<hidden>/<hidden>/<hidden>/<hidden>/<hidden>/<hidden>
  -------------------------------------------------------------------    -------------------
    SLICE_X38Y57         FDPE (Prop_fdpe_C_Q)         0.478     3.423 f  drone_block_design_wrapper/drone_block_design/drone_block_design_axi_mem_intercon_0/s00_couplers_imp_1QUQC6S/drone_block_design_axi_mem_intercon_imp_auto_ds_0/drone_block_design_axi_mem_intercon_imp_auto_ds_0_axi_dwidth_converter_v2_1_37_top/drone_block_design_axi_mem_intercon_imp_auto_ds_0_axi_protocol_converter_v2_1_37_axi_protocol_converter/drone_block_design_axi_mem_intercon_imp_auto_ds_0_axi_protocol_converter_v2_1_37_axi3_conv/drone_block_design_axi_mem_intercon_imp_auto_ds_0_axi_protocol_converter_v2_1_37_a_axi3_conv/drone_block_design_axi_mem_intercon_imp_auto_ds_0_axi_data_fifo_v2_1_36_axic_fifo_0/drone_block_design_axi_mem_intercon_imp_auto_ds_0_axi_data_fifo_v2_1_36_fifo_gen/<hidden>/<hidden>/<hidden>/<hidden>/<hidden>/<hidden>
                         net (fo=3, routed)           0.617     4.040    drone_block_design_wrapper/drone_block_design/drone_block_design_axi_mem_intercon_0/s00_couplers_imp_1QUQC6S/drone_block_design_axi_mem_intercon_imp_auto_ds_0/drone_block_design_axi_mem_intercon_imp_auto_ds_0_axi_dwidth_converter_v2_1_37_top/drone_block_design_axi_mem_intercon_imp_auto_ds_0_axi_protocol_converter_v2_1_37_axi_protocol_converter/drone_block_design_axi_mem_intercon_imp_auto_ds_0_axi_protocol_converter_v2_1_37_axi3_conv/drone_block_design_axi_mem_intercon_imp_auto_ds_0_axi_protocol_converter_v2_1_37_a_axi3_conv/drone_block_design_axi_mem_intercon_imp_auto_ds_0_axi_data_fifo_v2_1_36_axic_fifo_0/drone_block_design_axi_mem_intercon_imp_auto_ds_0_axi_data_fifo_v2_1_36_fifo_gen/<hidden>/<hidden>/<hidden>/<hidden>/<hidden>
    SLICE_X40Y57         LUT3 (Prop_lut3_I2_O)        0.295     4.335 f  drone_block_design_wrapper/drone_block_design/drone_block_design_axi_mem_intercon_0/s00_couplers_imp_1QUQC6S/drone_block_design_axi_mem_intercon_imp_auto_ds_0/drone_block_design_axi_mem_intercon_imp_auto_ds_0_axi_dwidth_converter_v2_1_37_top/drone_block_design_axi_mem_intercon_imp_auto_ds_0_axi_protocol_converter_v2_1_37_axi_protocol_converter/drone_block_design_axi_mem_intercon_imp_auto_ds_0_axi_protocol_converter_v2_1_37_axi3_conv/drone_block_design_axi_mem_intercon_imp_auto_ds_0_axi_protocol_converter_v2_1_37_a_axi3_conv/drone_block_design_axi_mem_intercon_imp_auto_ds_0_axi_data_fifo_v2_1_36_axic_fifo_0/drone_block_design_axi_mem_intercon_imp_auto_ds_0_axi_data_fifo_v2_1_36_fifo_gen/<hidden>/<hidden>/<hidden>/<hidden>/<hidden>
                         net (fo=32, routed)          1.415     5.750    drone_block_design_wrapper/drone_block_design/drone_block_design_axi_mem_intercon_0/s00_couplers_imp_1QUQC6S/drone_block_design_axi_mem_intercon_imp_auto_ds_0/drone_block_design_axi_mem_intercon_imp_auto_ds_0_axi_dwidth_converter_v2_1_37_top/drone_block_design_axi_mem_intercon_imp_auto_ds_0_axi_protocol_converter_v2_1_37_axi_protocol_converter/drone_block_design_axi_mem_intercon_imp_auto_ds_0_axi_protocol_converter_v2_1_37_axi3_conv/drone_block_design_axi_mem_intercon_imp_auto_ds_0_axi_protocol_converter_v2_1_37_a_axi3_conv/drone_block_design_axi_mem_intercon_imp_auto_ds_0_axi_data_fifo_v2_1_36_axic_fifo_0/drone_block_design_axi_mem_intercon_imp_auto_ds_0_axi_data_fifo_v2_1_36_fifo_gen/<hidden>/<hidden>/<hidden>/<hidden>/<hidden>/<hidden>
    SLICE_X41Y56         FDCE                                         f  drone_block_design_wrapper/drone_block_design/drone_block_design_axi_mem_intercon_0/s00_couplers_imp_1QUQC6S/drone_block_design_axi_mem_intercon_imp_auto_ds_0/drone_block_design_axi_mem_intercon_imp_auto_ds_0_axi_dwidth_converter_v2_1_37_top/drone_block_design_axi_mem_intercon_imp_auto_ds_0_axi_protocol_converter_v2_1_37_axi_protocol_converter/drone_block_design_axi_mem_intercon_imp_auto_ds_0_axi_protocol_converter_v2_1_37_axi3_conv/drone_block_design_axi_mem_intercon_imp_auto_ds_0_axi_protocol_converter_v2_1_37_a_axi3_conv/drone_block_design_axi_mem_intercon_imp_auto_ds_0_axi_data_fifo_v2_1_36_axic_fifo_0/drone_block_design_axi_mem_intercon_imp_auto_ds_0_axi_data_fifo_v2_1_36_fifo_gen/<hidden>/<hidden>/<hidden>/<hidden>/<hidden>/<hidden>
  -------------------------------------------------------------------    -------------------

                         (clock clk_fpga_0 rise edge)
                                                     10.000    10.000 r  
    PS7_X0Y0             PS7                          0.000    10.000 r  drone_block_design_i/processing_system7_0/inst/PS7_i/FCLKCLK[0]
                         net (fo=1, routed)           1.088    11.088    drone_block_design_i/processing_system7_0/inst/FCLK_CLK_unbuffered[0]
    BUFGCTRL_X0Y16       BUFG (Prop_bufg_I_O)         0.091    11.179 r  drone_block_design_i/processing_system7_0/inst/buffer_fclk_clk_0.FCLK_CLK_0_BUFG/O
                         net (fo=4104, routed)        1.479    12.658    drone_block_design_wrapper/drone_block_design/drone_block_design_axi_mem_intercon_0/s00_couplers_imp_1QUQC6S/drone_block_design_axi_mem_intercon_imp_auto_ds_0/drone_block_design_axi_mem_intercon_imp_auto_ds_0_axi_dwidth_converter_v2_1_37_top/drone_block_design_axi_mem_intercon_imp_auto_ds_0_axi_protocol_converter_v2_1_37_axi_protocol_converter/drone_block_design_axi_mem_intercon_imp_auto_ds_0_axi_protocol_converter_v2_1_37_axi3_conv/drone_block_design_axi_mem_intercon_imp_auto_ds_0_axi_protocol_converter_v2_1_37_a_axi3_conv/drone_block_design_axi_mem_intercon_imp_auto_ds_0_axi_data_fifo_v2_1_36_axic_fifo_0/drone_block_design_axi_mem_intercon_imp_auto_ds_0_axi_data_fifo_v2_1_36_fifo_gen/<hidden>/<hidden>/<hidden>/<hidden>/<hidden>/<hidden>
    SLICE_X41Y56         FDCE                                         r  drone_block_design_wrapper/drone_block_design/drone_block_design_axi_mem_intercon_0/s00_couplers_imp_1QUQC6S/drone_block_design_axi_mem_intercon_imp_auto_ds_0/drone_block_design_axi_mem_intercon_imp_auto_ds_0_axi_dwidth_converter_v2_1_37_top/drone_block_design_axi_mem_intercon_imp_auto_ds_0_axi_protocol_converter_v2_1_37_axi_protocol_converter/drone_block_design_axi_mem_intercon_imp_auto_ds_0_axi_protocol_converter_v2_1_37_axi3_conv/drone_block_design_axi_mem_intercon_imp_auto_ds_0_axi_protocol_converter_v2_1_37_a_axi3_conv/drone_block_design_axi_mem_intercon_imp_auto_ds_0_axi_data_fifo_v2_1_36_axic_fifo_0/drone_block_design_axi_mem_intercon_imp_auto_ds_0_axi_data_fifo_v2_1_36_fifo_gen/<hidden>/<hidden>/<hidden>/<hidden>/<hidden>/<hidden>
                         clock pessimism              0.229    12.887    
                         clock uncertainty           -0.154    12.733    
    SLICE_X41Y56         FDCE (Recov_fdce_C_CLR)     -0.405    12.328    drone_block_design_wrapper/drone_block_design/drone_block_design_axi_mem_intercon_0/s00_couplers_imp_1QUQC6S/drone_block_design_axi_mem_intercon_imp_auto_ds_0/drone_block_design_axi_mem_intercon_imp_auto_ds_0_axi_dwidth_converter_v2_1_37_top/drone_block_design_axi_mem_intercon_imp_auto_ds_0_axi_protocol_converter_v2_1_37_axi_protocol_converter/drone_block_design_axi_mem_intercon_imp_auto_ds_0_axi_protocol_converter_v2_1_37_axi3_conv/drone_block_design_axi_mem_intercon_imp_auto_ds_0_axi_protocol_converter_v2_1_37_a_axi3_conv/drone_block_design_axi_mem_intercon_imp_auto_ds_0_axi_data_fifo_v2_1_36_axic_fifo_0/drone_block_design_axi_mem_intercon_imp_auto_ds_0_axi_data_fifo_v2_1_36_fifo_gen/<hidden>/<hidden>/<hidden>/<hidden>/<hidden>/<hidden>
  -------------------------------------------------------------------
                         required time                         12.328    
                         arrival time                          -5.750    
  -------------------------------------------------------------------
                         slack                                  6.578    

Slack (MET) :             6.578ns  (required time - arrival time)
  Source:                 drone_block_design_wrapper/drone_block_design/drone_block_design_axi_mem_intercon_0/s00_couplers_imp_1QUQC6S/drone_block_design_axi_mem_intercon_imp_auto_ds_0/drone_block_design_axi_mem_intercon_imp_auto_ds_0_axi_dwidth_converter_v2_1_37_top/drone_block_design_axi_mem_intercon_imp_auto_ds_0_axi_protocol_converter_v2_1_37_axi_protocol_converter/drone_block_design_axi_mem_intercon_imp_auto_ds_0_axi_protocol_converter_v2_1_37_axi3_conv/drone_block_design_axi_mem_intercon_imp_auto_ds_0_axi_protocol_converter_v2_1_37_a_axi3_conv/drone_block_design_axi_mem_intercon_imp_auto_ds_0_axi_data_fifo_v2_1_36_axic_fifo_0/drone_block_design_axi_mem_intercon_imp_auto_ds_0_axi_data_fifo_v2_1_36_fifo_gen/<hidden>/<hidden>/<hidden>/<hidden>/<hidden>/<hidden>
                            (rising edge-triggered cell FDPE clocked by clk_fpga_0  {rise@0.000ns fall@5.000ns period=10.000ns})
  Destination:            drone_block_design_wrapper/drone_block_design/drone_block_design_axi_mem_intercon_0/s00_couplers_imp_1QUQC6S/drone_block_design_axi_mem_intercon_imp_auto_ds_0/drone_block_design_axi_mem_intercon_imp_auto_ds_0_axi_dwidth_converter_v2_1_37_top/drone_block_design_axi_mem_intercon_imp_auto_ds_0_axi_protocol_converter_v2_1_37_axi_protocol_converter/drone_block_design_axi_mem_intercon_imp_auto_ds_0_axi_protocol_converter_v2_1_37_axi3_conv/drone_block_design_axi_mem_intercon_imp_auto_ds_0_axi_protocol_converter_v2_1_37_a_axi3_conv/drone_block_design_axi_mem_intercon_imp_auto_ds_0_axi_data_fifo_v2_1_36_axic_fifo_0/drone_block_design_axi_mem_intercon_imp_auto_ds_0_axi_data_fifo_v2_1_36_fifo_gen/<hidden>/<hidden>/<hidden>/<hidden>/<hidden>/<hidden>
                            (recovery check against rising-edge clock clk_fpga_0  {rise@0.000ns fall@5.000ns period=10.000ns})
  Path Group:             **async_default**
  Path Type:              Recovery (Max at Slow Process Corner)
  Requirement:            10.000ns  (clk_fpga_0 rise@10.000ns - clk_fpga_0 rise@0.000ns)
  Data Path Delay:        2.805ns  (logic 0.773ns (27.558%)  route 2.032ns (72.442%))
  Logic Levels:           1  (LUT3=1)
  Clock Path Skew:        -0.058ns (DCD - SCD + CPR)
    Destination Clock Delay (DCD):    2.658ns = ( 12.658 - 10.000 ) 
    Source Clock Delay      (SCD):    2.945ns
    Clock Pessimism Removal (CPR):    0.229ns
  Clock Uncertainty:      0.154ns  ((TSJ^2 + TIJ^2)^1/2 + DJ) / 2 + PE
    Total System Jitter     (TSJ):    0.071ns
    Total Input Jitter      (TIJ):    0.300ns
    Discrete Jitter          (DJ):    0.000ns
    Phase Error              (PE):    0.000ns

    Location             Delay type                Incr(ns)  Path(ns)    Netlist Resource(s)
  -------------------------------------------------------------------    -------------------
                         (clock clk_fpga_0 rise edge)
                                                      0.000     0.000 r  
    PS7_X0Y0             PS7                          0.000     0.000 r  drone_block_design_i/processing_system7_0/inst/PS7_i/FCLKCLK[0]
                         net (fo=1, routed)           1.193     1.193    drone_block_design_i/processing_system7_0/inst/FCLK_CLK_unbuffered[0]
    BUFGCTRL_X0Y16       BUFG (Prop_bufg_I_O)         0.101     1.294 r  drone_block_design_i/processing_system7_0/inst/buffer_fclk_clk_0.FCLK_CLK_0_BUFG/O
                         net (fo=4104, routed)        1.651     2.945    drone_block_design_wrapper/drone_block_design/drone_block_design_axi_mem_intercon_0/s00_couplers_imp_1QUQC6S/drone_block_design_axi_mem_intercon_imp_auto_ds_0/drone_block_design_axi_mem_intercon_imp_auto_ds_0_axi_dwidth_converter_v2_1_37_top/drone_block_design_axi_mem_intercon_imp_auto_ds_0_axi_protocol_converter_v2_1_37_axi_protocol_converter/drone_block_design_axi_mem_intercon_imp_auto_ds_0_axi_protocol_converter_v2_1_37_axi3_conv/drone_block_design_axi_mem_intercon_imp_auto_ds_0_axi_protocol_converter_v2_1_37_a_axi3_conv/drone_block_design_axi_mem_intercon_imp_auto_ds_0_axi_data_fifo_v2_1_36_axic_fifo_0/drone_block_design_axi_mem_intercon_imp_auto_ds_0_axi_data_fifo_v2_1_36_fifo_gen/<hidden>/<hidden>/<hidden>/<hidden>/<hidden>/<hidden>
    SLICE_X38Y57         FDPE                                         r  drone_block_design_wrapper/drone_block_design/drone_block_design_axi_mem_intercon_0/s00_couplers_imp_1QUQC6S/drone_block_design_axi_mem_intercon_imp_auto_ds_0/drone_block_design_axi_mem_intercon_imp_auto_ds_0_axi_dwidth_converter_v2_1_37_top/drone_block_design_axi_mem_intercon_imp_auto_ds_0_axi_protocol_converter_v2_1_37_axi_protocol_converter/drone_block_design_axi_mem_intercon_imp_auto_ds_0_axi_protocol_converter_v2_1_37_axi3_conv/drone_block_design_axi_mem_intercon_imp_auto_ds_0_axi_protocol_converter_v2_1_37_a_axi3_conv/drone_block_design_axi_mem_intercon_imp_auto_ds_0_axi_data_fifo_v2_1_36_axic_fifo_0/drone_block_design_axi_mem_intercon_imp_auto_ds_0_axi_data_fifo_v2_1_36_fifo_gen/<hidden>/<hidden>/<hidden>/<hidden>/<hidden>/<hidden>
  -------------------------------------------------------------------    -------------------
    SLICE_X38Y57         FDPE (Prop_fdpe_C_Q)         0.478     3.423 f  drone_block_design_wrapper/drone_block_design/drone_block_design_axi_mem_intercon_0/s00_couplers_imp_1QUQC6S/drone_block_design_axi_mem_intercon_imp_auto_ds_0/drone_block_design_axi_mem_intercon_imp_auto_ds_0_axi_dwidth_converter_v2_1_37_top/drone_block_design_axi_mem_intercon_imp_auto_ds_0_axi_protocol_converter_v2_1_37_axi_protocol_converter/drone_block_design_axi_mem_intercon_imp_auto_ds_0_axi_protocol_converter_v2_1_37_axi3_conv/drone_block_design_axi_mem_intercon_imp_auto_ds_0_axi_protocol_converter_v2_1_37_a_axi3_conv/drone_block_design_axi_mem_intercon_imp_auto_ds_0_axi_data_fifo_v2_1_36_axic_fifo_0/drone_block_design_axi_mem_intercon_imp_auto_ds_0_axi_data_fifo_v2_1_36_fifo_gen/<hidden>/<hidden>/<hidden>/<hidden>/<hidden>/<hidden>
                         net (fo=3, routed)           0.617     4.040    drone_block_design_wrapper/drone_block_design/drone_block_design_axi_mem_intercon_0/s00_couplers_imp_1QUQC6S/drone_block_design_axi_mem_intercon_imp_auto_ds_0/drone_block_design_axi_mem_intercon_imp_auto_ds_0_axi_dwidth_converter_v2_1_37_top/drone_block_design_axi_mem_intercon_imp_auto_ds_0_axi_protocol_converter_v2_1_37_axi_protocol_converter/drone_block_design_axi_mem_intercon_imp_auto_ds_0_axi_protocol_converter_v2_1_37_axi3_conv/drone_block_design_axi_mem_intercon_imp_auto_ds_0_axi_protocol_converter_v2_1_37_a_axi3_conv/drone_block_design_axi_mem_intercon_imp_auto_ds_0_axi_data_fifo_v2_1_36_axic_fifo_0/drone_block_design_axi_mem_intercon_imp_auto_ds_0_axi_data_fifo_v2_1_36_fifo_gen/<hidden>/<hidden>/<hidden>/<hidden>/<hidden>
    SLICE_X40Y57         LUT3 (Prop_lut3_I2_O)        0.295     4.335 f  drone_block_design_wrapper/drone_block_design/drone_block_design_axi_mem_intercon_0/s00_couplers_imp_1QUQC6S/drone_block_design_axi_mem_intercon_imp_auto_ds_0/drone_block_design_axi_mem_intercon_imp_auto_ds_0_axi_dwidth_converter_v2_1_37_top/drone_block_design_axi_mem_intercon_imp_auto_ds_0_axi_protocol_converter_v2_1_37_axi_protocol_converter/drone_block_design_axi_mem_intercon_imp_auto_ds_0_axi_protocol_converter_v2_1_37_axi3_conv/drone_block_design_axi_mem_intercon_imp_auto_ds_0_axi_protocol_converter_v2_1_37_a_axi3_conv/drone_block_design_axi_mem_intercon_imp_auto_ds_0_axi_data_fifo_v2_1_36_axic_fifo_0/drone_block_design_axi_mem_intercon_imp_auto_ds_0_axi_data_fifo_v2_1_36_fifo_gen/<hidden>/<hidden>/<hidden>/<hidden>/<hidden>
                         net (fo=32, routed)          1.415     5.750    drone_block_design_wrapper/drone_block_design/drone_block_design_axi_mem_intercon_0/s00_couplers_imp_1QUQC6S/drone_block_design_axi_mem_intercon_imp_auto_ds_0/drone_block_design_axi_mem_intercon_imp_auto_ds_0_axi_dwidth_converter_v2_1_37_top/drone_block_design_axi_mem_intercon_imp_auto_ds_0_axi_protocol_converter_v2_1_37_axi_protocol_converter/drone_block_design_axi_mem_intercon_imp_auto_ds_0_axi_protocol_converter_v2_1_37_axi3_conv/drone_block_design_axi_mem_intercon_imp_auto_ds_0_axi_protocol_converter_v2_1_37_a_axi3_conv/drone_block_design_axi_mem_intercon_imp_auto_ds_0_axi_data_fifo_v2_1_36_axic_fifo_0/drone_block_design_axi_mem_intercon_imp_auto_ds_0_axi_data_fifo_v2_1_36_fifo_gen/<hidden>/<hidden>/<hidden>/<hidden>/<hidden>/<hidden>
    SLICE_X41Y56         FDCE                                         f  drone_block_design_wrapper/drone_block_design/drone_block_design_axi_mem_intercon_0/s00_couplers_imp_1QUQC6S/drone_block_design_axi_mem_intercon_imp_auto_ds_0/drone_block_design_axi_mem_intercon_imp_auto_ds_0_axi_dwidth_converter_v2_1_37_top/drone_block_design_axi_mem_intercon_imp_auto_ds_0_axi_protocol_converter_v2_1_37_axi_protocol_converter/drone_block_design_axi_mem_intercon_imp_auto_ds_0_axi_protocol_converter_v2_1_37_axi3_conv/drone_block_design_axi_mem_intercon_imp_auto_ds_0_axi_protocol_converter_v2_1_37_a_axi3_conv/drone_block_design_axi_mem_intercon_imp_auto_ds_0_axi_data_fifo_v2_1_36_axic_fifo_0/drone_block_design_axi_mem_intercon_imp_auto_ds_0_axi_data_fifo_v2_1_36_fifo_gen/<hidden>/<hidden>/<hidden>/<hidden>/<hidden>/<hidden>
  -------------------------------------------------------------------    -------------------

                         (clock clk_fpga_0 rise edge)
                                                     10.000    10.000 r  
    PS7_X0Y0             PS7                          0.000    10.000 r  drone_block_design_i/processing_system7_0/inst/PS7_i/FCLKCLK[0]
                         net (fo=1, routed)           1.088    11.088    drone_block_design_i/processing_system7_0/inst/FCLK_CLK_unbuffered[0]
    BUFGCTRL_X0Y16       BUFG (Prop_bufg_I_O)         0.091    11.179 r  drone_block_design_i/processing_system7_0/inst/buffer_fclk_clk_0.FCLK_CLK_0_BUFG/O
                         net (fo=4104, routed)        1.479    12.658    drone_block_design_wrapper/drone_block_design/drone_block_design_axi_mem_intercon_0/s00_couplers_imp_1QUQC6S/drone_block_design_axi_mem_intercon_imp_auto_ds_0/drone_block_design_axi_mem_intercon_imp_auto_ds_0_axi_dwidth_converter_v2_1_37_top/drone_block_design_axi_mem_intercon_imp_auto_ds_0_axi_protocol_converter_v2_1_37_axi_protocol_converter/drone_block_design_axi_mem_intercon_imp_auto_ds_0_axi_protocol_converter_v2_1_37_axi3_conv/drone_block_design_axi_mem_intercon_imp_auto_ds_0_axi_protocol_converter_v2_1_37_a_axi3_conv/drone_block_design_axi_mem_intercon_imp_auto_ds_0_axi_data_fifo_v2_1_36_axic_fifo_0/drone_block_design_axi_mem_intercon_imp_auto_ds_0_axi_data_fifo_v2_1_36_fifo_gen/<hidden>/<hidden>/<hidden>/<hidden>/<hidden>/<hidden>
    SLICE_X41Y56         FDCE                                         r  drone_block_design_wrapper/drone_block_design/drone_block_design_axi_mem_intercon_0/s00_couplers_imp_1QUQC6S/drone_block_design_axi_mem_intercon_imp_auto_ds_0/drone_block_design_axi_mem_intercon_imp_auto_ds_0_axi_dwidth_converter_v2_1_37_top/drone_block_design_axi_mem_intercon_imp_auto_ds_0_axi_protocol_converter_v2_1_37_axi_protocol_converter/drone_block_design_axi_mem_intercon_imp_auto_ds_0_axi_protocol_converter_v2_1_37_axi3_conv/drone_block_design_axi_mem_intercon_imp_auto_ds_0_axi_protocol_converter_v2_1_37_a_axi3_conv/drone_block_design_axi_mem_intercon_imp_auto_ds_0_axi_data_fifo_v2_1_36_axic_fifo_0/drone_block_design_axi_mem_intercon_imp_auto_ds_0_axi_data_fifo_v2_1_36_fifo_gen/<hidden>/<hidden>/<hidden>/<hidden>/<hidden>/<hidden>
                         clock pessimism              0.229    12.887    
                         clock uncertainty           -0.154    12.733    
    SLICE_X41Y56         FDCE (Recov_fdce_C_CLR)     -0.405    12.328    drone_block_design_wrapper/drone_block_design/drone_block_design_axi_mem_intercon_0/s00_couplers_imp_1QUQC6S/drone_block_design_axi_mem_intercon_imp_auto_ds_0/drone_block_design_axi_mem_intercon_imp_auto_ds_0_axi_dwidth_converter_v2_1_37_top/drone_block_design_axi_mem_intercon_imp_auto_ds_0_axi_protocol_converter_v2_1_37_axi_protocol_converter/drone_block_design_axi_mem_intercon_imp_auto_ds_0_axi_protocol_converter_v2_1_37_axi3_conv/drone_block_design_axi_mem_intercon_imp_auto_ds_0_axi_protocol_converter_v2_1_37_a_axi3_conv/drone_block_design_axi_mem_intercon_imp_auto_ds_0_axi_data_fifo_v2_1_36_axic_fifo_0/drone_block_design_axi_mem_intercon_imp_auto_ds_0_axi_data_fifo_v2_1_36_fifo_gen/<hidden>/<hidden>/<hidden>/<hidden>/<hidden>/<hidden>
  -------------------------------------------------------------------
                         required time                         12.328    
                         arrival time                          -5.750    
  -------------------------------------------------------------------
                         slack                                  6.578    

Slack (MET) :             6.578ns  (required time - arrival time)
  Source:                 drone_block_design_wrapper/drone_block_design/drone_block_design_axi_mem_intercon_0/s00_couplers_imp_1QUQC6S/drone_block_design_axi_mem_intercon_imp_auto_ds_0/drone_block_design_axi_mem_intercon_imp_auto_ds_0_axi_dwidth_converter_v2_1_37_top/drone_block_design_axi_mem_intercon_imp_auto_ds_0_axi_protocol_converter_v2_1_37_axi_protocol_converter/drone_block_design_axi_mem_intercon_imp_auto_ds_0_axi_protocol_converter_v2_1_37_axi3_conv/drone_block_design_axi_mem_intercon_imp_auto_ds_0_axi_protocol_converter_v2_1_37_a_axi3_conv/drone_block_design_axi_mem_intercon_imp_auto_ds_0_axi_data_fifo_v2_1_36_axic_fifo_0/drone_block_design_axi_mem_intercon_imp_auto_ds_0_axi_data_fifo_v2_1_36_fifo_gen/<hidden>/<hidden>/<hidden>/<hidden>/<hidden>/<hidden>
                            (rising edge-triggered cell FDPE clocked by clk_fpga_0  {rise@0.000ns fall@5.000ns period=10.000ns})
  Destination:            drone_block_design_wrapper/drone_block_design/drone_block_design_axi_mem_intercon_0/s00_couplers_imp_1QUQC6S/drone_block_design_axi_mem_intercon_imp_auto_ds_0/drone_block_design_axi_mem_intercon_imp_auto_ds_0_axi_dwidth_converter_v2_1_37_top/drone_block_design_axi_mem_intercon_imp_auto_ds_0_axi_protocol_converter_v2_1_37_axi_protocol_converter/drone_block_design_axi_mem_intercon_imp_auto_ds_0_axi_protocol_converter_v2_1_37_axi3_conv/drone_block_design_axi_mem_intercon_imp_auto_ds_0_axi_protocol_converter_v2_1_37_a_axi3_conv/drone_block_design_axi_mem_intercon_imp_auto_ds_0_axi_data_fifo_v2_1_36_axic_fifo_0/drone_block_design_axi_mem_intercon_imp_auto_ds_0_axi_data_fifo_v2_1_36_fifo_gen/<hidden>/<hidden>/<hidden>/<hidden>/<hidden>/<hidden>
                            (recovery check against rising-edge clock clk_fpga_0  {rise@0.000ns fall@5.000ns period=10.000ns})
  Path Group:             **async_default**
  Path Type:              Recovery (Max at Slow Process Corner)
  Requirement:            10.000ns  (clk_fpga_0 rise@10.000ns - clk_fpga_0 rise@0.000ns)
  Data Path Delay:        2.805ns  (logic 0.773ns (27.558%)  route 2.032ns (72.442%))
  Logic Levels:           1  (LUT3=1)
  Clock Path Skew:        -0.058ns (DCD - SCD + CPR)
    Destination Clock Delay (DCD):    2.658ns = ( 12.658 - 10.000 ) 
    Source Clock Delay      (SCD):    2.945ns
    Clock Pessimism Removal (CPR):    0.229ns
  Clock Uncertainty:      0.154ns  ((TSJ^2 + TIJ^2)^1/2 + DJ) / 2 + PE
    Total System Jitter     (TSJ):    0.071ns
    Total Input Jitter      (TIJ):    0.300ns
    Discrete Jitter          (DJ):    0.000ns
    Phase Error              (PE):    0.000ns

    Location             Delay type                Incr(ns)  Path(ns)    Netlist Resource(s)
  -------------------------------------------------------------------    -------------------
                         (clock clk_fpga_0 rise edge)
                                                      0.000     0.000 r  
    PS7_X0Y0             PS7                          0.000     0.000 r  drone_block_design_i/processing_system7_0/inst/PS7_i/FCLKCLK[0]
                         net (fo=1, routed)           1.193     1.193    drone_block_design_i/processing_system7_0/inst/FCLK_CLK_unbuffered[0]
    BUFGCTRL_X0Y16       BUFG (Prop_bufg_I_O)         0.101     1.294 r  drone_block_design_i/processing_system7_0/inst/buffer_fclk_clk_0.FCLK_CLK_0_BUFG/O
                         net (fo=4104, routed)        1.651     2.945    drone_block_design_wrapper/drone_block_design/drone_block_design_axi_mem_intercon_0/s00_couplers_imp_1QUQC6S/drone_block_design_axi_mem_intercon_imp_auto_ds_0/drone_block_design_axi_mem_intercon_imp_auto_ds_0_axi_dwidth_converter_v2_1_37_top/drone_block_design_axi_mem_intercon_imp_auto_ds_0_axi_protocol_converter_v2_1_37_axi_protocol_converter/drone_block_design_axi_mem_intercon_imp_auto_ds_0_axi_protocol_converter_v2_1_37_axi3_conv/drone_block_design_axi_mem_intercon_imp_auto_ds_0_axi_protocol_converter_v2_1_37_a_axi3_conv/drone_block_design_axi_mem_intercon_imp_auto_ds_0_axi_data_fifo_v2_1_36_axic_fifo_0/drone_block_design_axi_mem_intercon_imp_auto_ds_0_axi_data_fifo_v2_1_36_fifo_gen/<hidden>/<hidden>/<hidden>/<hidden>/<hidden>/<hidden>
    SLICE_X38Y57         FDPE                                         r  drone_block_design_wrapper/drone_block_design/drone_block_design_axi_mem_intercon_0/s00_couplers_imp_1QUQC6S/drone_block_design_axi_mem_intercon_imp_auto_ds_0/drone_block_design_axi_mem_intercon_imp_auto_ds_0_axi_dwidth_converter_v2_1_37_top/drone_block_design_axi_mem_intercon_imp_auto_ds_0_axi_protocol_converter_v2_1_37_axi_protocol_converter/drone_block_design_axi_mem_intercon_imp_auto_ds_0_axi_protocol_converter_v2_1_37_axi3_conv/drone_block_design_axi_mem_intercon_imp_auto_ds_0_axi_protocol_converter_v2_1_37_a_axi3_conv/drone_block_design_axi_mem_intercon_imp_auto_ds_0_axi_data_fifo_v2_1_36_axic_fifo_0/drone_block_design_axi_mem_intercon_imp_auto_ds_0_axi_data_fifo_v2_1_36_fifo_gen/<hidden>/<hidden>/<hidden>/<hidden>/<hidden>/<hidden>
  -------------------------------------------------------------------    -------------------
    SLICE_X38Y57         FDPE (Prop_fdpe_C_Q)         0.478     3.423 f  drone_block_design_wrapper/drone_block_design/drone_block_design_axi_mem_intercon_0/s00_couplers_imp_1QUQC6S/drone_block_design_axi_mem_intercon_imp_auto_ds_0/drone_block_design_axi_mem_intercon_imp_auto_ds_0_axi_dwidth_converter_v2_1_37_top/drone_block_design_axi_mem_intercon_imp_auto_ds_0_axi_protocol_converter_v2_1_37_axi_protocol_converter/drone_block_design_axi_mem_intercon_imp_auto_ds_0_axi_protocol_converter_v2_1_37_axi3_conv/drone_block_design_axi_mem_intercon_imp_auto_ds_0_axi_protocol_converter_v2_1_37_a_axi3_conv/drone_block_design_axi_mem_intercon_imp_auto_ds_0_axi_data_fifo_v2_1_36_axic_fifo_0/drone_block_design_axi_mem_intercon_imp_auto_ds_0_axi_data_fifo_v2_1_36_fifo_gen/<hidden>/<hidden>/<hidden>/<hidden>/<hidden>/<hidden>
                         net (fo=3, routed)           0.617     4.040    drone_block_design_wrapper/drone_block_design/drone_block_design_axi_mem_intercon_0/s00_couplers_imp_1QUQC6S/drone_block_design_axi_mem_intercon_imp_auto_ds_0/drone_block_design_axi_mem_intercon_imp_auto_ds_0_axi_dwidth_converter_v2_1_37_top/drone_block_design_axi_mem_intercon_imp_auto_ds_0_axi_protocol_converter_v2_1_37_axi_protocol_converter/drone_block_design_axi_mem_intercon_imp_auto_ds_0_axi_protocol_converter_v2_1_37_axi3_conv/drone_block_design_axi_mem_intercon_imp_auto_ds_0_axi_protocol_converter_v2_1_37_a_axi3_conv/drone_block_design_axi_mem_intercon_imp_auto_ds_0_axi_data_fifo_v2_1_36_axic_fifo_0/drone_block_design_axi_mem_intercon_imp_auto_ds_0_axi_data_fifo_v2_1_36_fifo_gen/<hidden>/<hidden>/<hidden>/<hidden>/<hidden>
    SLICE_X40Y57         LUT3 (Prop_lut3_I2_O)        0.295     4.335 f  drone_block_design_wrapper/drone_block_design/drone_block_design_axi_mem_intercon_0/s00_couplers_imp_1QUQC6S/drone_block_design_axi_mem_intercon_imp_auto_ds_0/drone_block_design_axi_mem_intercon_imp_auto_ds_0_axi_dwidth_converter_v2_1_37_top/drone_block_design_axi_mem_intercon_imp_auto_ds_0_axi_protocol_converter_v2_1_37_axi_protocol_converter/drone_block_design_axi_mem_intercon_imp_auto_ds_0_axi_protocol_converter_v2_1_37_axi3_conv/drone_block_design_axi_mem_intercon_imp_auto_ds_0_axi_protocol_converter_v2_1_37_a_axi3_conv/drone_block_design_axi_mem_intercon_imp_auto_ds_0_axi_data_fifo_v2_1_36_axic_fifo_0/drone_block_design_axi_mem_intercon_imp_auto_ds_0_axi_data_fifo_v2_1_36_fifo_gen/<hidden>/<hidden>/<hidden>/<hidden>/<hidden>
                         net (fo=32, routed)          1.415     5.750    drone_block_design_wrapper/drone_block_design/drone_block_design_axi_mem_intercon_0/s00_couplers_imp_1QUQC6S/drone_block_design_axi_mem_intercon_imp_auto_ds_0/drone_block_design_axi_mem_intercon_imp_auto_ds_0_axi_dwidth_converter_v2_1_37_top/drone_block_design_axi_mem_intercon_imp_auto_ds_0_axi_protocol_converter_v2_1_37_axi_protocol_converter/drone_block_design_axi_mem_intercon_imp_auto_ds_0_axi_protocol_converter_v2_1_37_axi3_conv/drone_block_design_axi_mem_intercon_imp_auto_ds_0_axi_protocol_converter_v2_1_37_a_axi3_conv/drone_block_design_axi_mem_intercon_imp_auto_ds_0_axi_data_fifo_v2_1_36_axic_fifo_0/drone_block_design_axi_mem_intercon_imp_auto_ds_0_axi_data_fifo_v2_1_36_fifo_gen/<hidden>/<hidden>/<hidden>/<hidden>/<hidden>/<hidden>
    SLICE_X41Y56         FDCE                                         f  drone_block_design_wrapper/drone_block_design/drone_block_design_axi_mem_intercon_0/s00_couplers_imp_1QUQC6S/drone_block_design_axi_mem_intercon_imp_auto_ds_0/drone_block_design_axi_mem_intercon_imp_auto_ds_0_axi_dwidth_converter_v2_1_37_top/drone_block_design_axi_mem_intercon_imp_auto_ds_0_axi_protocol_converter_v2_1_37_axi_protocol_converter/drone_block_design_axi_mem_intercon_imp_auto_ds_0_axi_protocol_converter_v2_1_37_axi3_conv/drone_block_design_axi_mem_intercon_imp_auto_ds_0_axi_protocol_converter_v2_1_37_a_axi3_conv/drone_block_design_axi_mem_intercon_imp_auto_ds_0_axi_data_fifo_v2_1_36_axic_fifo_0/drone_block_design_axi_mem_intercon_imp_auto_ds_0_axi_data_fifo_v2_1_36_fifo_gen/<hidden>/<hidden>/<hidden>/<hidden>/<hidden>/<hidden>
  -------------------------------------------------------------------    -------------------

                         (clock clk_fpga_0 rise edge)
                                                     10.000    10.000 r  
    PS7_X0Y0             PS7                          0.000    10.000 r  drone_block_design_i/processing_system7_0/inst/PS7_i/FCLKCLK[0]
                         net (fo=1, routed)           1.088    11.088    drone_block_design_i/processing_system7_0/inst/FCLK_CLK_unbuffered[0]
    BUFGCTRL_X0Y16       BUFG (Prop_bufg_I_O)         0.091    11.179 r  drone_block_design_i/processing_system7_0/inst/buffer_fclk_clk_0.FCLK_CLK_0_BUFG/O
                         net (fo=4104, routed)        1.479    12.658    drone_block_design_wrapper/drone_block_design/drone_block_design_axi_mem_intercon_0/s00_couplers_imp_1QUQC6S/drone_block_design_axi_mem_intercon_imp_auto_ds_0/drone_block_design_axi_mem_intercon_imp_auto_ds_0_axi_dwidth_converter_v2_1_37_top/drone_block_design_axi_mem_intercon_imp_auto_ds_0_axi_protocol_converter_v2_1_37_axi_protocol_converter/drone_block_design_axi_mem_intercon_imp_auto_ds_0_axi_protocol_converter_v2_1_37_axi3_conv/drone_block_design_axi_mem_intercon_imp_auto_ds_0_axi_protocol_converter_v2_1_37_a_axi3_conv/drone_block_design_axi_mem_intercon_imp_auto_ds_0_axi_data_fifo_v2_1_36_axic_fifo_0/drone_block_design_axi_mem_intercon_imp_auto_ds_0_axi_data_fifo_v2_1_36_fifo_gen/<hidden>/<hidden>/<hidden>/<hidden>/<hidden>/<hidden>
    SLICE_X41Y56         FDCE                                         r  drone_block_design_wrapper/drone_block_design/drone_block_design_axi_mem_intercon_0/s00_couplers_imp_1QUQC6S/drone_block_design_axi_mem_intercon_imp_auto_ds_0/drone_block_design_axi_mem_intercon_imp_auto_ds_0_axi_dwidth_converter_v2_1_37_top/drone_block_design_axi_mem_intercon_imp_auto_ds_0_axi_protocol_converter_v2_1_37_axi_protocol_converter/drone_block_design_axi_mem_intercon_imp_auto_ds_0_axi_protocol_converter_v2_1_37_axi3_conv/drone_block_design_axi_mem_intercon_imp_auto_ds_0_axi_protocol_converter_v2_1_37_a_axi3_conv/drone_block_design_axi_mem_intercon_imp_auto_ds_0_axi_data_fifo_v2_1_36_axic_fifo_0/drone_block_design_axi_mem_intercon_imp_auto_ds_0_axi_data_fifo_v2_1_36_fifo_gen/<hidden>/<hidden>/<hidden>/<hidden>/<hidden>/<hidden>
                         clock pessimism              0.229    12.887    
                         clock uncertainty           -0.154    12.733    
    SLICE_X41Y56         FDCE (Recov_fdce_C_CLR)     -0.405    12.328    drone_block_design_wrapper/drone_block_design/drone_block_design_axi_mem_intercon_0/s00_couplers_imp_1QUQC6S/drone_block_design_axi_mem_intercon_imp_auto_ds_0/drone_block_design_axi_mem_intercon_imp_auto_ds_0_axi_dwidth_converter_v2_1_37_top/drone_block_design_axi_mem_intercon_imp_auto_ds_0_axi_protocol_converter_v2_1_37_axi_protocol_converter/drone_block_design_axi_mem_intercon_imp_auto_ds_0_axi_protocol_converter_v2_1_37_axi3_conv/drone_block_design_axi_mem_intercon_imp_auto_ds_0_axi_protocol_converter_v2_1_37_a_axi3_conv/drone_block_design_axi_mem_intercon_imp_auto_ds_0_axi_data_fifo_v2_1_36_axic_fifo_0/drone_block_design_axi_mem_intercon_imp_auto_ds_0_axi_data_fifo_v2_1_36_fifo_gen/<hidden>/<hidden>/<hidden>/<hidden>/<hidden>/<hidden>
  -------------------------------------------------------------------
                         required time                         12.328    
                         arrival time                          -5.750    
  -------------------------------------------------------------------
                         slack                                  6.578    

Slack (MET) :             6.578ns  (required time - arrival time)
  Source:                 drone_block_design_wrapper/drone_block_design/drone_block_design_axi_mem_intercon_0/s00_couplers_imp_1QUQC6S/drone_block_design_axi_mem_intercon_imp_auto_ds_0/drone_block_design_axi_mem_intercon_imp_auto_ds_0_axi_dwidth_converter_v2_1_37_top/drone_block_design_axi_mem_intercon_imp_auto_ds_0_axi_protocol_converter_v2_1_37_axi_protocol_converter/drone_block_design_axi_mem_intercon_imp_auto_ds_0_axi_protocol_converter_v2_1_37_axi3_conv/drone_block_design_axi_mem_intercon_imp_auto_ds_0_axi_protocol_converter_v2_1_37_a_axi3_conv/drone_block_design_axi_mem_intercon_imp_auto_ds_0_axi_data_fifo_v2_1_36_axic_fifo_0/drone_block_design_axi_mem_intercon_imp_auto_ds_0_axi_data_fifo_v2_1_36_fifo_gen/<hidden>/<hidden>/<hidden>/<hidden>/<hidden>/<hidden>
                            (rising edge-triggered cell FDPE clocked by clk_fpga_0  {rise@0.000ns fall@5.000ns period=10.000ns})
  Destination:            drone_block_design_wrapper/drone_block_design/drone_block_design_axi_mem_intercon_0/s00_couplers_imp_1QUQC6S/drone_block_design_axi_mem_intercon_imp_auto_ds_0/drone_block_design_axi_mem_intercon_imp_auto_ds_0_axi_dwidth_converter_v2_1_37_top/drone_block_design_axi_mem_intercon_imp_auto_ds_0_axi_protocol_converter_v2_1_37_axi_protocol_converter/drone_block_design_axi_mem_intercon_imp_auto_ds_0_axi_protocol_converter_v2_1_37_axi3_conv/drone_block_design_axi_mem_intercon_imp_auto_ds_0_axi_protocol_converter_v2_1_37_a_axi3_conv/drone_block_design_axi_mem_intercon_imp_auto_ds_0_axi_data_fifo_v2_1_36_axic_fifo_0/drone_block_design_axi_mem_intercon_imp_auto_ds_0_axi_data_fifo_v2_1_36_fifo_gen/<hidden>/<hidden>/<hidden>/<hidden>/<hidden>/<hidden>
                            (recovery check against rising-edge clock clk_fpga_0  {rise@0.000ns fall@5.000ns period=10.000ns})
  Path Group:             **async_default**
  Path Type:              Recovery (Max at Slow Process Corner)
  Requirement:            10.000ns  (clk_fpga_0 rise@10.000ns - clk_fpga_0 rise@0.000ns)
  Data Path Delay:        2.805ns  (logic 0.773ns (27.558%)  route 2.032ns (72.442%))
  Logic Levels:           1  (LUT3=1)
  Clock Path Skew:        -0.058ns (DCD - SCD + CPR)
    Destination Clock Delay (DCD):    2.658ns = ( 12.658 - 10.000 ) 
    Source Clock Delay      (SCD):    2.945ns
    Clock Pessimism Removal (CPR):    0.229ns
  Clock Uncertainty:      0.154ns  ((TSJ^2 + TIJ^2)^1/2 + DJ) / 2 + PE
    Total System Jitter     (TSJ):    0.071ns
    Total Input Jitter      (TIJ):    0.300ns
    Discrete Jitter          (DJ):    0.000ns
    Phase Error              (PE):    0.000ns

    Location             Delay type                Incr(ns)  Path(ns)    Netlist Resource(s)
  -------------------------------------------------------------------    -------------------
                         (clock clk_fpga_0 rise edge)
                                                      0.000     0.000 r  
    PS7_X0Y0             PS7                          0.000     0.000 r  drone_block_design_i/processing_system7_0/inst/PS7_i/FCLKCLK[0]
                         net (fo=1, routed)           1.193     1.193    drone_block_design_i/processing_system7_0/inst/FCLK_CLK_unbuffered[0]
    BUFGCTRL_X0Y16       BUFG (Prop_bufg_I_O)         0.101     1.294 r  drone_block_design_i/processing_system7_0/inst/buffer_fclk_clk_0.FCLK_CLK_0_BUFG/O
                         net (fo=4104, routed)        1.651     2.945    drone_block_design_wrapper/drone_block_design/drone_block_design_axi_mem_intercon_0/s00_couplers_imp_1QUQC6S/drone_block_design_axi_mem_intercon_imp_auto_ds_0/drone_block_design_axi_mem_intercon_imp_auto_ds_0_axi_dwidth_converter_v2_1_37_top/drone_block_design_axi_mem_intercon_imp_auto_ds_0_axi_protocol_converter_v2_1_37_axi_protocol_converter/drone_block_design_axi_mem_intercon_imp_auto_ds_0_axi_protocol_converter_v2_1_37_axi3_conv/drone_block_design_axi_mem_intercon_imp_auto_ds_0_axi_protocol_converter_v2_1_37_a_axi3_conv/drone_block_design_axi_mem_intercon_imp_auto_ds_0_axi_data_fifo_v2_1_36_axic_fifo_0/drone_block_design_axi_mem_intercon_imp_auto_ds_0_axi_data_fifo_v2_1_36_fifo_gen/<hidden>/<hidden>/<hidden>/<hidden>/<hidden>/<hidden>
    SLICE_X38Y57         FDPE                                         r  drone_block_design_wrapper/drone_block_design/drone_block_design_axi_mem_intercon_0/s00_couplers_imp_1QUQC6S/drone_block_design_axi_mem_intercon_imp_auto_ds_0/drone_block_design_axi_mem_intercon_imp_auto_ds_0_axi_dwidth_converter_v2_1_37_top/drone_block_design_axi_mem_intercon_imp_auto_ds_0_axi_protocol_converter_v2_1_37_axi_protocol_converter/drone_block_design_axi_mem_intercon_imp_auto_ds_0_axi_protocol_converter_v2_1_37_axi3_conv/drone_block_design_axi_mem_intercon_imp_auto_ds_0_axi_protocol_converter_v2_1_37_a_axi3_conv/drone_block_design_axi_mem_intercon_imp_auto_ds_0_axi_data_fifo_v2_1_36_axic_fifo_0/drone_block_design_axi_mem_intercon_imp_auto_ds_0_axi_data_fifo_v2_1_36_fifo_gen/<hidden>/<hidden>/<hidden>/<hidden>/<hidden>/<hidden>
  -------------------------------------------------------------------    -------------------
    SLICE_X38Y57         FDPE (Prop_fdpe_C_Q)         0.478     3.423 f  drone_block_design_wrapper/drone_block_design/drone_block_design_axi_mem_intercon_0/s00_couplers_imp_1QUQC6S/drone_block_design_axi_mem_intercon_imp_auto_ds_0/drone_block_design_axi_mem_intercon_imp_auto_ds_0_axi_dwidth_converter_v2_1_37_top/drone_block_design_axi_mem_intercon_imp_auto_ds_0_axi_protocol_converter_v2_1_37_axi_protocol_converter/drone_block_design_axi_mem_intercon_imp_auto_ds_0_axi_protocol_converter_v2_1_37_axi3_conv/drone_block_design_axi_mem_intercon_imp_auto_ds_0_axi_protocol_converter_v2_1_37_a_axi3_conv/drone_block_design_axi_mem_intercon_imp_auto_ds_0_axi_data_fifo_v2_1_36_axic_fifo_0/drone_block_design_axi_mem_intercon_imp_auto_ds_0_axi_data_fifo_v2_1_36_fifo_gen/<hidden>/<hidden>/<hidden>/<hidden>/<hidden>/<hidden>
                         net (fo=3, routed)           0.617     4.040    drone_block_design_wrapper/drone_block_design/drone_block_design_axi_mem_intercon_0/s00_couplers_imp_1QUQC6S/drone_block_design_axi_mem_intercon_imp_auto_ds_0/drone_block_design_axi_mem_intercon_imp_auto_ds_0_axi_dwidth_converter_v2_1_37_top/drone_block_design_axi_mem_intercon_imp_auto_ds_0_axi_protocol_converter_v2_1_37_axi_protocol_converter/drone_block_design_axi_mem_intercon_imp_auto_ds_0_axi_protocol_converter_v2_1_37_axi3_conv/drone_block_design_axi_mem_intercon_imp_auto_ds_0_axi_protocol_converter_v2_1_37_a_axi3_conv/drone_block_design_axi_mem_intercon_imp_auto_ds_0_axi_data_fifo_v2_1_36_axic_fifo_0/drone_block_design_axi_mem_intercon_imp_auto_ds_0_axi_data_fifo_v2_1_36_fifo_gen/<hidden>/<hidden>/<hidden>/<hidden>/<hidden>
    SLICE_X40Y57         LUT3 (Prop_lut3_I2_O)        0.295     4.335 f  drone_block_design_wrapper/drone_block_design/drone_block_design_axi_mem_intercon_0/s00_couplers_imp_1QUQC6S/drone_block_design_axi_mem_intercon_imp_auto_ds_0/drone_block_design_axi_mem_intercon_imp_auto_ds_0_axi_dwidth_converter_v2_1_37_top/drone_block_design_axi_mem_intercon_imp_auto_ds_0_axi_protocol_converter_v2_1_37_axi_protocol_converter/drone_block_design_axi_mem_intercon_imp_auto_ds_0_axi_protocol_converter_v2_1_37_axi3_conv/drone_block_design_axi_mem_intercon_imp_auto_ds_0_axi_protocol_converter_v2_1_37_a_axi3_conv/drone_block_design_axi_mem_intercon_imp_auto_ds_0_axi_data_fifo_v2_1_36_axic_fifo_0/drone_block_design_axi_mem_intercon_imp_auto_ds_0_axi_data_fifo_v2_1_36_fifo_gen/<hidden>/<hidden>/<hidden>/<hidden>/<hidden>
                         net (fo=32, routed)          1.415     5.750    drone_block_design_wrapper/drone_block_design/drone_block_design_axi_mem_intercon_0/s00_couplers_imp_1QUQC6S/drone_block_design_axi_mem_intercon_imp_auto_ds_0/drone_block_design_axi_mem_intercon_imp_auto_ds_0_axi_dwidth_converter_v2_1_37_top/drone_block_design_axi_mem_intercon_imp_auto_ds_0_axi_protocol_converter_v2_1_37_axi_protocol_converter/drone_block_design_axi_mem_intercon_imp_auto_ds_0_axi_protocol_converter_v2_1_37_axi3_conv/drone_block_design_axi_mem_intercon_imp_auto_ds_0_axi_protocol_converter_v2_1_37_a_axi3_conv/drone_block_design_axi_mem_intercon_imp_auto_ds_0_axi_data_fifo_v2_1_36_axic_fifo_0/drone_block_design_axi_mem_intercon_imp_auto_ds_0_axi_data_fifo_v2_1_36_fifo_gen/<hidden>/<hidden>/<hidden>/<hidden>/<hidden>/<hidden>
    SLICE_X41Y56         FDCE                                         f  drone_block_design_wrapper/drone_block_design/drone_block_design_axi_mem_intercon_0/s00_couplers_imp_1QUQC6S/drone_block_design_axi_mem_intercon_imp_auto_ds_0/drone_block_design_axi_mem_intercon_imp_auto_ds_0_axi_dwidth_converter_v2_1_37_top/drone_block_design_axi_mem_intercon_imp_auto_ds_0_axi_protocol_converter_v2_1_37_axi_protocol_converter/drone_block_design_axi_mem_intercon_imp_auto_ds_0_axi_protocol_converter_v2_1_37_axi3_conv/drone_block_design_axi_mem_intercon_imp_auto_ds_0_axi_protocol_converter_v2_1_37_a_axi3_conv/drone_block_design_axi_mem_intercon_imp_auto_ds_0_axi_data_fifo_v2_1_36_axic_fifo_0/drone_block_design_axi_mem_intercon_imp_auto_ds_0_axi_data_fifo_v2_1_36_fifo_gen/<hidden>/<hidden>/<hidden>/<hidden>/<hidden>/<hidden>
  -------------------------------------------------------------------    -------------------

                         (clock clk_fpga_0 rise edge)
                                                     10.000    10.000 r  
    PS7_X0Y0             PS7                          0.000    10.000 r  drone_block_design_i/processing_system7_0/inst/PS7_i/FCLKCLK[0]
                         net (fo=1, routed)           1.088    11.088    drone_block_design_i/processing_system7_0/inst/FCLK_CLK_unbuffered[0]
    BUFGCTRL_X0Y16       BUFG (Prop_bufg_I_O)         0.091    11.179 r  drone_block_design_i/processing_system7_0/inst/buffer_fclk_clk_0.FCLK_CLK_0_BUFG/O
                         net (fo=4104, routed)        1.479    12.658    drone_block_design_wrapper/drone_block_design/drone_block_design_axi_mem_intercon_0/s00_couplers_imp_1QUQC6S/drone_block_design_axi_mem_intercon_imp_auto_ds_0/drone_block_design_axi_mem_intercon_imp_auto_ds_0_axi_dwidth_converter_v2_1_37_top/drone_block_design_axi_mem_intercon_imp_auto_ds_0_axi_protocol_converter_v2_1_37_axi_protocol_converter/drone_block_design_axi_mem_intercon_imp_auto_ds_0_axi_protocol_converter_v2_1_37_axi3_conv/drone_block_design_axi_mem_intercon_imp_auto_ds_0_axi_protocol_converter_v2_1_37_a_axi3_conv/drone_block_design_axi_mem_intercon_imp_auto_ds_0_axi_data_fifo_v2_1_36_axic_fifo_0/drone_block_design_axi_mem_intercon_imp_auto_ds_0_axi_data_fifo_v2_1_36_fifo_gen/<hidden>/<hidden>/<hidden>/<hidden>/<hidden>/<hidden>
    SLICE_X41Y56         FDCE                                         r  drone_block_design_wrapper/drone_block_design/drone_block_design_axi_mem_intercon_0/s00_couplers_imp_1QUQC6S/drone_block_design_axi_mem_intercon_imp_auto_ds_0/drone_block_design_axi_mem_intercon_imp_auto_ds_0_axi_dwidth_converter_v2_1_37_top/drone_block_design_axi_mem_intercon_imp_auto_ds_0_axi_protocol_converter_v2_1_37_axi_protocol_converter/drone_block_design_axi_mem_intercon_imp_auto_ds_0_axi_protocol_converter_v2_1_37_axi3_conv/drone_block_design_axi_mem_intercon_imp_auto_ds_0_axi_protocol_converter_v2_1_37_a_axi3_conv/drone_block_design_axi_mem_intercon_imp_auto_ds_0_axi_data_fifo_v2_1_36_axic_fifo_0/drone_block_design_axi_mem_intercon_imp_auto_ds_0_axi_data_fifo_v2_1_36_fifo_gen/<hidden>/<hidden>/<hidden>/<hidden>/<hidden>/<hidden>
                         clock pessimism              0.229    12.887    
                         clock uncertainty           -0.154    12.733    
    SLICE_X41Y56         FDCE (Recov_fdce_C_CLR)     -0.405    12.328    drone_block_design_wrapper/drone_block_design/drone_block_design_axi_mem_intercon_0/s00_couplers_imp_1QUQC6S/drone_block_design_axi_mem_intercon_imp_auto_ds_0/drone_block_design_axi_mem_intercon_imp_auto_ds_0_axi_dwidth_converter_v2_1_37_top/drone_block_design_axi_mem_intercon_imp_auto_ds_0_axi_protocol_converter_v2_1_37_axi_protocol_converter/drone_block_design_axi_mem_intercon_imp_auto_ds_0_axi_protocol_converter_v2_1_37_axi3_conv/drone_block_design_axi_mem_intercon_imp_auto_ds_0_axi_protocol_converter_v2_1_37_a_axi3_conv/drone_block_design_axi_mem_intercon_imp_auto_ds_0_axi_data_fifo_v2_1_36_axic_fifo_0/drone_block_design_axi_mem_intercon_imp_auto_ds_0_axi_data_fifo_v2_1_36_fifo_gen/<hidden>/<hidden>/<hidden>/<hidden>/<hidden>/<hidden>
  -------------------------------------------------------------------
                         required time                         12.328    
                         arrival time                          -5.750    
  -------------------------------------------------------------------
                         slack                                  6.578    

Slack (MET) :             6.758ns  (required time - arrival time)
  Source:                 drone_block_design_wrapper/drone_block_design/drone_block_design_axi_mem_intercon_0/s00_couplers_imp_1QUQC6S/drone_block_design_axi_mem_intercon_imp_auto_ds_0/drone_block_design_axi_mem_intercon_imp_auto_ds_0_axi_dwidth_converter_v2_1_37_top/drone_block_design_axi_mem_intercon_imp_auto_ds_0_axi_dwidth_converter_v2_1_37_axi_downsizer/drone_block_design_axi_mem_intercon_imp_auto_ds_0_axi_dwidth_converter_v2_1_37_a_downsizer/drone_block_design_axi_mem_intercon_imp_auto_ds_0_axi_data_fifo_v2_1_36_axic_fifo__parameterized1/drone_block_design_axi_mem_intercon_imp_auto_ds_0_axi_data_fifo_v2_1_36_fifo_gen__parameterized1/<hidden>/<hidden>/<hidden>/<hidden>/<hidden>/<hidden>
                            (rising edge-triggered cell FDPE clocked by clk_fpga_0  {rise@0.000ns fall@5.000ns period=10.000ns})
  Destination:            drone_block_design_wrapper/drone_block_design/drone_block_design_axi_mem_intercon_0/s00_couplers_imp_1QUQC6S/drone_block_design_axi_mem_intercon_imp_auto_ds_0/drone_block_design_axi_mem_intercon_imp_auto_ds_0_axi_dwidth_converter_v2_1_37_top/drone_block_design_axi_mem_intercon_imp_auto_ds_0_axi_dwidth_converter_v2_1_37_axi_downsizer/drone_block_design_axi_mem_intercon_imp_auto_ds_0_axi_dwidth_converter_v2_1_37_a_downsizer/drone_block_design_axi_mem_intercon_imp_auto_ds_0_axi_data_fifo_v2_1_36_axic_fifo__parameterized1/drone_block_design_axi_mem_intercon_imp_auto_ds_0_axi_data_fifo_v2_1_36_fifo_gen__parameterized1/<hidden>/<hidden>/<hidden>/<hidden>/<hidden>/<hidden>
                            (recovery check against rising-edge clock clk_fpga_0  {rise@0.000ns fall@5.000ns period=10.000ns})
  Path Group:             **async_default**
  Path Type:              Recovery (Max at Slow Process Corner)
  Requirement:            10.000ns  (clk_fpga_0 rise@10.000ns - clk_fpga_0 rise@0.000ns)
  Data Path Delay:        2.658ns  (logic 0.718ns (27.015%)  route 1.940ns (72.985%))
  Logic Levels:           1  (LUT3=1)
  Clock Path Skew:        -0.025ns (DCD - SCD + CPR)
    Destination Clock Delay (DCD):    2.659ns = ( 12.659 - 10.000 ) 
    Source Clock Delay      (SCD):    2.947ns
    Clock Pessimism Removal (CPR):    0.263ns
  Clock Uncertainty:      0.154ns  ((TSJ^2 + TIJ^2)^1/2 + DJ) / 2 + PE
    Total System Jitter     (TSJ):    0.071ns
    Total Input Jitter      (TIJ):    0.300ns
    Discrete Jitter          (DJ):    0.000ns
    Phase Error              (PE):    0.000ns

    Location             Delay type                Incr(ns)  Path(ns)    Netlist Resource(s)
  -------------------------------------------------------------------    -------------------
                         (clock clk_fpga_0 rise edge)
                                                      0.000     0.000 r  
    PS7_X0Y0             PS7                          0.000     0.000 r  drone_block_design_i/processing_system7_0/inst/PS7_i/FCLKCLK[0]
                         net (fo=1, routed)           1.193     1.193    drone_block_design_i/processing_system7_0/inst/FCLK_CLK_unbuffered[0]
    BUFGCTRL_X0Y16       BUFG (Prop_bufg_I_O)         0.101     1.294 r  drone_block_design_i/processing_system7_0/inst/buffer_fclk_clk_0.FCLK_CLK_0_BUFG/O
                         net (fo=4104, routed)        1.653     2.947    drone_block_design_wrapper/drone_block_design/drone_block_design_axi_mem_intercon_0/s00_couplers_imp_1QUQC6S/drone_block_design_axi_mem_intercon_imp_auto_ds_0/drone_block_design_axi_mem_intercon_imp_auto_ds_0_axi_dwidth_converter_v2_1_37_top/drone_block_design_axi_mem_intercon_imp_auto_ds_0_axi_dwidth_converter_v2_1_37_axi_downsizer/drone_block_design_axi_mem_intercon_imp_auto_ds_0_axi_dwidth_converter_v2_1_37_a_downsizer/drone_block_design_axi_mem_intercon_imp_auto_ds_0_axi_data_fifo_v2_1_36_axic_fifo__parameterized1/drone_block_design_axi_mem_intercon_imp_auto_ds_0_axi_data_fifo_v2_1_36_fifo_gen__parameterized1/<hidden>/<hidden>/<hidden>/<hidden>/<hidden>/<hidden>
    SLICE_X39Y52         FDPE                                         r  drone_block_design_wrapper/drone_block_design/drone_block_design_axi_mem_intercon_0/s00_couplers_imp_1QUQC6S/drone_block_design_axi_mem_intercon_imp_auto_ds_0/drone_block_design_axi_mem_intercon_imp_auto_ds_0_axi_dwidth_converter_v2_1_37_top/drone_block_design_axi_mem_intercon_imp_auto_ds_0_axi_dwidth_converter_v2_1_37_axi_downsizer/drone_block_design_axi_mem_intercon_imp_auto_ds_0_axi_dwidth_converter_v2_1_37_a_downsizer/drone_block_design_axi_mem_intercon_imp_auto_ds_0_axi_data_fifo_v2_1_36_axic_fifo__parameterized1/drone_block_design_axi_mem_intercon_imp_auto_ds_0_axi_data_fifo_v2_1_36_fifo_gen__parameterized1/<hidden>/<hidden>/<hidden>/<hidden>/<hidden>/<hidden>
  -------------------------------------------------------------------    -------------------
    SLICE_X39Y52         FDPE (Prop_fdpe_C_Q)         0.419     3.366 f  drone_block_design_wrapper/drone_block_design/drone_block_design_axi_mem_intercon_0/s00_couplers_imp_1QUQC6S/drone_block_design_axi_mem_intercon_imp_auto_ds_0/drone_block_design_axi_mem_intercon_imp_auto_ds_0_axi_dwidth_converter_v2_1_37_top/drone_block_design_axi_mem_intercon_imp_auto_ds_0_axi_dwidth_converter_v2_1_37_axi_downsizer/drone_block_design_axi_mem_intercon_imp_auto_ds_0_axi_dwidth_converter_v2_1_37_a_downsizer/drone_block_design_axi_mem_intercon_imp_auto_ds_0_axi_data_fifo_v2_1_36_axic_fifo__parameterized1/drone_block_design_axi_mem_intercon_imp_auto_ds_0_axi_data_fifo_v2_1_36_fifo_gen__parameterized1/<hidden>/<hidden>/<hidden>/<hidden>/<hidden>/<hidden>
                         net (fo=3, routed)           0.815     4.181    drone_block_design_wrapper/drone_block_design/drone_block_design_axi_mem_intercon_0/s00_couplers_imp_1QUQC6S/drone_block_design_axi_mem_intercon_imp_auto_ds_0/drone_block_design_axi_mem_intercon_imp_auto_ds_0_axi_dwidth_converter_v2_1_37_top/drone_block_design_axi_mem_intercon_imp_auto_ds_0_axi_dwidth_converter_v2_1_37_axi_downsizer/drone_block_design_axi_mem_intercon_imp_auto_ds_0_axi_dwidth_converter_v2_1_37_a_downsizer/drone_block_design_axi_mem_intercon_imp_auto_ds_0_axi_data_fifo_v2_1_36_axic_fifo__parameterized1/drone_block_design_axi_mem_intercon_imp_auto_ds_0_axi_data_fifo_v2_1_36_fifo_gen__parameterized1/<hidden>/<hidden>/<hidden>/<hidden>/<hidden>
    SLICE_X39Y53         LUT3 (Prop_lut3_I2_O)        0.299     4.480 f  drone_block_design_wrapper/drone_block_design/drone_block_design_axi_mem_intercon_0/s00_couplers_imp_1QUQC6S/drone_block_design_axi_mem_intercon_imp_auto_ds_0/drone_block_design_axi_mem_intercon_imp_auto_ds_0_axi_dwidth_converter_v2_1_37_top/drone_block_design_axi_mem_intercon_imp_auto_ds_0_axi_dwidth_converter_v2_1_37_axi_downsizer/drone_block_design_axi_mem_intercon_imp_auto_ds_0_axi_dwidth_converter_v2_1_37_a_downsizer/drone_block_design_axi_mem_intercon_imp_auto_ds_0_axi_data_fifo_v2_1_36_axic_fifo__parameterized1/drone_block_design_axi_mem_intercon_imp_auto_ds_0_axi_data_fifo_v2_1_36_fifo_gen__parameterized1/<hidden>/<hidden>/<hidden>/<hidden>/<hidden>
                         net (fo=32, routed)          1.125     5.605    drone_block_design_wrapper/drone_block_design/drone_block_design_axi_mem_intercon_0/s00_couplers_imp_1QUQC6S/drone_block_design_axi_mem_intercon_imp_auto_ds_0/drone_block_design_axi_mem_intercon_imp_auto_ds_0_axi_dwidth_converter_v2_1_37_top/drone_block_design_axi_mem_intercon_imp_auto_ds_0_axi_dwidth_converter_v2_1_37_axi_downsizer/drone_block_design_axi_mem_intercon_imp_auto_ds_0_axi_dwidth_converter_v2_1_37_a_downsizer/drone_block_design_axi_mem_intercon_imp_auto_ds_0_axi_data_fifo_v2_1_36_axic_fifo__parameterized1/drone_block_design_axi_mem_intercon_imp_auto_ds_0_axi_data_fifo_v2_1_36_fifo_gen__parameterized1/<hidden>/<hidden>/<hidden>/<hidden>/<hidden>/<hidden>
    SLICE_X37Y51         FDCE                                         f  drone_block_design_wrapper/drone_block_design/drone_block_design_axi_mem_intercon_0/s00_couplers_imp_1QUQC6S/drone_block_design_axi_mem_intercon_imp_auto_ds_0/drone_block_design_axi_mem_intercon_imp_auto_ds_0_axi_dwidth_converter_v2_1_37_top/drone_block_design_axi_mem_intercon_imp_auto_ds_0_axi_dwidth_converter_v2_1_37_axi_downsizer/drone_block_design_axi_mem_intercon_imp_auto_ds_0_axi_dwidth_converter_v2_1_37_a_downsizer/drone_block_design_axi_mem_intercon_imp_auto_ds_0_axi_data_fifo_v2_1_36_axic_fifo__parameterized1/drone_block_design_axi_mem_intercon_imp_auto_ds_0_axi_data_fifo_v2_1_36_fifo_gen__parameterized1/<hidden>/<hidden>/<hidden>/<hidden>/<hidden>/<hidden>
  -------------------------------------------------------------------    -------------------

                         (clock clk_fpga_0 rise edge)
                                                     10.000    10.000 r  
    PS7_X0Y0             PS7                          0.000    10.000 r  drone_block_design_i/processing_system7_0/inst/PS7_i/FCLKCLK[0]
                         net (fo=1, routed)           1.088    11.088    drone_block_design_i/processing_system7_0/inst/FCLK_CLK_unbuffered[0]
    BUFGCTRL_X0Y16       BUFG (Prop_bufg_I_O)         0.091    11.179 r  drone_block_design_i/processing_system7_0/inst/buffer_fclk_clk_0.FCLK_CLK_0_BUFG/O
                         net (fo=4104, routed)        1.480    12.659    drone_block_design_wrapper/drone_block_design/drone_block_design_axi_mem_intercon_0/s00_couplers_imp_1QUQC6S/drone_block_design_axi_mem_intercon_imp_auto_ds_0/drone_block_design_axi_mem_intercon_imp_auto_ds_0_axi_dwidth_converter_v2_1_37_top/drone_block_design_axi_mem_intercon_imp_auto_ds_0_axi_dwidth_converter_v2_1_37_axi_downsizer/drone_block_design_axi_mem_intercon_imp_auto_ds_0_axi_dwidth_converter_v2_1_37_a_downsizer/drone_block_design_axi_mem_intercon_imp_auto_ds_0_axi_data_fifo_v2_1_36_axic_fifo__parameterized1/drone_block_design_axi_mem_intercon_imp_auto_ds_0_axi_data_fifo_v2_1_36_fifo_gen__parameterized1/<hidden>/<hidden>/<hidden>/<hidden>/<hidden>/<hidden>
    SLICE_X37Y51         FDCE                                         r  drone_block_design_wrapper/drone_block_design/drone_block_design_axi_mem_intercon_0/s00_couplers_imp_1QUQC6S/drone_block_design_axi_mem_intercon_imp_auto_ds_0/drone_block_design_axi_mem_intercon_imp_auto_ds_0_axi_dwidth_converter_v2_1_37_top/drone_block_design_axi_mem_intercon_imp_auto_ds_0_axi_dwidth_converter_v2_1_37_axi_downsizer/drone_block_design_axi_mem_intercon_imp_auto_ds_0_axi_dwidth_converter_v2_1_37_a_downsizer/drone_block_design_axi_mem_intercon_imp_auto_ds_0_axi_data_fifo_v2_1_36_axic_fifo__parameterized1/drone_block_design_axi_mem_intercon_imp_auto_ds_0_axi_data_fifo_v2_1_36_fifo_gen__parameterized1/<hidden>/<hidden>/<hidden>/<hidden>/<hidden>/<hidden>
                         clock pessimism              0.263    12.922    
                         clock uncertainty           -0.154    12.768    
    SLICE_X37Y51         FDCE (Recov_fdce_C_CLR)     -0.405    12.363    drone_block_design_wrapper/drone_block_design/drone_block_design_axi_mem_intercon_0/s00_couplers_imp_1QUQC6S/drone_block_design_axi_mem_intercon_imp_auto_ds_0/drone_block_design_axi_mem_intercon_imp_auto_ds_0_axi_dwidth_converter_v2_1_37_top/drone_block_design_axi_mem_intercon_imp_auto_ds_0_axi_dwidth_converter_v2_1_37_axi_downsizer/drone_block_design_axi_mem_intercon_imp_auto_ds_0_axi_dwidth_converter_v2_1_37_a_downsizer/drone_block_design_axi_mem_intercon_imp_auto_ds_0_axi_data_fifo_v2_1_36_axic_fifo__parameterized1/drone_block_design_axi_mem_intercon_imp_auto_ds_0_axi_data_fifo_v2_1_36_fifo_gen__parameterized1/<hidden>/<hidden>/<hidden>/<hidden>/<hidden>/<hidden>
  -------------------------------------------------------------------
                         required time                         12.363    
                         arrival time                          -5.605    
  -------------------------------------------------------------------
                         slack                                  6.758    





Min Delay Paths
--------------------------------------------------------------------------------------
Slack (MET) :             0.580ns  (arrival time - required time)
  Source:                 drone_block_design_wrapper/drone_block_design/drone_block_design_axi_mem_intercon_0/s00_couplers_imp_1QUQC6S/drone_block_design_axi_mem_intercon_imp_auto_pc_0/drone_block_design_axi_mem_intercon_imp_auto_pc_0_axi_protocol_converter_v2_1_37_axi_protocol_converter/drone_block_design_axi_mem_intercon_imp_auto_pc_0_axi_protocol_converter_v2_1_37_axi3_conv/drone_block_design_axi_mem_intercon_imp_auto_pc_0_axi_protocol_converter_v2_1_37_a_axi3_conv/drone_block_design_axi_mem_intercon_imp_auto_pc_0_axi_data_fifo_v2_1_36_axic_fifo/drone_block_design_axi_mem_intercon_imp_auto_pc_0_axi_data_fifo_v2_1_36_fifo_gen/<hidden>/<hidden>/<hidden>/<hidden>/<hidden>
                            (rising edge-triggered cell FDRE clocked by clk_fpga_0  {rise@0.000ns fall@5.000ns period=10.000ns})
  Destination:            drone_block_design_wrapper/drone_block_design/drone_block_design_axi_mem_intercon_0/s00_couplers_imp_1QUQC6S/drone_block_design_axi_mem_intercon_imp_auto_pc_0/drone_block_design_axi_mem_intercon_imp_auto_pc_0_axi_protocol_converter_v2_1_37_axi_protocol_converter/drone_block_design_axi_mem_intercon_imp_auto_pc_0_axi_protocol_converter_v2_1_37_axi3_conv/drone_block_design_axi_mem_intercon_imp_auto_pc_0_axi_protocol_converter_v2_1_37_a_axi3_conv/drone_block_design_axi_mem_intercon_imp_auto_pc_0_axi_data_fifo_v2_1_36_axic_fifo/drone_block_design_axi_mem_intercon_imp_auto_pc_0_axi_data_fifo_v2_1_36_fifo_gen/<hidden>/<hidden>/<hidden>/<hidden>/<hidden>/<hidden>
                            (removal check against rising-edge clock clk_fpga_0  {rise@0.000ns fall@5.000ns period=10.000ns})
  Path Group:             **async_default**
  Path Type:              Removal (Min at Fast Process Corner)
  Requirement:            0.000ns  (clk_fpga_0 rise@0.000ns - clk_fpga_0 rise@0.000ns)
  Data Path Delay:        0.765ns  (logic 0.186ns (24.312%)  route 0.579ns (75.688%))
  Logic Levels:           1  (LUT3=1)
  Clock Path Skew:        0.252ns (DCD - SCD - CPR)
    Destination Clock Delay (DCD):    1.210ns
    Source Clock Delay      (SCD):    0.928ns
    Clock Pessimism Removal (CPR):    0.030ns

    Location             Delay type                Incr(ns)  Path(ns)    Netlist Resource(s)
  -------------------------------------------------------------------    -------------------
                         (clock clk_fpga_0 rise edge)
                                                      0.000     0.000 r  
    PS7_X0Y0             PS7                          0.000     0.000 r  drone_block_design_i/processing_system7_0/inst/PS7_i/FCLKCLK[0]
                         net (fo=1, routed)           0.310     0.310    drone_block_design_i/processing_system7_0/inst/FCLK_CLK_unbuffered[0]
    BUFGCTRL_X0Y16       BUFG (Prop_bufg_I_O)         0.026     0.336 r  drone_block_design_i/processing_system7_0/inst/buffer_fclk_clk_0.FCLK_CLK_0_BUFG/O
                         net (fo=4104, routed)        0.592     0.928    drone_block_design_wrapper/drone_block_design/drone_block_design_axi_mem_intercon_0/s00_couplers_imp_1QUQC6S/drone_block_design_axi_mem_intercon_imp_auto_pc_0/drone_block_design_axi_mem_intercon_imp_auto_pc_0_axi_protocol_converter_v2_1_37_axi_protocol_converter/drone_block_design_axi_mem_intercon_imp_auto_pc_0_axi_protocol_converter_v2_1_37_axi3_conv/drone_block_design_axi_mem_intercon_imp_auto_pc_0_axi_protocol_converter_v2_1_37_a_axi3_conv/drone_block_design_axi_mem_intercon_imp_auto_pc_0_axi_data_fifo_v2_1_36_axic_fifo/drone_block_design_axi_mem_intercon_imp_auto_pc_0_axi_data_fifo_v2_1_36_fifo_gen/<hidden>/<hidden>/<hidden>/<hidden>/<hidden>
    SLICE_X24Y47         FDRE                                         r  drone_block_design_wrapper/drone_block_design/drone_block_design_axi_mem_intercon_0/s00_couplers_imp_1QUQC6S/drone_block_design_axi_mem_intercon_imp_auto_pc_0/drone_block_design_axi_mem_intercon_imp_auto_pc_0_axi_protocol_converter_v2_1_37_axi_protocol_converter/drone_block_design_axi_mem_intercon_imp_auto_pc_0_axi_protocol_converter_v2_1_37_axi3_conv/drone_block_design_axi_mem_intercon_imp_auto_pc_0_axi_protocol_converter_v2_1_37_a_axi3_conv/drone_block_design_axi_mem_intercon_imp_auto_pc_0_axi_data_fifo_v2_1_36_axic_fifo/drone_block_design_axi_mem_intercon_imp_auto_pc_0_axi_data_fifo_v2_1_36_fifo_gen/<hidden>/<hidden>/<hidden>/<hidden>/<hidden>
  -------------------------------------------------------------------    -------------------
    SLICE_X24Y47         FDRE (Prop_fdre_C_Q)         0.141     1.069 f  drone_block_design_wrapper/drone_block_design/drone_block_design_axi_mem_intercon_0/s00_couplers_imp_1QUQC6S/drone_block_design_axi_mem_intercon_imp_auto_pc_0/drone_block_design_axi_mem_intercon_imp_auto_pc_0_axi_protocol_converter_v2_1_37_axi_protocol_converter/drone_block_design_axi_mem_intercon_imp_auto_pc_0_axi_protocol_converter_v2_1_37_axi3_conv/drone_block_design_axi_mem_intercon_imp_auto_pc_0_axi_protocol_converter_v2_1_37_a_axi3_conv/drone_block_design_axi_mem_intercon_imp_auto_pc_0_axi_data_fifo_v2_1_36_axic_fifo/drone_block_design_axi_mem_intercon_imp_auto_pc_0_axi_data_fifo_v2_1_36_fifo_gen/<hidden>/<hidden>/<hidden>/<hidden>/<hidden>
                         net (fo=2, routed)           0.126     1.195    drone_block_design_wrapper/drone_block_design/drone_block_design_axi_mem_intercon_0/s00_couplers_imp_1QUQC6S/drone_block_design_axi_mem_intercon_imp_auto_pc_0/drone_block_design_axi_mem_intercon_imp_auto_pc_0_axi_protocol_converter_v2_1_37_axi_protocol_converter/drone_block_design_axi_mem_intercon_imp_auto_pc_0_axi_protocol_converter_v2_1_37_axi3_conv/drone_block_design_axi_mem_intercon_imp_auto_pc_0_axi_protocol_converter_v2_1_37_a_axi3_conv/drone_block_design_axi_mem_intercon_imp_auto_pc_0_axi_data_fifo_v2_1_36_axic_fifo/drone_block_design_axi_mem_intercon_imp_auto_pc_0_axi_data_fifo_v2_1_36_fifo_gen/<hidden>/<hidden>/<hidden>/<hidden>/<hidden>
    SLICE_X24Y48         LUT3 (Prop_lut3_I0_O)        0.045     1.240 f  drone_block_design_wrapper/drone_block_design/drone_block_design_axi_mem_intercon_0/s00_couplers_imp_1QUQC6S/drone_block_design_axi_mem_intercon_imp_auto_pc_0/drone_block_design_axi_mem_intercon_imp_auto_pc_0_axi_protocol_converter_v2_1_37_axi_protocol_converter/drone_block_design_axi_mem_intercon_imp_auto_pc_0_axi_protocol_converter_v2_1_37_axi3_conv/drone_block_design_axi_mem_intercon_imp_auto_pc_0_axi_protocol_converter_v2_1_37_a_axi3_conv/drone_block_design_axi_mem_intercon_imp_auto_pc_0_axi_data_fifo_v2_1_36_axic_fifo/drone_block_design_axi_mem_intercon_imp_auto_pc_0_axi_data_fifo_v2_1_36_fifo_gen/<hidden>/<hidden>/<hidden>/<hidden>/<hidden>
                         net (fo=32, routed)          0.453     1.693    drone_block_design_wrapper/drone_block_design/drone_block_design_axi_mem_intercon_0/s00_couplers_imp_1QUQC6S/drone_block_design_axi_mem_intercon_imp_auto_pc_0/drone_block_design_axi_mem_intercon_imp_auto_pc_0_axi_protocol_converter_v2_1_37_axi_protocol_converter/drone_block_design_axi_mem_intercon_imp_auto_pc_0_axi_protocol_converter_v2_1_37_axi3_conv/drone_block_design_axi_mem_intercon_imp_auto_pc_0_axi_protocol_converter_v2_1_37_a_axi3_conv/drone_block_design_axi_mem_intercon_imp_auto_pc_0_axi_data_fifo_v2_1_36_axic_fifo/drone_block_design_axi_mem_intercon_imp_auto_pc_0_axi_data_fifo_v2_1_36_fifo_gen/<hidden>/<hidden>/<hidden>/<hidden>/<hidden>/<hidden>
    SLICE_X26Y50         FDCE                                         f  drone_block_design_wrapper/drone_block_design/drone_block_design_axi_mem_intercon_0/s00_couplers_imp_1QUQC6S/drone_block_design_axi_mem_intercon_imp_auto_pc_0/drone_block_design_axi_mem_intercon_imp_auto_pc_0_axi_protocol_converter_v2_1_37_axi_protocol_converter/drone_block_design_axi_mem_intercon_imp_auto_pc_0_axi_protocol_converter_v2_1_37_axi3_conv/drone_block_design_axi_mem_intercon_imp_auto_pc_0_axi_protocol_converter_v2_1_37_a_axi3_conv/drone_block_design_axi_mem_intercon_imp_auto_pc_0_axi_data_fifo_v2_1_36_axic_fifo/drone_block_design_axi_mem_intercon_imp_auto_pc_0_axi_data_fifo_v2_1_36_fifo_gen/<hidden>/<hidden>/<hidden>/<hidden>/<hidden>/<hidden>
  -------------------------------------------------------------------    -------------------

                         (clock clk_fpga_0 rise edge)
                                                      0.000     0.000 r  
    PS7_X0Y0             PS7                          0.000     0.000 r  drone_block_design_i/processing_system7_0/inst/PS7_i/FCLKCLK[0]
                         net (fo=1, routed)           0.337     0.337    drone_block_design_i/processing_system7_0/inst/FCLK_CLK_unbuffered[0]
    BUFGCTRL_X0Y16       BUFG (Prop_bufg_I_O)         0.029     0.366 r  drone_block_design_i/processing_system7_0/inst/buffer_fclk_clk_0.FCLK_CLK_0_BUFG/O
                         net (fo=4104, routed)        0.844     1.210    drone_block_design_wrapper/drone_block_design/drone_block_design_axi_mem_intercon_0/s00_couplers_imp_1QUQC6S/drone_block_design_axi_mem_intercon_imp_auto_pc_0/drone_block_design_axi_mem_intercon_imp_auto_pc_0_axi_protocol_converter_v2_1_37_axi_protocol_converter/drone_block_design_axi_mem_intercon_imp_auto_pc_0_axi_protocol_converter_v2_1_37_axi3_conv/drone_block_design_axi_mem_intercon_imp_auto_pc_0_axi_protocol_converter_v2_1_37_a_axi3_conv/drone_block_design_axi_mem_intercon_imp_auto_pc_0_axi_data_fifo_v2_1_36_axic_fifo/drone_block_design_axi_mem_intercon_imp_auto_pc_0_axi_data_fifo_v2_1_36_fifo_gen/<hidden>/<hidden>/<hidden>/<hidden>/<hidden>/<hidden>
    SLICE_X26Y50         FDCE                                         r  drone_block_design_wrapper/drone_block_design/drone_block_design_axi_mem_intercon_0/s00_couplers_imp_1QUQC6S/drone_block_design_axi_mem_intercon_imp_auto_pc_0/drone_block_design_axi_mem_intercon_imp_auto_pc_0_axi_protocol_converter_v2_1_37_axi_protocol_converter/drone_block_design_axi_mem_intercon_imp_auto_pc_0_axi_protocol_converter_v2_1_37_axi3_conv/drone_block_design_axi_mem_intercon_imp_auto_pc_0_axi_protocol_converter_v2_1_37_a_axi3_conv/drone_block_design_axi_mem_intercon_imp_auto_pc_0_axi_data_fifo_v2_1_36_axic_fifo/drone_block_design_axi_mem_intercon_imp_auto_pc_0_axi_data_fifo_v2_1_36_fifo_gen/<hidden>/<hidden>/<hidden>/<hidden>/<hidden>/<hidden>
                         clock pessimism             -0.030     1.180    
    SLICE_X26Y50         FDCE (Remov_fdce_C_CLR)     -0.067     1.113    drone_block_design_wrapper/drone_block_design/drone_block_design_axi_mem_intercon_0/s00_couplers_imp_1QUQC6S/drone_block_design_axi_mem_intercon_imp_auto_pc_0/drone_block_design_axi_mem_intercon_imp_auto_pc_0_axi_protocol_converter_v2_1_37_axi_protocol_converter/drone_block_design_axi_mem_intercon_imp_auto_pc_0_axi_protocol_converter_v2_1_37_axi3_conv/drone_block_design_axi_mem_intercon_imp_auto_pc_0_axi_protocol_converter_v2_1_37_a_axi3_conv/drone_block_design_axi_mem_intercon_imp_auto_pc_0_axi_data_fifo_v2_1_36_axic_fifo/drone_block_design_axi_mem_intercon_imp_auto_pc_0_axi_data_fifo_v2_1_36_fifo_gen/<hidden>/<hidden>/<hidden>/<hidden>/<hidden>/<hidden>
  -------------------------------------------------------------------
                         required time                         -1.113    
                         arrival time                           1.693    
  -------------------------------------------------------------------
                         slack                                  0.580    

Slack (MET) :             0.580ns  (arrival time - required time)
  Source:                 drone_block_design_wrapper/drone_block_design/drone_block_design_axi_mem_intercon_0/s00_couplers_imp_1QUQC6S/drone_block_design_axi_mem_intercon_imp_auto_pc_0/drone_block_design_axi_mem_intercon_imp_auto_pc_0_axi_protocol_converter_v2_1_37_axi_protocol_converter/drone_block_design_axi_mem_intercon_imp_auto_pc_0_axi_protocol_converter_v2_1_37_axi3_conv/drone_block_design_axi_mem_intercon_imp_auto_pc_0_axi_protocol_converter_v2_1_37_a_axi3_conv/drone_block_design_axi_mem_intercon_imp_auto_pc_0_axi_data_fifo_v2_1_36_axic_fifo/drone_block_design_axi_mem_intercon_imp_auto_pc_0_axi_data_fifo_v2_1_36_fifo_gen/<hidden>/<hidden>/<hidden>/<hidden>/<hidden>
                            (rising edge-triggered cell FDRE clocked by clk_fpga_0  {rise@0.000ns fall@5.000ns period=10.000ns})
  Destination:            drone_block_design_wrapper/drone_block_design/drone_block_design_axi_mem_intercon_0/s00_couplers_imp_1QUQC6S/drone_block_design_axi_mem_intercon_imp_auto_pc_0/drone_block_design_axi_mem_intercon_imp_auto_pc_0_axi_protocol_converter_v2_1_37_axi_protocol_converter/drone_block_design_axi_mem_intercon_imp_auto_pc_0_axi_protocol_converter_v2_1_37_axi3_conv/drone_block_design_axi_mem_intercon_imp_auto_pc_0_axi_protocol_converter_v2_1_37_a_axi3_conv/drone_block_design_axi_mem_intercon_imp_auto_pc_0_axi_data_fifo_v2_1_36_axic_fifo/drone_block_design_axi_mem_intercon_imp_auto_pc_0_axi_data_fifo_v2_1_36_fifo_gen/<hidden>/<hidden>/<hidden>/<hidden>/<hidden>/<hidden>
                            (removal check against rising-edge clock clk_fpga_0  {rise@0.000ns fall@5.000ns period=10.000ns})
  Path Group:             **async_default**
  Path Type:              Removal (Min at Fast Process Corner)
  Requirement:            0.000ns  (clk_fpga_0 rise@0.000ns - clk_fpga_0 rise@0.000ns)
  Data Path Delay:        0.765ns  (logic 0.186ns (24.312%)  route 0.579ns (75.688%))
  Logic Levels:           1  (LUT3=1)
  Clock Path Skew:        0.252ns (DCD - SCD - CPR)
    Destination Clock Delay (DCD):    1.210ns
    Source Clock Delay      (SCD):    0.928ns
    Clock Pessimism Removal (CPR):    0.030ns

    Location             Delay type                Incr(ns)  Path(ns)    Netlist Resource(s)
  -------------------------------------------------------------------    -------------------
                         (clock clk_fpga_0 rise edge)
                                                      0.000     0.000 r  
    PS7_X0Y0             PS7                          0.000     0.000 r  drone_block_design_i/processing_system7_0/inst/PS7_i/FCLKCLK[0]
                         net (fo=1, routed)           0.310     0.310    drone_block_design_i/processing_system7_0/inst/FCLK_CLK_unbuffered[0]
    BUFGCTRL_X0Y16       BUFG (Prop_bufg_I_O)         0.026     0.336 r  drone_block_design_i/processing_system7_0/inst/buffer_fclk_clk_0.FCLK_CLK_0_BUFG/O
                         net (fo=4104, routed)        0.592     0.928    drone_block_design_wrapper/drone_block_design/drone_block_design_axi_mem_intercon_0/s00_couplers_imp_1QUQC6S/drone_block_design_axi_mem_intercon_imp_auto_pc_0/drone_block_design_axi_mem_intercon_imp_auto_pc_0_axi_protocol_converter_v2_1_37_axi_protocol_converter/drone_block_design_axi_mem_intercon_imp_auto_pc_0_axi_protocol_converter_v2_1_37_axi3_conv/drone_block_design_axi_mem_intercon_imp_auto_pc_0_axi_protocol_converter_v2_1_37_a_axi3_conv/drone_block_design_axi_mem_intercon_imp_auto_pc_0_axi_data_fifo_v2_1_36_axic_fifo/drone_block_design_axi_mem_intercon_imp_auto_pc_0_axi_data_fifo_v2_1_36_fifo_gen/<hidden>/<hidden>/<hidden>/<hidden>/<hidden>
    SLICE_X24Y47         FDRE                                         r  drone_block_design_wrapper/drone_block_design/drone_block_design_axi_mem_intercon_0/s00_couplers_imp_1QUQC6S/drone_block_design_axi_mem_intercon_imp_auto_pc_0/drone_block_design_axi_mem_intercon_imp_auto_pc_0_axi_protocol_converter_v2_1_37_axi_protocol_converter/drone_block_design_axi_mem_intercon_imp_auto_pc_0_axi_protocol_converter_v2_1_37_axi3_conv/drone_block_design_axi_mem_intercon_imp_auto_pc_0_axi_protocol_converter_v2_1_37_a_axi3_conv/drone_block_design_axi_mem_intercon_imp_auto_pc_0_axi_data_fifo_v2_1_36_axic_fifo/drone_block_design_axi_mem_intercon_imp_auto_pc_0_axi_data_fifo_v2_1_36_fifo_gen/<hidden>/<hidden>/<hidden>/<hidden>/<hidden>
  -------------------------------------------------------------------    -------------------
    SLICE_X24Y47         FDRE (Prop_fdre_C_Q)         0.141     1.069 f  drone_block_design_wrapper/drone_block_design/drone_block_design_axi_mem_intercon_0/s00_couplers_imp_1QUQC6S/drone_block_design_axi_mem_intercon_imp_auto_pc_0/drone_block_design_axi_mem_intercon_imp_auto_pc_0_axi_protocol_converter_v2_1_37_axi_protocol_converter/drone_block_design_axi_mem_intercon_imp_auto_pc_0_axi_protocol_converter_v2_1_37_axi3_conv/drone_block_design_axi_mem_intercon_imp_auto_pc_0_axi_protocol_converter_v2_1_37_a_axi3_conv/drone_block_design_axi_mem_intercon_imp_auto_pc_0_axi_data_fifo_v2_1_36_axic_fifo/drone_block_design_axi_mem_intercon_imp_auto_pc_0_axi_data_fifo_v2_1_36_fifo_gen/<hidden>/<hidden>/<hidden>/<hidden>/<hidden>
                         net (fo=2, routed)           0.126     1.195    drone_block_design_wrapper/drone_block_design/drone_block_design_axi_mem_intercon_0/s00_couplers_imp_1QUQC6S/drone_block_design_axi_mem_intercon_imp_auto_pc_0/drone_block_design_axi_mem_intercon_imp_auto_pc_0_axi_protocol_converter_v2_1_37_axi_protocol_converter/drone_block_design_axi_mem_intercon_imp_auto_pc_0_axi_protocol_converter_v2_1_37_axi3_conv/drone_block_design_axi_mem_intercon_imp_auto_pc_0_axi_protocol_converter_v2_1_37_a_axi3_conv/drone_block_design_axi_mem_intercon_imp_auto_pc_0_axi_data_fifo_v2_1_36_axic_fifo/drone_block_design_axi_mem_intercon_imp_auto_pc_0_axi_data_fifo_v2_1_36_fifo_gen/<hidden>/<hidden>/<hidden>/<hidden>/<hidden>
    SLICE_X24Y48         LUT3 (Prop_lut3_I0_O)        0.045     1.240 f  drone_block_design_wrapper/drone_block_design/drone_block_design_axi_mem_intercon_0/s00_couplers_imp_1QUQC6S/drone_block_design_axi_mem_intercon_imp_auto_pc_0/drone_block_design_axi_mem_intercon_imp_auto_pc_0_axi_protocol_converter_v2_1_37_axi_protocol_converter/drone_block_design_axi_mem_intercon_imp_auto_pc_0_axi_protocol_converter_v2_1_37_axi3_conv/drone_block_design_axi_mem_intercon_imp_auto_pc_0_axi_protocol_converter_v2_1_37_a_axi3_conv/drone_block_design_axi_mem_intercon_imp_auto_pc_0_axi_data_fifo_v2_1_36_axic_fifo/drone_block_design_axi_mem_intercon_imp_auto_pc_0_axi_data_fifo_v2_1_36_fifo_gen/<hidden>/<hidden>/<hidden>/<hidden>/<hidden>
                         net (fo=32, routed)          0.453     1.693    drone_block_design_wrapper/drone_block_design/drone_block_design_axi_mem_intercon_0/s00_couplers_imp_1QUQC6S/drone_block_design_axi_mem_intercon_imp_auto_pc_0/drone_block_design_axi_mem_intercon_imp_auto_pc_0_axi_protocol_converter_v2_1_37_axi_protocol_converter/drone_block_design_axi_mem_intercon_imp_auto_pc_0_axi_protocol_converter_v2_1_37_axi3_conv/drone_block_design_axi_mem_intercon_imp_auto_pc_0_axi_protocol_converter_v2_1_37_a_axi3_conv/drone_block_design_axi_mem_intercon_imp_auto_pc_0_axi_data_fifo_v2_1_36_axic_fifo/drone_block_design_axi_mem_intercon_imp_auto_pc_0_axi_data_fifo_v2_1_36_fifo_gen/<hidden>/<hidden>/<hidden>/<hidden>/<hidden>/<hidden>
    SLICE_X26Y50         FDCE                                         f  drone_block_design_wrapper/drone_block_design/drone_block_design_axi_mem_intercon_0/s00_couplers_imp_1QUQC6S/drone_block_design_axi_mem_intercon_imp_auto_pc_0/drone_block_design_axi_mem_intercon_imp_auto_pc_0_axi_protocol_converter_v2_1_37_axi_protocol_converter/drone_block_design_axi_mem_intercon_imp_auto_pc_0_axi_protocol_converter_v2_1_37_axi3_conv/drone_block_design_axi_mem_intercon_imp_auto_pc_0_axi_protocol_converter_v2_1_37_a_axi3_conv/drone_block_design_axi_mem_intercon_imp_auto_pc_0_axi_data_fifo_v2_1_36_axic_fifo/drone_block_design_axi_mem_intercon_imp_auto_pc_0_axi_data_fifo_v2_1_36_fifo_gen/<hidden>/<hidden>/<hidden>/<hidden>/<hidden>/<hidden>
  -------------------------------------------------------------------    -------------------

                         (clock clk_fpga_0 rise edge)
                                                      0.000     0.000 r  
    PS7_X0Y0             PS7                          0.000     0.000 r  drone_block_design_i/processing_system7_0/inst/PS7_i/FCLKCLK[0]
                         net (fo=1, routed)           0.337     0.337    drone_block_design_i/processing_system7_0/inst/FCLK_CLK_unbuffered[0]
    BUFGCTRL_X0Y16       BUFG (Prop_bufg_I_O)         0.029     0.366 r  drone_block_design_i/processing_system7_0/inst/buffer_fclk_clk_0.FCLK_CLK_0_BUFG/O
                         net (fo=4104, routed)        0.844     1.210    drone_block_design_wrapper/drone_block_design/drone_block_design_axi_mem_intercon_0/s00_couplers_imp_1QUQC6S/drone_block_design_axi_mem_intercon_imp_auto_pc_0/drone_block_design_axi_mem_intercon_imp_auto_pc_0_axi_protocol_converter_v2_1_37_axi_protocol_converter/drone_block_design_axi_mem_intercon_imp_auto_pc_0_axi_protocol_converter_v2_1_37_axi3_conv/drone_block_design_axi_mem_intercon_imp_auto_pc_0_axi_protocol_converter_v2_1_37_a_axi3_conv/drone_block_design_axi_mem_intercon_imp_auto_pc_0_axi_data_fifo_v2_1_36_axic_fifo/drone_block_design_axi_mem_intercon_imp_auto_pc_0_axi_data_fifo_v2_1_36_fifo_gen/<hidden>/<hidden>/<hidden>/<hidden>/<hidden>/<hidden>
    SLICE_X26Y50         FDCE                                         r  drone_block_design_wrapper/drone_block_design/drone_block_design_axi_mem_intercon_0/s00_couplers_imp_1QUQC6S/drone_block_design_axi_mem_intercon_imp_auto_pc_0/drone_block_design_axi_mem_intercon_imp_auto_pc_0_axi_protocol_converter_v2_1_37_axi_protocol_converter/drone_block_design_axi_mem_intercon_imp_auto_pc_0_axi_protocol_converter_v2_1_37_axi3_conv/drone_block_design_axi_mem_intercon_imp_auto_pc_0_axi_protocol_converter_v2_1_37_a_axi3_conv/drone_block_design_axi_mem_intercon_imp_auto_pc_0_axi_data_fifo_v2_1_36_axic_fifo/drone_block_design_axi_mem_intercon_imp_auto_pc_0_axi_data_fifo_v2_1_36_fifo_gen/<hidden>/<hidden>/<hidden>/<hidden>/<hidden>/<hidden>
                         clock pessimism             -0.030     1.180    
    SLICE_X26Y50         FDCE (Remov_fdce_C_CLR)     -0.067     1.113    drone_block_design_wrapper/drone_block_design/drone_block_design_axi_mem_intercon_0/s00_couplers_imp_1QUQC6S/drone_block_design_axi_mem_intercon_imp_auto_pc_0/drone_block_design_axi_mem_intercon_imp_auto_pc_0_axi_protocol_converter_v2_1_37_axi_protocol_converter/drone_block_design_axi_mem_intercon_imp_auto_pc_0_axi_protocol_converter_v2_1_37_axi3_conv/drone_block_design_axi_mem_intercon_imp_auto_pc_0_axi_protocol_converter_v2_1_37_a_axi3_conv/drone_block_design_axi_mem_intercon_imp_auto_pc_0_axi_data_fifo_v2_1_36_axic_fifo/drone_block_design_axi_mem_intercon_imp_auto_pc_0_axi_data_fifo_v2_1_36_fifo_gen/<hidden>/<hidden>/<hidden>/<hidden>/<hidden>/<hidden>
  -------------------------------------------------------------------
                         required time                         -1.113    
                         arrival time                           1.693    
  -------------------------------------------------------------------
                         slack                                  0.580    

Slack (MET) :             0.580ns  (arrival time - required time)
  Source:                 drone_block_design_wrapper/drone_block_design/drone_block_design_axi_mem_intercon_0/s00_couplers_imp_1QUQC6S/drone_block_design_axi_mem_intercon_imp_auto_pc_0/drone_block_design_axi_mem_intercon_imp_auto_pc_0_axi_protocol_converter_v2_1_37_axi_protocol_converter/drone_block_design_axi_mem_intercon_imp_auto_pc_0_axi_protocol_converter_v2_1_37_axi3_conv/drone_block_design_axi_mem_intercon_imp_auto_pc_0_axi_protocol_converter_v2_1_37_a_axi3_conv/drone_block_design_axi_mem_intercon_imp_auto_pc_0_axi_data_fifo_v2_1_36_axic_fifo/drone_block_design_axi_mem_intercon_imp_auto_pc_0_axi_data_fifo_v2_1_36_fifo_gen/<hidden>/<hidden>/<hidden>/<hidden>/<hidden>
                            (rising edge-triggered cell FDRE clocked by clk_fpga_0  {rise@0.000ns fall@5.000ns period=10.000ns})
  Destination:            drone_block_design_wrapper/drone_block_design/drone_block_design_axi_mem_intercon_0/s00_couplers_imp_1QUQC6S/drone_block_design_axi_mem_intercon_imp_auto_pc_0/drone_block_design_axi_mem_intercon_imp_auto_pc_0_axi_protocol_converter_v2_1_37_axi_protocol_converter/drone_block_design_axi_mem_intercon_imp_auto_pc_0_axi_protocol_converter_v2_1_37_axi3_conv/drone_block_design_axi_mem_intercon_imp_auto_pc_0_axi_protocol_converter_v2_1_37_a_axi3_conv/drone_block_design_axi_mem_intercon_imp_auto_pc_0_axi_data_fifo_v2_1_36_axic_fifo/drone_block_design_axi_mem_intercon_imp_auto_pc_0_axi_data_fifo_v2_1_36_fifo_gen/<hidden>/<hidden>/<hidden>/<hidden>/<hidden>/<hidden>
                            (removal check against rising-edge clock clk_fpga_0  {rise@0.000ns fall@5.000ns period=10.000ns})
  Path Group:             **async_default**
  Path Type:              Removal (Min at Fast Process Corner)
  Requirement:            0.000ns  (clk_fpga_0 rise@0.000ns - clk_fpga_0 rise@0.000ns)
  Data Path Delay:        0.765ns  (logic 0.186ns (24.312%)  route 0.579ns (75.688%))
  Logic Levels:           1  (LUT3=1)
  Clock Path Skew:        0.252ns (DCD - SCD - CPR)
    Destination Clock Delay (DCD):    1.210ns
    Source Clock Delay      (SCD):    0.928ns
    Clock Pessimism Removal (CPR):    0.030ns

    Location             Delay type                Incr(ns)  Path(ns)    Netlist Resource(s)
  -------------------------------------------------------------------    -------------------
                         (clock clk_fpga_0 rise edge)
                                                      0.000     0.000 r  
    PS7_X0Y0             PS7                          0.000     0.000 r  drone_block_design_i/processing_system7_0/inst/PS7_i/FCLKCLK[0]
                         net (fo=1, routed)           0.310     0.310    drone_block_design_i/processing_system7_0/inst/FCLK_CLK_unbuffered[0]
    BUFGCTRL_X0Y16       BUFG (Prop_bufg_I_O)         0.026     0.336 r  drone_block_design_i/processing_system7_0/inst/buffer_fclk_clk_0.FCLK_CLK_0_BUFG/O
                         net (fo=4104, routed)        0.592     0.928    drone_block_design_wrapper/drone_block_design/drone_block_design_axi_mem_intercon_0/s00_couplers_imp_1QUQC6S/drone_block_design_axi_mem_intercon_imp_auto_pc_0/drone_block_design_axi_mem_intercon_imp_auto_pc_0_axi_protocol_converter_v2_1_37_axi_protocol_converter/drone_block_design_axi_mem_intercon_imp_auto_pc_0_axi_protocol_converter_v2_1_37_axi3_conv/drone_block_design_axi_mem_intercon_imp_auto_pc_0_axi_protocol_converter_v2_1_37_a_axi3_conv/drone_block_design_axi_mem_intercon_imp_auto_pc_0_axi_data_fifo_v2_1_36_axic_fifo/drone_block_design_axi_mem_intercon_imp_auto_pc_0_axi_data_fifo_v2_1_36_fifo_gen/<hidden>/<hidden>/<hidden>/<hidden>/<hidden>
    SLICE_X24Y47         FDRE                                         r  drone_block_design_wrapper/drone_block_design/drone_block_design_axi_mem_intercon_0/s00_couplers_imp_1QUQC6S/drone_block_design_axi_mem_intercon_imp_auto_pc_0/drone_block_design_axi_mem_intercon_imp_auto_pc_0_axi_protocol_converter_v2_1_37_axi_protocol_converter/drone_block_design_axi_mem_intercon_imp_auto_pc_0_axi_protocol_converter_v2_1_37_axi3_conv/drone_block_design_axi_mem_intercon_imp_auto_pc_0_axi_protocol_converter_v2_1_37_a_axi3_conv/drone_block_design_axi_mem_intercon_imp_auto_pc_0_axi_data_fifo_v2_1_36_axic_fifo/drone_block_design_axi_mem_intercon_imp_auto_pc_0_axi_data_fifo_v2_1_36_fifo_gen/<hidden>/<hidden>/<hidden>/<hidden>/<hidden>
  -------------------------------------------------------------------    -------------------
    SLICE_X24Y47         FDRE (Prop_fdre_C_Q)         0.141     1.069 f  drone_block_design_wrapper/drone_block_design/drone_block_design_axi_mem_intercon_0/s00_couplers_imp_1QUQC6S/drone_block_design_axi_mem_intercon_imp_auto_pc_0/drone_block_design_axi_mem_intercon_imp_auto_pc_0_axi_protocol_converter_v2_1_37_axi_protocol_converter/drone_block_design_axi_mem_intercon_imp_auto_pc_0_axi_protocol_converter_v2_1_37_axi3_conv/drone_block_design_axi_mem_intercon_imp_auto_pc_0_axi_protocol_converter_v2_1_37_a_axi3_conv/drone_block_design_axi_mem_intercon_imp_auto_pc_0_axi_data_fifo_v2_1_36_axic_fifo/drone_block_design_axi_mem_intercon_imp_auto_pc_0_axi_data_fifo_v2_1_36_fifo_gen/<hidden>/<hidden>/<hidden>/<hidden>/<hidden>
                         net (fo=2, routed)           0.126     1.195    drone_block_design_wrapper/drone_block_design/drone_block_design_axi_mem_intercon_0/s00_couplers_imp_1QUQC6S/drone_block_design_axi_mem_intercon_imp_auto_pc_0/drone_block_design_axi_mem_intercon_imp_auto_pc_0_axi_protocol_converter_v2_1_37_axi_protocol_converter/drone_block_design_axi_mem_intercon_imp_auto_pc_0_axi_protocol_converter_v2_1_37_axi3_conv/drone_block_design_axi_mem_intercon_imp_auto_pc_0_axi_protocol_converter_v2_1_37_a_axi3_conv/drone_block_design_axi_mem_intercon_imp_auto_pc_0_axi_data_fifo_v2_1_36_axic_fifo/drone_block_design_axi_mem_intercon_imp_auto_pc_0_axi_data_fifo_v2_1_36_fifo_gen/<hidden>/<hidden>/<hidden>/<hidden>/<hidden>
    SLICE_X24Y48         LUT3 (Prop_lut3_I0_O)        0.045     1.240 f  drone_block_design_wrapper/drone_block_design/drone_block_design_axi_mem_intercon_0/s00_couplers_imp_1QUQC6S/drone_block_design_axi_mem_intercon_imp_auto_pc_0/drone_block_design_axi_mem_intercon_imp_auto_pc_0_axi_protocol_converter_v2_1_37_axi_protocol_converter/drone_block_design_axi_mem_intercon_imp_auto_pc_0_axi_protocol_converter_v2_1_37_axi3_conv/drone_block_design_axi_mem_intercon_imp_auto_pc_0_axi_protocol_converter_v2_1_37_a_axi3_conv/drone_block_design_axi_mem_intercon_imp_auto_pc_0_axi_data_fifo_v2_1_36_axic_fifo/drone_block_design_axi_mem_intercon_imp_auto_pc_0_axi_data_fifo_v2_1_36_fifo_gen/<hidden>/<hidden>/<hidden>/<hidden>/<hidden>
                         net (fo=32, routed)          0.453     1.693    drone_block_design_wrapper/drone_block_design/drone_block_design_axi_mem_intercon_0/s00_couplers_imp_1QUQC6S/drone_block_design_axi_mem_intercon_imp_auto_pc_0/drone_block_design_axi_mem_intercon_imp_auto_pc_0_axi_protocol_converter_v2_1_37_axi_protocol_converter/drone_block_design_axi_mem_intercon_imp_auto_pc_0_axi_protocol_converter_v2_1_37_axi3_conv/drone_block_design_axi_mem_intercon_imp_auto_pc_0_axi_protocol_converter_v2_1_37_a_axi3_conv/drone_block_design_axi_mem_intercon_imp_auto_pc_0_axi_data_fifo_v2_1_36_axic_fifo/drone_block_design_axi_mem_intercon_imp_auto_pc_0_axi_data_fifo_v2_1_36_fifo_gen/<hidden>/<hidden>/<hidden>/<hidden>/<hidden>/<hidden>
    SLICE_X26Y50         FDCE                                         f  drone_block_design_wrapper/drone_block_design/drone_block_design_axi_mem_intercon_0/s00_couplers_imp_1QUQC6S/drone_block_design_axi_mem_intercon_imp_auto_pc_0/drone_block_design_axi_mem_intercon_imp_auto_pc_0_axi_protocol_converter_v2_1_37_axi_protocol_converter/drone_block_design_axi_mem_intercon_imp_auto_pc_0_axi_protocol_converter_v2_1_37_axi3_conv/drone_block_design_axi_mem_intercon_imp_auto_pc_0_axi_protocol_converter_v2_1_37_a_axi3_conv/drone_block_design_axi_mem_intercon_imp_auto_pc_0_axi_data_fifo_v2_1_36_axic_fifo/drone_block_design_axi_mem_intercon_imp_auto_pc_0_axi_data_fifo_v2_1_36_fifo_gen/<hidden>/<hidden>/<hidden>/<hidden>/<hidden>/<hidden>
  -------------------------------------------------------------------    -------------------

                         (clock clk_fpga_0 rise edge)
                                                      0.000     0.000 r  
    PS7_X0Y0             PS7                          0.000     0.000 r  drone_block_design_i/processing_system7_0/inst/PS7_i/FCLKCLK[0]
                         net (fo=1, routed)           0.337     0.337    drone_block_design_i/processing_system7_0/inst/FCLK_CLK_unbuffered[0]
    BUFGCTRL_X0Y16       BUFG (Prop_bufg_I_O)         0.029     0.366 r  drone_block_design_i/processing_system7_0/inst/buffer_fclk_clk_0.FCLK_CLK_0_BUFG/O
                         net (fo=4104, routed)        0.844     1.210    drone_block_design_wrapper/drone_block_design/drone_block_design_axi_mem_intercon_0/s00_couplers_imp_1QUQC6S/drone_block_design_axi_mem_intercon_imp_auto_pc_0/drone_block_design_axi_mem_intercon_imp_auto_pc_0_axi_protocol_converter_v2_1_37_axi_protocol_converter/drone_block_design_axi_mem_intercon_imp_auto_pc_0_axi_protocol_converter_v2_1_37_axi3_conv/drone_block_design_axi_mem_intercon_imp_auto_pc_0_axi_protocol_converter_v2_1_37_a_axi3_conv/drone_block_design_axi_mem_intercon_imp_auto_pc_0_axi_data_fifo_v2_1_36_axic_fifo/drone_block_design_axi_mem_intercon_imp_auto_pc_0_axi_data_fifo_v2_1_36_fifo_gen/<hidden>/<hidden>/<hidden>/<hidden>/<hidden>/<hidden>
    SLICE_X26Y50         FDCE                                         r  drone_block_design_wrapper/drone_block_design/drone_block_design_axi_mem_intercon_0/s00_couplers_imp_1QUQC6S/drone_block_design_axi_mem_intercon_imp_auto_pc_0/drone_block_design_axi_mem_intercon_imp_auto_pc_0_axi_protocol_converter_v2_1_37_axi_protocol_converter/drone_block_design_axi_mem_intercon_imp_auto_pc_0_axi_protocol_converter_v2_1_37_axi3_conv/drone_block_design_axi_mem_intercon_imp_auto_pc_0_axi_protocol_converter_v2_1_37_a_axi3_conv/drone_block_design_axi_mem_intercon_imp_auto_pc_0_axi_data_fifo_v2_1_36_axic_fifo/drone_block_design_axi_mem_intercon_imp_auto_pc_0_axi_data_fifo_v2_1_36_fifo_gen/<hidden>/<hidden>/<hidden>/<hidden>/<hidden>/<hidden>
                         clock pessimism             -0.030     1.180    
    SLICE_X26Y50         FDCE (Remov_fdce_C_CLR)     -0.067     1.113    drone_block_design_wrapper/drone_block_design/drone_block_design_axi_mem_intercon_0/s00_couplers_imp_1QUQC6S/drone_block_design_axi_mem_intercon_imp_auto_pc_0/drone_block_design_axi_mem_intercon_imp_auto_pc_0_axi_protocol_converter_v2_1_37_axi_protocol_converter/drone_block_design_axi_mem_intercon_imp_auto_pc_0_axi_protocol_converter_v2_1_37_axi3_conv/drone_block_design_axi_mem_intercon_imp_auto_pc_0_axi_protocol_converter_v2_1_37_a_axi3_conv/drone_block_design_axi_mem_intercon_imp_auto_pc_0_axi_data_fifo_v2_1_36_axic_fifo/drone_block_design_axi_mem_intercon_imp_auto_pc_0_axi_data_fifo_v2_1_36_fifo_gen/<hidden>/<hidden>/<hidden>/<hidden>/<hidden>/<hidden>
  -------------------------------------------------------------------
                         required time                         -1.113    
                         arrival time                           1.693    
  -------------------------------------------------------------------
                         slack                                  0.580    

Slack (MET) :             0.580ns  (arrival time - required time)
  Source:                 drone_block_design_wrapper/drone_block_design/drone_block_design_axi_mem_intercon_0/s00_couplers_imp_1QUQC6S/drone_block_design_axi_mem_intercon_imp_auto_pc_0/drone_block_design_axi_mem_intercon_imp_auto_pc_0_axi_protocol_converter_v2_1_37_axi_protocol_converter/drone_block_design_axi_mem_intercon_imp_auto_pc_0_axi_protocol_converter_v2_1_37_axi3_conv/drone_block_design_axi_mem_intercon_imp_auto_pc_0_axi_protocol_converter_v2_1_37_a_axi3_conv/drone_block_design_axi_mem_intercon_imp_auto_pc_0_axi_data_fifo_v2_1_36_axic_fifo/drone_block_design_axi_mem_intercon_imp_auto_pc_0_axi_data_fifo_v2_1_36_fifo_gen/<hidden>/<hidden>/<hidden>/<hidden>/<hidden>
                            (rising edge-triggered cell FDRE clocked by clk_fpga_0  {rise@0.000ns fall@5.000ns period=10.000ns})
  Destination:            drone_block_design_wrapper/drone_block_design/drone_block_design_axi_mem_intercon_0/s00_couplers_imp_1QUQC6S/drone_block_design_axi_mem_intercon_imp_auto_pc_0/drone_block_design_axi_mem_intercon_imp_auto_pc_0_axi_protocol_converter_v2_1_37_axi_protocol_converter/drone_block_design_axi_mem_intercon_imp_auto_pc_0_axi_protocol_converter_v2_1_37_axi3_conv/drone_block_design_axi_mem_intercon_imp_auto_pc_0_axi_protocol_converter_v2_1_37_a_axi3_conv/drone_block_design_axi_mem_intercon_imp_auto_pc_0_axi_data_fifo_v2_1_36_axic_fifo/drone_block_design_axi_mem_intercon_imp_auto_pc_0_axi_data_fifo_v2_1_36_fifo_gen/<hidden>/<hidden>/<hidden>/<hidden>/<hidden>/<hidden>
                            (removal check against rising-edge clock clk_fpga_0  {rise@0.000ns fall@5.000ns period=10.000ns})
  Path Group:             **async_default**
  Path Type:              Removal (Min at Fast Process Corner)
  Requirement:            0.000ns  (clk_fpga_0 rise@0.000ns - clk_fpga_0 rise@0.000ns)
  Data Path Delay:        0.765ns  (logic 0.186ns (24.312%)  route 0.579ns (75.688%))
  Logic Levels:           1  (LUT3=1)
  Clock Path Skew:        0.252ns (DCD - SCD - CPR)
    Destination Clock Delay (DCD):    1.210ns
    Source Clock Delay      (SCD):    0.928ns
    Clock Pessimism Removal (CPR):    0.030ns

    Location             Delay type                Incr(ns)  Path(ns)    Netlist Resource(s)
  -------------------------------------------------------------------    -------------------
                         (clock clk_fpga_0 rise edge)
                                                      0.000     0.000 r  
    PS7_X0Y0             PS7                          0.000     0.000 r  drone_block_design_i/processing_system7_0/inst/PS7_i/FCLKCLK[0]
                         net (fo=1, routed)           0.310     0.310    drone_block_design_i/processing_system7_0/inst/FCLK_CLK_unbuffered[0]
    BUFGCTRL_X0Y16       BUFG (Prop_bufg_I_O)         0.026     0.336 r  drone_block_design_i/processing_system7_0/inst/buffer_fclk_clk_0.FCLK_CLK_0_BUFG/O
                         net (fo=4104, routed)        0.592     0.928    drone_block_design_wrapper/drone_block_design/drone_block_design_axi_mem_intercon_0/s00_couplers_imp_1QUQC6S/drone_block_design_axi_mem_intercon_imp_auto_pc_0/drone_block_design_axi_mem_intercon_imp_auto_pc_0_axi_protocol_converter_v2_1_37_axi_protocol_converter/drone_block_design_axi_mem_intercon_imp_auto_pc_0_axi_protocol_converter_v2_1_37_axi3_conv/drone_block_design_axi_mem_intercon_imp_auto_pc_0_axi_protocol_converter_v2_1_37_a_axi3_conv/drone_block_design_axi_mem_intercon_imp_auto_pc_0_axi_data_fifo_v2_1_36_axic_fifo/drone_block_design_axi_mem_intercon_imp_auto_pc_0_axi_data_fifo_v2_1_36_fifo_gen/<hidden>/<hidden>/<hidden>/<hidden>/<hidden>
    SLICE_X24Y47         FDRE                                         r  drone_block_design_wrapper/drone_block_design/drone_block_design_axi_mem_intercon_0/s00_couplers_imp_1QUQC6S/drone_block_design_axi_mem_intercon_imp_auto_pc_0/drone_block_design_axi_mem_intercon_imp_auto_pc_0_axi_protocol_converter_v2_1_37_axi_protocol_converter/drone_block_design_axi_mem_intercon_imp_auto_pc_0_axi_protocol_converter_v2_1_37_axi3_conv/drone_block_design_axi_mem_intercon_imp_auto_pc_0_axi_protocol_converter_v2_1_37_a_axi3_conv/drone_block_design_axi_mem_intercon_imp_auto_pc_0_axi_data_fifo_v2_1_36_axic_fifo/drone_block_design_axi_mem_intercon_imp_auto_pc_0_axi_data_fifo_v2_1_36_fifo_gen/<hidden>/<hidden>/<hidden>/<hidden>/<hidden>
  -------------------------------------------------------------------    -------------------
    SLICE_X24Y47         FDRE (Prop_fdre_C_Q)         0.141     1.069 f  drone_block_design_wrapper/drone_block_design/drone_block_design_axi_mem_intercon_0/s00_couplers_imp_1QUQC6S/drone_block_design_axi_mem_intercon_imp_auto_pc_0/drone_block_design_axi_mem_intercon_imp_auto_pc_0_axi_protocol_converter_v2_1_37_axi_protocol_converter/drone_block_design_axi_mem_intercon_imp_auto_pc_0_axi_protocol_converter_v2_1_37_axi3_conv/drone_block_design_axi_mem_intercon_imp_auto_pc_0_axi_protocol_converter_v2_1_37_a_axi3_conv/drone_block_design_axi_mem_intercon_imp_auto_pc_0_axi_data_fifo_v2_1_36_axic_fifo/drone_block_design_axi_mem_intercon_imp_auto_pc_0_axi_data_fifo_v2_1_36_fifo_gen/<hidden>/<hidden>/<hidden>/<hidden>/<hidden>
                         net (fo=2, routed)           0.126     1.195    drone_block_design_wrapper/drone_block_design/drone_block_design_axi_mem_intercon_0/s00_couplers_imp_1QUQC6S/drone_block_design_axi_mem_intercon_imp_auto_pc_0/drone_block_design_axi_mem_intercon_imp_auto_pc_0_axi_protocol_converter_v2_1_37_axi_protocol_converter/drone_block_design_axi_mem_intercon_imp_auto_pc_0_axi_protocol_converter_v2_1_37_axi3_conv/drone_block_design_axi_mem_intercon_imp_auto_pc_0_axi_protocol_converter_v2_1_37_a_axi3_conv/drone_block_design_axi_mem_intercon_imp_auto_pc_0_axi_data_fifo_v2_1_36_axic_fifo/drone_block_design_axi_mem_intercon_imp_auto_pc_0_axi_data_fifo_v2_1_36_fifo_gen/<hidden>/<hidden>/<hidden>/<hidden>/<hidden>
    SLICE_X24Y48         LUT3 (Prop_lut3_I0_O)        0.045     1.240 f  drone_block_design_wrapper/drone_block_design/drone_block_design_axi_mem_intercon_0/s00_couplers_imp_1QUQC6S/drone_block_design_axi_mem_intercon_imp_auto_pc_0/drone_block_design_axi_mem_intercon_imp_auto_pc_0_axi_protocol_converter_v2_1_37_axi_protocol_converter/drone_block_design_axi_mem_intercon_imp_auto_pc_0_axi_protocol_converter_v2_1_37_axi3_conv/drone_block_design_axi_mem_intercon_imp_auto_pc_0_axi_protocol_converter_v2_1_37_a_axi3_conv/drone_block_design_axi_mem_intercon_imp_auto_pc_0_axi_data_fifo_v2_1_36_axic_fifo/drone_block_design_axi_mem_intercon_imp_auto_pc_0_axi_data_fifo_v2_1_36_fifo_gen/<hidden>/<hidden>/<hidden>/<hidden>/<hidden>
                         net (fo=32, routed)          0.453     1.693    drone_block_design_wrapper/drone_block_design/drone_block_design_axi_mem_intercon_0/s00_couplers_imp_1QUQC6S/drone_block_design_axi_mem_intercon_imp_auto_pc_0/drone_block_design_axi_mem_intercon_imp_auto_pc_0_axi_protocol_converter_v2_1_37_axi_protocol_converter/drone_block_design_axi_mem_intercon_imp_auto_pc_0_axi_protocol_converter_v2_1_37_axi3_conv/drone_block_design_axi_mem_intercon_imp_auto_pc_0_axi_protocol_converter_v2_1_37_a_axi3_conv/drone_block_design_axi_mem_intercon_imp_auto_pc_0_axi_data_fifo_v2_1_36_axic_fifo/drone_block_design_axi_mem_intercon_imp_auto_pc_0_axi_data_fifo_v2_1_36_fifo_gen/<hidden>/<hidden>/<hidden>/<hidden>/<hidden>/<hidden>
    SLICE_X26Y50         FDCE                                         f  drone_block_design_wrapper/drone_block_design/drone_block_design_axi_mem_intercon_0/s00_couplers_imp_1QUQC6S/drone_block_design_axi_mem_intercon_imp_auto_pc_0/drone_block_design_axi_mem_intercon_imp_auto_pc_0_axi_protocol_converter_v2_1_37_axi_protocol_converter/drone_block_design_axi_mem_intercon_imp_auto_pc_0_axi_protocol_converter_v2_1_37_axi3_conv/drone_block_design_axi_mem_intercon_imp_auto_pc_0_axi_protocol_converter_v2_1_37_a_axi3_conv/drone_block_design_axi_mem_intercon_imp_auto_pc_0_axi_data_fifo_v2_1_36_axic_fifo/drone_block_design_axi_mem_intercon_imp_auto_pc_0_axi_data_fifo_v2_1_36_fifo_gen/<hidden>/<hidden>/<hidden>/<hidden>/<hidden>/<hidden>
  -------------------------------------------------------------------    -------------------

                         (clock clk_fpga_0 rise edge)
                                                      0.000     0.000 r  
    PS7_X0Y0             PS7                          0.000     0.000 r  drone_block_design_i/processing_system7_0/inst/PS7_i/FCLKCLK[0]
                         net (fo=1, routed)           0.337     0.337    drone_block_design_i/processing_system7_0/inst/FCLK_CLK_unbuffered[0]
    BUFGCTRL_X0Y16       BUFG (Prop_bufg_I_O)         0.029     0.366 r  drone_block_design_i/processing_system7_0/inst/buffer_fclk_clk_0.FCLK_CLK_0_BUFG/O
                         net (fo=4104, routed)        0.844     1.210    drone_block_design_wrapper/drone_block_design/drone_block_design_axi_mem_intercon_0/s00_couplers_imp_1QUQC6S/drone_block_design_axi_mem_intercon_imp_auto_pc_0/drone_block_design_axi_mem_intercon_imp_auto_pc_0_axi_protocol_converter_v2_1_37_axi_protocol_converter/drone_block_design_axi_mem_intercon_imp_auto_pc_0_axi_protocol_converter_v2_1_37_axi3_conv/drone_block_design_axi_mem_intercon_imp_auto_pc_0_axi_protocol_converter_v2_1_37_a_axi3_conv/drone_block_design_axi_mem_intercon_imp_auto_pc_0_axi_data_fifo_v2_1_36_axic_fifo/drone_block_design_axi_mem_intercon_imp_auto_pc_0_axi_data_fifo_v2_1_36_fifo_gen/<hidden>/<hidden>/<hidden>/<hidden>/<hidden>/<hidden>
    SLICE_X26Y50         FDCE                                         r  drone_block_design_wrapper/drone_block_design/drone_block_design_axi_mem_intercon_0/s00_couplers_imp_1QUQC6S/drone_block_design_axi_mem_intercon_imp_auto_pc_0/drone_block_design_axi_mem_intercon_imp_auto_pc_0_axi_protocol_converter_v2_1_37_axi_protocol_converter/drone_block_design_axi_mem_intercon_imp_auto_pc_0_axi_protocol_converter_v2_1_37_axi3_conv/drone_block_design_axi_mem_intercon_imp_auto_pc_0_axi_protocol_converter_v2_1_37_a_axi3_conv/drone_block_design_axi_mem_intercon_imp_auto_pc_0_axi_data_fifo_v2_1_36_axic_fifo/drone_block_design_axi_mem_intercon_imp_auto_pc_0_axi_data_fifo_v2_1_36_fifo_gen/<hidden>/<hidden>/<hidden>/<hidden>/<hidden>/<hidden>
                         clock pessimism             -0.030     1.180    
    SLICE_X26Y50         FDCE (Remov_fdce_C_CLR)     -0.067     1.113    drone_block_design_wrapper/drone_block_design/drone_block_design_axi_mem_intercon_0/s00_couplers_imp_1QUQC6S/drone_block_design_axi_mem_intercon_imp_auto_pc_0/drone_block_design_axi_mem_intercon_imp_auto_pc_0_axi_protocol_converter_v2_1_37_axi_protocol_converter/drone_block_design_axi_mem_intercon_imp_auto_pc_0_axi_protocol_converter_v2_1_37_axi3_conv/drone_block_design_axi_mem_intercon_imp_auto_pc_0_axi_protocol_converter_v2_1_37_a_axi3_conv/drone_block_design_axi_mem_intercon_imp_auto_pc_0_axi_data_fifo_v2_1_36_axic_fifo/drone_block_design_axi_mem_intercon_imp_auto_pc_0_axi_data_fifo_v2_1_36_fifo_gen/<hidden>/<hidden>/<hidden>/<hidden>/<hidden>/<hidden>
  -------------------------------------------------------------------
                         required time                         -1.113    
                         arrival time                           1.693    
  -------------------------------------------------------------------
                         slack                                  0.580    

Slack (MET) :             0.584ns  (arrival time - required time)
  Source:                 drone_block_design_wrapper/drone_block_design/drone_block_design_axi_mem_intercon_0/s00_couplers_imp_1QUQC6S/drone_block_design_axi_mem_intercon_imp_auto_pc_0/drone_block_design_axi_mem_intercon_imp_auto_pc_0_axi_protocol_converter_v2_1_37_axi_protocol_converter/drone_block_design_axi_mem_intercon_imp_auto_pc_0_axi_protocol_converter_v2_1_37_axi3_conv/drone_block_design_axi_mem_intercon_imp_auto_pc_0_axi_protocol_converter_v2_1_37_a_axi3_conv/drone_block_design_axi_mem_intercon_imp_auto_pc_0_axi_data_fifo_v2_1_36_axic_fifo/drone_block_design_axi_mem_intercon_imp_auto_pc_0_axi_data_fifo_v2_1_36_fifo_gen/<hidden>/<hidden>/<hidden>/<hidden>/<hidden>
                            (rising edge-triggered cell FDRE clocked by clk_fpga_0  {rise@0.000ns fall@5.000ns period=10.000ns})
  Destination:            drone_block_design_wrapper/drone_block_design/drone_block_design_axi_mem_intercon_0/s00_couplers_imp_1QUQC6S/drone_block_design_axi_mem_intercon_imp_auto_pc_0/drone_block_design_axi_mem_intercon_imp_auto_pc_0_axi_protocol_converter_v2_1_37_axi_protocol_converter/drone_block_design_axi_mem_intercon_imp_auto_pc_0_axi_protocol_converter_v2_1_37_axi3_conv/drone_block_design_axi_mem_intercon_imp_auto_pc_0_axi_protocol_converter_v2_1_37_a_axi3_conv/drone_block_design_axi_mem_intercon_imp_auto_pc_0_axi_data_fifo_v2_1_36_axic_fifo/drone_block_design_axi_mem_intercon_imp_auto_pc_0_axi_data_fifo_v2_1_36_fifo_gen/<hidden>/<hidden>/<hidden>/<hidden>/<hidden>/<hidden>
                            (removal check against rising-edge clock clk_fpga_0  {rise@0.000ns fall@5.000ns period=10.000ns})
  Path Group:             **async_default**
  Path Type:              Removal (Min at Fast Process Corner)
  Requirement:            0.000ns  (clk_fpga_0 rise@0.000ns - clk_fpga_0 rise@0.000ns)
  Data Path Delay:        0.765ns  (logic 0.186ns (24.312%)  route 0.579ns (75.688%))
  Logic Levels:           1  (LUT3=1)
  Clock Path Skew:        0.252ns (DCD - SCD - CPR)
    Destination Clock Delay (DCD):    1.210ns
    Source Clock Delay      (SCD):    0.928ns
    Clock Pessimism Removal (CPR):    0.030ns

    Location             Delay type                Incr(ns)  Path(ns)    Netlist Resource(s)
  -------------------------------------------------------------------    -------------------
                         (clock clk_fpga_0 rise edge)
                                                      0.000     0.000 r  
    PS7_X0Y0             PS7                          0.000     0.000 r  drone_block_design_i/processing_system7_0/inst/PS7_i/FCLKCLK[0]
                         net (fo=1, routed)           0.310     0.310    drone_block_design_i/processing_system7_0/inst/FCLK_CLK_unbuffered[0]
    BUFGCTRL_X0Y16       BUFG (Prop_bufg_I_O)         0.026     0.336 r  drone_block_design_i/processing_system7_0/inst/buffer_fclk_clk_0.FCLK_CLK_0_BUFG/O
                         net (fo=4104, routed)        0.592     0.928    drone_block_design_wrapper/drone_block_design/drone_block_design_axi_mem_intercon_0/s00_couplers_imp_1QUQC6S/drone_block_design_axi_mem_intercon_imp_auto_pc_0/drone_block_design_axi_mem_intercon_imp_auto_pc_0_axi_protocol_converter_v2_1_37_axi_protocol_converter/drone_block_design_axi_mem_intercon_imp_auto_pc_0_axi_protocol_converter_v2_1_37_axi3_conv/drone_block_design_axi_mem_intercon_imp_auto_pc_0_axi_protocol_converter_v2_1_37_a_axi3_conv/drone_block_design_axi_mem_intercon_imp_auto_pc_0_axi_data_fifo_v2_1_36_axic_fifo/drone_block_design_axi_mem_intercon_imp_auto_pc_0_axi_data_fifo_v2_1_36_fifo_gen/<hidden>/<hidden>/<hidden>/<hidden>/<hidden>
    SLICE_X24Y47         FDRE                                         r  drone_block_design_wrapper/drone_block_design/drone_block_design_axi_mem_intercon_0/s00_couplers_imp_1QUQC6S/drone_block_design_axi_mem_intercon_imp_auto_pc_0/drone_block_design_axi_mem_intercon_imp_auto_pc_0_axi_protocol_converter_v2_1_37_axi_protocol_converter/drone_block_design_axi_mem_intercon_imp_auto_pc_0_axi_protocol_converter_v2_1_37_axi3_conv/drone_block_design_axi_mem_intercon_imp_auto_pc_0_axi_protocol_converter_v2_1_37_a_axi3_conv/drone_block_design_axi_mem_intercon_imp_auto_pc_0_axi_data_fifo_v2_1_36_axic_fifo/drone_block_design_axi_mem_intercon_imp_auto_pc_0_axi_data_fifo_v2_1_36_fifo_gen/<hidden>/<hidden>/<hidden>/<hidden>/<hidden>
  -------------------------------------------------------------------    -------------------
    SLICE_X24Y47         FDRE (Prop_fdre_C_Q)         0.141     1.069 f  drone_block_design_wrapper/drone_block_design/drone_block_design_axi_mem_intercon_0/s00_couplers_imp_1QUQC6S/drone_block_design_axi_mem_intercon_imp_auto_pc_0/drone_block_design_axi_mem_intercon_imp_auto_pc_0_axi_protocol_converter_v2_1_37_axi_protocol_converter/drone_block_design_axi_mem_intercon_imp_auto_pc_0_axi_protocol_converter_v2_1_37_axi3_conv/drone_block_design_axi_mem_intercon_imp_auto_pc_0_axi_protocol_converter_v2_1_37_a_axi3_conv/drone_block_design_axi_mem_intercon_imp_auto_pc_0_axi_data_fifo_v2_1_36_axic_fifo/drone_block_design_axi_mem_intercon_imp_auto_pc_0_axi_data_fifo_v2_1_36_fifo_gen/<hidden>/<hidden>/<hidden>/<hidden>/<hidden>
                         net (fo=2, routed)           0.126     1.195    drone_block_design_wrapper/drone_block_design/drone_block_design_axi_mem_intercon_0/s00_couplers_imp_1QUQC6S/drone_block_design_axi_mem_intercon_imp_auto_pc_0/drone_block_design_axi_mem_intercon_imp_auto_pc_0_axi_protocol_converter_v2_1_37_axi_protocol_converter/drone_block_design_axi_mem_intercon_imp_auto_pc_0_axi_protocol_converter_v2_1_37_axi3_conv/drone_block_design_axi_mem_intercon_imp_auto_pc_0_axi_protocol_converter_v2_1_37_a_axi3_conv/drone_block_design_axi_mem_intercon_imp_auto_pc_0_axi_data_fifo_v2_1_36_axic_fifo/drone_block_design_axi_mem_intercon_imp_auto_pc_0_axi_data_fifo_v2_1_36_fifo_gen/<hidden>/<hidden>/<hidden>/<hidden>/<hidden>
    SLICE_X24Y48         LUT3 (Prop_lut3_I0_O)        0.045     1.240 f  drone_block_design_wrapper/drone_block_design/drone_block_design_axi_mem_intercon_0/s00_couplers_imp_1QUQC6S/drone_block_design_axi_mem_intercon_imp_auto_pc_0/drone_block_design_axi_mem_intercon_imp_auto_pc_0_axi_protocol_converter_v2_1_37_axi_protocol_converter/drone_block_design_axi_mem_intercon_imp_auto_pc_0_axi_protocol_converter_v2_1_37_axi3_conv/drone_block_design_axi_mem_intercon_imp_auto_pc_0_axi_protocol_converter_v2_1_37_a_axi3_conv/drone_block_design_axi_mem_intercon_imp_auto_pc_0_axi_data_fifo_v2_1_36_axic_fifo/drone_block_design_axi_mem_intercon_imp_auto_pc_0_axi_data_fifo_v2_1_36_fifo_gen/<hidden>/<hidden>/<hidden>/<hidden>/<hidden>
                         net (fo=32, routed)          0.453     1.693    drone_block_design_wrapper/drone_block_design/drone_block_design_axi_mem_intercon_0/s00_couplers_imp_1QUQC6S/drone_block_design_axi_mem_intercon_imp_auto_pc_0/drone_block_design_axi_mem_intercon_imp_auto_pc_0_axi_protocol_converter_v2_1_37_axi_protocol_converter/drone_block_design_axi_mem_intercon_imp_auto_pc_0_axi_protocol_converter_v2_1_37_axi3_conv/drone_block_design_axi_mem_intercon_imp_auto_pc_0_axi_protocol_converter_v2_1_37_a_axi3_conv/drone_block_design_axi_mem_intercon_imp_auto_pc_0_axi_data_fifo_v2_1_36_axic_fifo/drone_block_design_axi_mem_intercon_imp_auto_pc_0_axi_data_fifo_v2_1_36_fifo_gen/<hidden>/<hidden>/<hidden>/<hidden>/<hidden>/<hidden>
    SLICE_X26Y50         FDPE                                         f  drone_block_design_wrapper/drone_block_design/drone_block_design_axi_mem_intercon_0/s00_couplers_imp_1QUQC6S/drone_block_design_axi_mem_intercon_imp_auto_pc_0/drone_block_design_axi_mem_intercon_imp_auto_pc_0_axi_protocol_converter_v2_1_37_axi_protocol_converter/drone_block_design_axi_mem_intercon_imp_auto_pc_0_axi_protocol_converter_v2_1_37_axi3_conv/drone_block_design_axi_mem_intercon_imp_auto_pc_0_axi_protocol_converter_v2_1_37_a_axi3_conv/drone_block_design_axi_mem_intercon_imp_auto_pc_0_axi_data_fifo_v2_1_36_axic_fifo/drone_block_design_axi_mem_intercon_imp_auto_pc_0_axi_data_fifo_v2_1_36_fifo_gen/<hidden>/<hidden>/<hidden>/<hidden>/<hidden>/<hidden>
  -------------------------------------------------------------------    -------------------

                         (clock clk_fpga_0 rise edge)
                                                      0.000     0.000 r  
    PS7_X0Y0             PS7                          0.000     0.000 r  drone_block_design_i/processing_system7_0/inst/PS7_i/FCLKCLK[0]
                         net (fo=1, routed)           0.337     0.337    drone_block_design_i/processing_system7_0/inst/FCLK_CLK_unbuffered[0]
    BUFGCTRL_X0Y16       BUFG (Prop_bufg_I_O)         0.029     0.366 r  drone_block_design_i/processing_system7_0/inst/buffer_fclk_clk_0.FCLK_CLK_0_BUFG/O
                         net (fo=4104, routed)        0.844     1.210    drone_block_design_wrapper/drone_block_design/drone_block_design_axi_mem_intercon_0/s00_couplers_imp_1QUQC6S/drone_block_design_axi_mem_intercon_imp_auto_pc_0/drone_block_design_axi_mem_intercon_imp_auto_pc_0_axi_protocol_converter_v2_1_37_axi_protocol_converter/drone_block_design_axi_mem_intercon_imp_auto_pc_0_axi_protocol_converter_v2_1_37_axi3_conv/drone_block_design_axi_mem_intercon_imp_auto_pc_0_axi_protocol_converter_v2_1_37_a_axi3_conv/drone_block_design_axi_mem_intercon_imp_auto_pc_0_axi_data_fifo_v2_1_36_axic_fifo/drone_block_design_axi_mem_intercon_imp_auto_pc_0_axi_data_fifo_v2_1_36_fifo_gen/<hidden>/<hidden>/<hidden>/<hidden>/<hidden>/<hidden>
    SLICE_X26Y50         FDPE                                         r  drone_block_design_wrapper/drone_block_design/drone_block_design_axi_mem_intercon_0/s00_couplers_imp_1QUQC6S/drone_block_design_axi_mem_intercon_imp_auto_pc_0/drone_block_design_axi_mem_intercon_imp_auto_pc_0_axi_protocol_converter_v2_1_37_axi_protocol_converter/drone_block_design_axi_mem_intercon_imp_auto_pc_0_axi_protocol_converter_v2_1_37_axi3_conv/drone_block_design_axi_mem_intercon_imp_auto_pc_0_axi_protocol_converter_v2_1_37_a_axi3_conv/drone_block_design_axi_mem_intercon_imp_auto_pc_0_axi_data_fifo_v2_1_36_axic_fifo/drone_block_design_axi_mem_intercon_imp_auto_pc_0_axi_data_fifo_v2_1_36_fifo_gen/<hidden>/<hidden>/<hidden>/<hidden>/<hidden>/<hidden>
                         clock pessimism             -0.030     1.180    
    SLICE_X26Y50         FDPE (Remov_fdpe_C_PRE)     -0.071     1.109    drone_block_design_wrapper/drone_block_design/drone_block_design_axi_mem_intercon_0/s00_couplers_imp_1QUQC6S/drone_block_design_axi_mem_intercon_imp_auto_pc_0/drone_block_design_axi_mem_intercon_imp_auto_pc_0_axi_protocol_converter_v2_1_37_axi_protocol_converter/drone_block_design_axi_mem_intercon_imp_auto_pc_0_axi_protocol_converter_v2_1_37_axi3_conv/drone_block_design_axi_mem_intercon_imp_auto_pc_0_axi_protocol_converter_v2_1_37_a_axi3_conv/drone_block_design_axi_mem_intercon_imp_auto_pc_0_axi_data_fifo_v2_1_36_axic_fifo/drone_block_design_axi_mem_intercon_imp_auto_pc_0_axi_data_fifo_v2_1_36_fifo_gen/<hidden>/<hidden>/<hidden>/<hidden>/<hidden>/<hidden>
  -------------------------------------------------------------------
                         required time                         -1.109    
                         arrival time                           1.693    
  -------------------------------------------------------------------
                         slack                                  0.584    

Slack (MET) :             0.584ns  (arrival time - required time)
  Source:                 drone_block_design_wrapper/drone_block_design/drone_block_design_axi_mem_intercon_0/s00_couplers_imp_1QUQC6S/drone_block_design_axi_mem_intercon_imp_auto_pc_0/drone_block_design_axi_mem_intercon_imp_auto_pc_0_axi_protocol_converter_v2_1_37_axi_protocol_converter/drone_block_design_axi_mem_intercon_imp_auto_pc_0_axi_protocol_converter_v2_1_37_axi3_conv/drone_block_design_axi_mem_intercon_imp_auto_pc_0_axi_protocol_converter_v2_1_37_a_axi3_conv/drone_block_design_axi_mem_intercon_imp_auto_pc_0_axi_data_fifo_v2_1_36_axic_fifo/drone_block_design_axi_mem_intercon_imp_auto_pc_0_axi_data_fifo_v2_1_36_fifo_gen/<hidden>/<hidden>/<hidden>/<hidden>/<hidden>
                            (rising edge-triggered cell FDRE clocked by clk_fpga_0  {rise@0.000ns fall@5.000ns period=10.000ns})
  Destination:            drone_block_design_wrapper/drone_block_design/drone_block_design_axi_mem_intercon_0/s00_couplers_imp_1QUQC6S/drone_block_design_axi_mem_intercon_imp_auto_pc_0/drone_block_design_axi_mem_intercon_imp_auto_pc_0_axi_protocol_converter_v2_1_37_axi_protocol_converter/drone_block_design_axi_mem_intercon_imp_auto_pc_0_axi_protocol_converter_v2_1_37_axi3_conv/drone_block_design_axi_mem_intercon_imp_auto_pc_0_axi_protocol_converter_v2_1_37_a_axi3_conv/drone_block_design_axi_mem_intercon_imp_auto_pc_0_axi_data_fifo_v2_1_36_axic_fifo/drone_block_design_axi_mem_intercon_imp_auto_pc_0_axi_data_fifo_v2_1_36_fifo_gen/<hidden>/<hidden>/<hidden>/<hidden>/<hidden>/<hidden>
                            (removal check against rising-edge clock clk_fpga_0  {rise@0.000ns fall@5.000ns period=10.000ns})
  Path Group:             **async_default**
  Path Type:              Removal (Min at Fast Process Corner)
  Requirement:            0.000ns  (clk_fpga_0 rise@0.000ns - clk_fpga_0 rise@0.000ns)
  Data Path Delay:        0.508ns  (logic 0.186ns (36.602%)  route 0.322ns (63.398%))
  Logic Levels:           1  (LUT3=1)
  Clock Path Skew:        0.016ns (DCD - SCD - CPR)
    Destination Clock Delay (DCD):    1.226ns
    Source Clock Delay      (SCD):    0.928ns
    Clock Pessimism Removal (CPR):    0.282ns

    Location             Delay type                Incr(ns)  Path(ns)    Netlist Resource(s)
  -------------------------------------------------------------------    -------------------
                         (clock clk_fpga_0 rise edge)
                                                      0.000     0.000 r  
    PS7_X0Y0             PS7                          0.000     0.000 r  drone_block_design_i/processing_system7_0/inst/PS7_i/FCLKCLK[0]
                         net (fo=1, routed)           0.310     0.310    drone_block_design_i/processing_system7_0/inst/FCLK_CLK_unbuffered[0]
    BUFGCTRL_X0Y16       BUFG (Prop_bufg_I_O)         0.026     0.336 r  drone_block_design_i/processing_system7_0/inst/buffer_fclk_clk_0.FCLK_CLK_0_BUFG/O
                         net (fo=4104, routed)        0.592     0.928    drone_block_design_wrapper/drone_block_design/drone_block_design_axi_mem_intercon_0/s00_couplers_imp_1QUQC6S/drone_block_design_axi_mem_intercon_imp_auto_pc_0/drone_block_design_axi_mem_intercon_imp_auto_pc_0_axi_protocol_converter_v2_1_37_axi_protocol_converter/drone_block_design_axi_mem_intercon_imp_auto_pc_0_axi_protocol_converter_v2_1_37_axi3_conv/drone_block_design_axi_mem_intercon_imp_auto_pc_0_axi_protocol_converter_v2_1_37_a_axi3_conv/drone_block_design_axi_mem_intercon_imp_auto_pc_0_axi_data_fifo_v2_1_36_axic_fifo/drone_block_design_axi_mem_intercon_imp_auto_pc_0_axi_data_fifo_v2_1_36_fifo_gen/<hidden>/<hidden>/<hidden>/<hidden>/<hidden>
    SLICE_X24Y47         FDRE                                         r  drone_block_design_wrapper/drone_block_design/drone_block_design_axi_mem_intercon_0/s00_couplers_imp_1QUQC6S/drone_block_design_axi_mem_intercon_imp_auto_pc_0/drone_block_design_axi_mem_intercon_imp_auto_pc_0_axi_protocol_converter_v2_1_37_axi_protocol_converter/drone_block_design_axi_mem_intercon_imp_auto_pc_0_axi_protocol_converter_v2_1_37_axi3_conv/drone_block_design_axi_mem_intercon_imp_auto_pc_0_axi_protocol_converter_v2_1_37_a_axi3_conv/drone_block_design_axi_mem_intercon_imp_auto_pc_0_axi_data_fifo_v2_1_36_axic_fifo/drone_block_design_axi_mem_intercon_imp_auto_pc_0_axi_data_fifo_v2_1_36_fifo_gen/<hidden>/<hidden>/<hidden>/<hidden>/<hidden>
  -------------------------------------------------------------------    -------------------
    SLICE_X24Y47         FDRE (Prop_fdre_C_Q)         0.141     1.069 f  drone_block_design_wrapper/drone_block_design/drone_block_design_axi_mem_intercon_0/s00_couplers_imp_1QUQC6S/drone_block_design_axi_mem_intercon_imp_auto_pc_0/drone_block_design_axi_mem_intercon_imp_auto_pc_0_axi_protocol_converter_v2_1_37_axi_protocol_converter/drone_block_design_axi_mem_intercon_imp_auto_pc_0_axi_protocol_converter_v2_1_37_axi3_conv/drone_block_design_axi_mem_intercon_imp_auto_pc_0_axi_protocol_converter_v2_1_37_a_axi3_conv/drone_block_design_axi_mem_intercon_imp_auto_pc_0_axi_data_fifo_v2_1_36_axic_fifo/drone_block_design_axi_mem_intercon_imp_auto_pc_0_axi_data_fifo_v2_1_36_fifo_gen/<hidden>/<hidden>/<hidden>/<hidden>/<hidden>
                         net (fo=2, routed)           0.126     1.195    drone_block_design_wrapper/drone_block_design/drone_block_design_axi_mem_intercon_0/s00_couplers_imp_1QUQC6S/drone_block_design_axi_mem_intercon_imp_auto_pc_0/drone_block_design_axi_mem_intercon_imp_auto_pc_0_axi_protocol_converter_v2_1_37_axi_protocol_converter/drone_block_design_axi_mem_intercon_imp_auto_pc_0_axi_protocol_converter_v2_1_37_axi3_conv/drone_block_design_axi_mem_intercon_imp_auto_pc_0_axi_protocol_converter_v2_1_37_a_axi3_conv/drone_block_design_axi_mem_intercon_imp_auto_pc_0_axi_data_fifo_v2_1_36_axic_fifo/drone_block_design_axi_mem_intercon_imp_auto_pc_0_axi_data_fifo_v2_1_36_fifo_gen/<hidden>/<hidden>/<hidden>/<hidden>/<hidden>
    SLICE_X24Y48         LUT3 (Prop_lut3_I0_O)        0.045     1.240 f  drone_block_design_wrapper/drone_block_design/drone_block_design_axi_mem_intercon_0/s00_couplers_imp_1QUQC6S/drone_block_design_axi_mem_intercon_imp_auto_pc_0/drone_block_design_axi_mem_intercon_imp_auto_pc_0_axi_protocol_converter_v2_1_37_axi_protocol_converter/drone_block_design_axi_mem_intercon_imp_auto_pc_0_axi_protocol_converter_v2_1_37_axi3_conv/drone_block_design_axi_mem_intercon_imp_auto_pc_0_axi_protocol_converter_v2_1_37_a_axi3_conv/drone_block_design_axi_mem_intercon_imp_auto_pc_0_axi_data_fifo_v2_1_36_axic_fifo/drone_block_design_axi_mem_intercon_imp_auto_pc_0_axi_data_fifo_v2_1_36_fifo_gen/<hidden>/<hidden>/<hidden>/<hidden>/<hidden>
                         net (fo=32, routed)          0.196     1.436    drone_block_design_wrapper/drone_block_design/drone_block_design_axi_mem_intercon_0/s00_couplers_imp_1QUQC6S/drone_block_design_axi_mem_intercon_imp_auto_pc_0/drone_block_design_axi_mem_intercon_imp_auto_pc_0_axi_protocol_converter_v2_1_37_axi_protocol_converter/drone_block_design_axi_mem_intercon_imp_auto_pc_0_axi_protocol_converter_v2_1_37_axi3_conv/drone_block_design_axi_mem_intercon_imp_auto_pc_0_axi_protocol_converter_v2_1_37_a_axi3_conv/drone_block_design_axi_mem_intercon_imp_auto_pc_0_axi_data_fifo_v2_1_36_axic_fifo/drone_block_design_axi_mem_intercon_imp_auto_pc_0_axi_data_fifo_v2_1_36_fifo_gen/<hidden>/<hidden>/<hidden>/<hidden>/<hidden>/<hidden>
    SLICE_X24Y48         FDCE                                         f  drone_block_design_wrapper/drone_block_design/drone_block_design_axi_mem_intercon_0/s00_couplers_imp_1QUQC6S/drone_block_design_axi_mem_intercon_imp_auto_pc_0/drone_block_design_axi_mem_intercon_imp_auto_pc_0_axi_protocol_converter_v2_1_37_axi_protocol_converter/drone_block_design_axi_mem_intercon_imp_auto_pc_0_axi_protocol_converter_v2_1_37_axi3_conv/drone_block_design_axi_mem_intercon_imp_auto_pc_0_axi_protocol_converter_v2_1_37_a_axi3_conv/drone_block_design_axi_mem_intercon_imp_auto_pc_0_axi_data_fifo_v2_1_36_axic_fifo/drone_block_design_axi_mem_intercon_imp_auto_pc_0_axi_data_fifo_v2_1_36_fifo_gen/<hidden>/<hidden>/<hidden>/<hidden>/<hidden>/<hidden>
  -------------------------------------------------------------------    -------------------

                         (clock clk_fpga_0 rise edge)
                                                      0.000     0.000 r  
    PS7_X0Y0             PS7                          0.000     0.000 r  drone_block_design_i/processing_system7_0/inst/PS7_i/FCLKCLK[0]
                         net (fo=1, routed)           0.337     0.337    drone_block_design_i/processing_system7_0/inst/FCLK_CLK_unbuffered[0]
    BUFGCTRL_X0Y16       BUFG (Prop_bufg_I_O)         0.029     0.366 r  drone_block_design_i/processing_system7_0/inst/buffer_fclk_clk_0.FCLK_CLK_0_BUFG/O
                         net (fo=4104, routed)        0.860     1.226    drone_block_design_wrapper/drone_block_design/drone_block_design_axi_mem_intercon_0/s00_couplers_imp_1QUQC6S/drone_block_design_axi_mem_intercon_imp_auto_pc_0/drone_block_design_axi_mem_intercon_imp_auto_pc_0_axi_protocol_converter_v2_1_37_axi_protocol_converter/drone_block_design_axi_mem_intercon_imp_auto_pc_0_axi_protocol_converter_v2_1_37_axi3_conv/drone_block_design_axi_mem_intercon_imp_auto_pc_0_axi_protocol_converter_v2_1_37_a_axi3_conv/drone_block_design_axi_mem_intercon_imp_auto_pc_0_axi_data_fifo_v2_1_36_axic_fifo/drone_block_design_axi_mem_intercon_imp_auto_pc_0_axi_data_fifo_v2_1_36_fifo_gen/<hidden>/<hidden>/<hidden>/<hidden>/<hidden>/<hidden>
    SLICE_X24Y48         FDCE                                         r  drone_block_design_wrapper/drone_block_design/drone_block_design_axi_mem_intercon_0/s00_couplers_imp_1QUQC6S/drone_block_design_axi_mem_intercon_imp_auto_pc_0/drone_block_design_axi_mem_intercon_imp_auto_pc_0_axi_protocol_converter_v2_1_37_axi_protocol_converter/drone_block_design_axi_mem_intercon_imp_auto_pc_0_axi_protocol_converter_v2_1_37_axi3_conv/drone_block_design_axi_mem_intercon_imp_auto_pc_0_axi_protocol_converter_v2_1_37_a_axi3_conv/drone_block_design_axi_mem_intercon_imp_auto_pc_0_axi_data_fifo_v2_1_36_axic_fifo/drone_block_design_axi_mem_intercon_imp_auto_pc_0_axi_data_fifo_v2_1_36_fifo_gen/<hidden>/<hidden>/<hidden>/<hidden>/<hidden>/<hidden>
                         clock pessimism             -0.282     0.944    
    SLICE_X24Y48         FDCE (Remov_fdce_C_CLR)     -0.092     0.852    drone_block_design_wrapper/drone_block_design/drone_block_design_axi_mem_intercon_0/s00_couplers_imp_1QUQC6S/drone_block_design_axi_mem_intercon_imp_auto_pc_0/drone_block_design_axi_mem_intercon_imp_auto_pc_0_axi_protocol_converter_v2_1_37_axi_protocol_converter/drone_block_design_axi_mem_intercon_imp_auto_pc_0_axi_protocol_converter_v2_1_37_axi3_conv/drone_block_design_axi_mem_intercon_imp_auto_pc_0_axi_protocol_converter_v2_1_37_a_axi3_conv/drone_block_design_axi_mem_intercon_imp_auto_pc_0_axi_data_fifo_v2_1_36_axic_fifo/drone_block_design_axi_mem_intercon_imp_auto_pc_0_axi_data_fifo_v2_1_36_fifo_gen/<hidden>/<hidden>/<hidden>/<hidden>/<hidden>/<hidden>
  -------------------------------------------------------------------
                         required time                         -0.851    
                         arrival time                           1.436    
  -------------------------------------------------------------------
                         slack                                  0.584    

Slack (MET) :             0.584ns  (arrival time - required time)
  Source:                 drone_block_design_wrapper/drone_block_design/drone_block_design_axi_mem_intercon_0/s00_couplers_imp_1QUQC6S/drone_block_design_axi_mem_intercon_imp_auto_pc_0/drone_block_design_axi_mem_intercon_imp_auto_pc_0_axi_protocol_converter_v2_1_37_axi_protocol_converter/drone_block_design_axi_mem_intercon_imp_auto_pc_0_axi_protocol_converter_v2_1_37_axi3_conv/drone_block_design_axi_mem_intercon_imp_auto_pc_0_axi_protocol_converter_v2_1_37_a_axi3_conv/drone_block_design_axi_mem_intercon_imp_auto_pc_0_axi_data_fifo_v2_1_36_axic_fifo/drone_block_design_axi_mem_intercon_imp_auto_pc_0_axi_data_fifo_v2_1_36_fifo_gen/<hidden>/<hidden>/<hidden>/<hidden>/<hidden>
                            (rising edge-triggered cell FDRE clocked by clk_fpga_0  {rise@0.000ns fall@5.000ns period=10.000ns})
  Destination:            drone_block_design_wrapper/drone_block_design/drone_block_design_axi_mem_intercon_0/s00_couplers_imp_1QUQC6S/drone_block_design_axi_mem_intercon_imp_auto_pc_0/drone_block_design_axi_mem_intercon_imp_auto_pc_0_axi_protocol_converter_v2_1_37_axi_protocol_converter/drone_block_design_axi_mem_intercon_imp_auto_pc_0_axi_protocol_converter_v2_1_37_axi3_conv/drone_block_design_axi_mem_intercon_imp_auto_pc_0_axi_protocol_converter_v2_1_37_a_axi3_conv/drone_block_design_axi_mem_intercon_imp_auto_pc_0_axi_data_fifo_v2_1_36_axic_fifo/drone_block_design_axi_mem_intercon_imp_auto_pc_0_axi_data_fifo_v2_1_36_fifo_gen/<hidden>/<hidden>/<hidden>/<hidden>/<hidden>/<hidden>
                            (removal check against rising-edge clock clk_fpga_0  {rise@0.000ns fall@5.000ns period=10.000ns})
  Path Group:             **async_default**
  Path Type:              Removal (Min at Fast Process Corner)
  Requirement:            0.000ns  (clk_fpga_0 rise@0.000ns - clk_fpga_0 rise@0.000ns)
  Data Path Delay:        0.508ns  (logic 0.186ns (36.602%)  route 0.322ns (63.398%))
  Logic Levels:           1  (LUT3=1)
  Clock Path Skew:        0.016ns (DCD - SCD - CPR)
    Destination Clock Delay (DCD):    1.226ns
    Source Clock Delay      (SCD):    0.928ns
    Clock Pessimism Removal (CPR):    0.282ns

    Location             Delay type                Incr(ns)  Path(ns)    Netlist Resource(s)
  -------------------------------------------------------------------    -------------------
                         (clock clk_fpga_0 rise edge)
                                                      0.000     0.000 r  
    PS7_X0Y0             PS7                          0.000     0.000 r  drone_block_design_i/processing_system7_0/inst/PS7_i/FCLKCLK[0]
                         net (fo=1, routed)           0.310     0.310    drone_block_design_i/processing_system7_0/inst/FCLK_CLK_unbuffered[0]
    BUFGCTRL_X0Y16       BUFG (Prop_bufg_I_O)         0.026     0.336 r  drone_block_design_i/processing_system7_0/inst/buffer_fclk_clk_0.FCLK_CLK_0_BUFG/O
                         net (fo=4104, routed)        0.592     0.928    drone_block_design_wrapper/drone_block_design/drone_block_design_axi_mem_intercon_0/s00_couplers_imp_1QUQC6S/drone_block_design_axi_mem_intercon_imp_auto_pc_0/drone_block_design_axi_mem_intercon_imp_auto_pc_0_axi_protocol_converter_v2_1_37_axi_protocol_converter/drone_block_design_axi_mem_intercon_imp_auto_pc_0_axi_protocol_converter_v2_1_37_axi3_conv/drone_block_design_axi_mem_intercon_imp_auto_pc_0_axi_protocol_converter_v2_1_37_a_axi3_conv/drone_block_design_axi_mem_intercon_imp_auto_pc_0_axi_data_fifo_v2_1_36_axic_fifo/drone_block_design_axi_mem_intercon_imp_auto_pc_0_axi_data_fifo_v2_1_36_fifo_gen/<hidden>/<hidden>/<hidden>/<hidden>/<hidden>
    SLICE_X24Y47         FDRE                                         r  drone_block_design_wrapper/drone_block_design/drone_block_design_axi_mem_intercon_0/s00_couplers_imp_1QUQC6S/drone_block_design_axi_mem_intercon_imp_auto_pc_0/drone_block_design_axi_mem_intercon_imp_auto_pc_0_axi_protocol_converter_v2_1_37_axi_protocol_converter/drone_block_design_axi_mem_intercon_imp_auto_pc_0_axi_protocol_converter_v2_1_37_axi3_conv/drone_block_design_axi_mem_intercon_imp_auto_pc_0_axi_protocol_converter_v2_1_37_a_axi3_conv/drone_block_design_axi_mem_intercon_imp_auto_pc_0_axi_data_fifo_v2_1_36_axic_fifo/drone_block_design_axi_mem_intercon_imp_auto_pc_0_axi_data_fifo_v2_1_36_fifo_gen/<hidden>/<hidden>/<hidden>/<hidden>/<hidden>
  -------------------------------------------------------------------    -------------------
    SLICE_X24Y47         FDRE (Prop_fdre_C_Q)         0.141     1.069 f  drone_block_design_wrapper/drone_block_design/drone_block_design_axi_mem_intercon_0/s00_couplers_imp_1QUQC6S/drone_block_design_axi_mem_intercon_imp_auto_pc_0/drone_block_design_axi_mem_intercon_imp_auto_pc_0_axi_protocol_converter_v2_1_37_axi_protocol_converter/drone_block_design_axi_mem_intercon_imp_auto_pc_0_axi_protocol_converter_v2_1_37_axi3_conv/drone_block_design_axi_mem_intercon_imp_auto_pc_0_axi_protocol_converter_v2_1_37_a_axi3_conv/drone_block_design_axi_mem_intercon_imp_auto_pc_0_axi_data_fifo_v2_1_36_axic_fifo/drone_block_design_axi_mem_intercon_imp_auto_pc_0_axi_data_fifo_v2_1_36_fifo_gen/<hidden>/<hidden>/<hidden>/<hidden>/<hidden>
                         net (fo=2, routed)           0.126     1.195    drone_block_design_wrapper/drone_block_design/drone_block_design_axi_mem_intercon_0/s00_couplers_imp_1QUQC6S/drone_block_design_axi_mem_intercon_imp_auto_pc_0/drone_block_design_axi_mem_intercon_imp_auto_pc_0_axi_protocol_converter_v2_1_37_axi_protocol_converter/drone_block_design_axi_mem_intercon_imp_auto_pc_0_axi_protocol_converter_v2_1_37_axi3_conv/drone_block_design_axi_mem_intercon_imp_auto_pc_0_axi_protocol_converter_v2_1_37_a_axi3_conv/drone_block_design_axi_mem_intercon_imp_auto_pc_0_axi_data_fifo_v2_1_36_axic_fifo/drone_block_design_axi_mem_intercon_imp_auto_pc_0_axi_data_fifo_v2_1_36_fifo_gen/<hidden>/<hidden>/<hidden>/<hidden>/<hidden>
    SLICE_X24Y48         LUT3 (Prop_lut3_I0_O)        0.045     1.240 f  drone_block_design_wrapper/drone_block_design/drone_block_design_axi_mem_intercon_0/s00_couplers_imp_1QUQC6S/drone_block_design_axi_mem_intercon_imp_auto_pc_0/drone_block_design_axi_mem_intercon_imp_auto_pc_0_axi_protocol_converter_v2_1_37_axi_protocol_converter/drone_block_design_axi_mem_intercon_imp_auto_pc_0_axi_protocol_converter_v2_1_37_axi3_conv/drone_block_design_axi_mem_intercon_imp_auto_pc_0_axi_protocol_converter_v2_1_37_a_axi3_conv/drone_block_design_axi_mem_intercon_imp_auto_pc_0_axi_data_fifo_v2_1_36_axic_fifo/drone_block_design_axi_mem_intercon_imp_auto_pc_0_axi_data_fifo_v2_1_36_fifo_gen/<hidden>/<hidden>/<hidden>/<hidden>/<hidden>
                         net (fo=32, routed)          0.196     1.436    drone_block_design_wrapper/drone_block_design/drone_block_design_axi_mem_intercon_0/s00_couplers_imp_1QUQC6S/drone_block_design_axi_mem_intercon_imp_auto_pc_0/drone_block_design_axi_mem_intercon_imp_auto_pc_0_axi_protocol_converter_v2_1_37_axi_protocol_converter/drone_block_design_axi_mem_intercon_imp_auto_pc_0_axi_protocol_converter_v2_1_37_axi3_conv/drone_block_design_axi_mem_intercon_imp_auto_pc_0_axi_protocol_converter_v2_1_37_a_axi3_conv/drone_block_design_axi_mem_intercon_imp_auto_pc_0_axi_data_fifo_v2_1_36_axic_fifo/drone_block_design_axi_mem_intercon_imp_auto_pc_0_axi_data_fifo_v2_1_36_fifo_gen/<hidden>/<hidden>/<hidden>/<hidden>/<hidden>/<hidden>
    SLICE_X24Y48         FDCE                                         f  drone_block_design_wrapper/drone_block_design/drone_block_design_axi_mem_intercon_0/s00_couplers_imp_1QUQC6S/drone_block_design_axi_mem_intercon_imp_auto_pc_0/drone_block_design_axi_mem_intercon_imp_auto_pc_0_axi_protocol_converter_v2_1_37_axi_protocol_converter/drone_block_design_axi_mem_intercon_imp_auto_pc_0_axi_protocol_converter_v2_1_37_axi3_conv/drone_block_design_axi_mem_intercon_imp_auto_pc_0_axi_protocol_converter_v2_1_37_a_axi3_conv/drone_block_design_axi_mem_intercon_imp_auto_pc_0_axi_data_fifo_v2_1_36_axic_fifo/drone_block_design_axi_mem_intercon_imp_auto_pc_0_axi_data_fifo_v2_1_36_fifo_gen/<hidden>/<hidden>/<hidden>/<hidden>/<hidden>/<hidden>
  -------------------------------------------------------------------    -------------------

                         (clock clk_fpga_0 rise edge)
                                                      0.000     0.000 r  
    PS7_X0Y0             PS7                          0.000     0.000 r  drone_block_design_i/processing_system7_0/inst/PS7_i/FCLKCLK[0]
                         net (fo=1, routed)           0.337     0.337    drone_block_design_i/processing_system7_0/inst/FCLK_CLK_unbuffered[0]
    BUFGCTRL_X0Y16       BUFG (Prop_bufg_I_O)         0.029     0.366 r  drone_block_design_i/processing_system7_0/inst/buffer_fclk_clk_0.FCLK_CLK_0_BUFG/O
                         net (fo=4104, routed)        0.860     1.226    drone_block_design_wrapper/drone_block_design/drone_block_design_axi_mem_intercon_0/s00_couplers_imp_1QUQC6S/drone_block_design_axi_mem_intercon_imp_auto_pc_0/drone_block_design_axi_mem_intercon_imp_auto_pc_0_axi_protocol_converter_v2_1_37_axi_protocol_converter/drone_block_design_axi_mem_intercon_imp_auto_pc_0_axi_protocol_converter_v2_1_37_axi3_conv/drone_block_design_axi_mem_intercon_imp_auto_pc_0_axi_protocol_converter_v2_1_37_a_axi3_conv/drone_block_design_axi_mem_intercon_imp_auto_pc_0_axi_data_fifo_v2_1_36_axic_fifo/drone_block_design_axi_mem_intercon_imp_auto_pc_0_axi_data_fifo_v2_1_36_fifo_gen/<hidden>/<hidden>/<hidden>/<hidden>/<hidden>/<hidden>
    SLICE_X24Y48         FDCE                                         r  drone_block_design_wrapper/drone_block_design/drone_block_design_axi_mem_intercon_0/s00_couplers_imp_1QUQC6S/drone_block_design_axi_mem_intercon_imp_auto_pc_0/drone_block_design_axi_mem_intercon_imp_auto_pc_0_axi_protocol_converter_v2_1_37_axi_protocol_converter/drone_block_design_axi_mem_intercon_imp_auto_pc_0_axi_protocol_converter_v2_1_37_axi3_conv/drone_block_design_axi_mem_intercon_imp_auto_pc_0_axi_protocol_converter_v2_1_37_a_axi3_conv/drone_block_design_axi_mem_intercon_imp_auto_pc_0_axi_data_fifo_v2_1_36_axic_fifo/drone_block_design_axi_mem_intercon_imp_auto_pc_0_axi_data_fifo_v2_1_36_fifo_gen/<hidden>/<hidden>/<hidden>/<hidden>/<hidden>/<hidden>
                         clock pessimism             -0.282     0.944    
    SLICE_X24Y48         FDCE (Remov_fdce_C_CLR)     -0.092     0.852    drone_block_design_wrapper/drone_block_design/drone_block_design_axi_mem_intercon_0/s00_couplers_imp_1QUQC6S/drone_block_design_axi_mem_intercon_imp_auto_pc_0/drone_block_design_axi_mem_intercon_imp_auto_pc_0_axi_protocol_converter_v2_1_37_axi_protocol_converter/drone_block_design_axi_mem_intercon_imp_auto_pc_0_axi_protocol_converter_v2_1_37_axi3_conv/drone_block_design_axi_mem_intercon_imp_auto_pc_0_axi_protocol_converter_v2_1_37_a_axi3_conv/drone_block_design_axi_mem_intercon_imp_auto_pc_0_axi_data_fifo_v2_1_36_axic_fifo/drone_block_design_axi_mem_intercon_imp_auto_pc_0_axi_data_fifo_v2_1_36_fifo_gen/<hidden>/<hidden>/<hidden>/<hidden>/<hidden>/<hidden>
  -------------------------------------------------------------------
                         required time                         -0.851    
                         arrival time                           1.436    
  -------------------------------------------------------------------
                         slack                                  0.584    

Slack (MET) :             0.584ns  (arrival time - required time)
  Source:                 drone_block_design_wrapper/drone_block_design/drone_block_design_axi_mem_intercon_0/s00_couplers_imp_1QUQC6S/drone_block_design_axi_mem_intercon_imp_auto_pc_0/drone_block_design_axi_mem_intercon_imp_auto_pc_0_axi_protocol_converter_v2_1_37_axi_protocol_converter/drone_block_design_axi_mem_intercon_imp_auto_pc_0_axi_protocol_converter_v2_1_37_axi3_conv/drone_block_design_axi_mem_intercon_imp_auto_pc_0_axi_protocol_converter_v2_1_37_a_axi3_conv/drone_block_design_axi_mem_intercon_imp_auto_pc_0_axi_data_fifo_v2_1_36_axic_fifo/drone_block_design_axi_mem_intercon_imp_auto_pc_0_axi_data_fifo_v2_1_36_fifo_gen/<hidden>/<hidden>/<hidden>/<hidden>/<hidden>
                            (rising edge-triggered cell FDRE clocked by clk_fpga_0  {rise@0.000ns fall@5.000ns period=10.000ns})
  Destination:            drone_block_design_wrapper/drone_block_design/drone_block_design_axi_mem_intercon_0/s00_couplers_imp_1QUQC6S/drone_block_design_axi_mem_intercon_imp_auto_pc_0/drone_block_design_axi_mem_intercon_imp_auto_pc_0_axi_protocol_converter_v2_1_37_axi_protocol_converter/drone_block_design_axi_mem_intercon_imp_auto_pc_0_axi_protocol_converter_v2_1_37_axi3_conv/drone_block_design_axi_mem_intercon_imp_auto_pc_0_axi_protocol_converter_v2_1_37_a_axi3_conv/drone_block_design_axi_mem_intercon_imp_auto_pc_0_axi_data_fifo_v2_1_36_axic_fifo/drone_block_design_axi_mem_intercon_imp_auto_pc_0_axi_data_fifo_v2_1_36_fifo_gen/<hidden>/<hidden>/<hidden>/<hidden>/<hidden>/<hidden>
                            (removal check against rising-edge clock clk_fpga_0  {rise@0.000ns fall@5.000ns period=10.000ns})
  Path Group:             **async_default**
  Path Type:              Removal (Min at Fast Process Corner)
  Requirement:            0.000ns  (clk_fpga_0 rise@0.000ns - clk_fpga_0 rise@0.000ns)
  Data Path Delay:        0.508ns  (logic 0.186ns (36.602%)  route 0.322ns (63.398%))
  Logic Levels:           1  (LUT3=1)
  Clock Path Skew:        0.016ns (DCD - SCD - CPR)
    Destination Clock Delay (DCD):    1.226ns
    Source Clock Delay      (SCD):    0.928ns
    Clock Pessimism Removal (CPR):    0.282ns

    Location             Delay type                Incr(ns)  Path(ns)    Netlist Resource(s)
  -------------------------------------------------------------------    -------------------
                         (clock clk_fpga_0 rise edge)
                                                      0.000     0.000 r  
    PS7_X0Y0             PS7                          0.000     0.000 r  drone_block_design_i/processing_system7_0/inst/PS7_i/FCLKCLK[0]
                         net (fo=1, routed)           0.310     0.310    drone_block_design_i/processing_system7_0/inst/FCLK_CLK_unbuffered[0]
    BUFGCTRL_X0Y16       BUFG (Prop_bufg_I_O)         0.026     0.336 r  drone_block_design_i/processing_system7_0/inst/buffer_fclk_clk_0.FCLK_CLK_0_BUFG/O
                         net (fo=4104, routed)        0.592     0.928    drone_block_design_wrapper/drone_block_design/drone_block_design_axi_mem_intercon_0/s00_couplers_imp_1QUQC6S/drone_block_design_axi_mem_intercon_imp_auto_pc_0/drone_block_design_axi_mem_intercon_imp_auto_pc_0_axi_protocol_converter_v2_1_37_axi_protocol_converter/drone_block_design_axi_mem_intercon_imp_auto_pc_0_axi_protocol_converter_v2_1_37_axi3_conv/drone_block_design_axi_mem_intercon_imp_auto_pc_0_axi_protocol_converter_v2_1_37_a_axi3_conv/drone_block_design_axi_mem_intercon_imp_auto_pc_0_axi_data_fifo_v2_1_36_axic_fifo/drone_block_design_axi_mem_intercon_imp_auto_pc_0_axi_data_fifo_v2_1_36_fifo_gen/<hidden>/<hidden>/<hidden>/<hidden>/<hidden>
    SLICE_X24Y47         FDRE                                         r  drone_block_design_wrapper/drone_block_design/drone_block_design_axi_mem_intercon_0/s00_couplers_imp_1QUQC6S/drone_block_design_axi_mem_intercon_imp_auto_pc_0/drone_block_design_axi_mem_intercon_imp_auto_pc_0_axi_protocol_converter_v2_1_37_axi_protocol_converter/drone_block_design_axi_mem_intercon_imp_auto_pc_0_axi_protocol_converter_v2_1_37_axi3_conv/drone_block_design_axi_mem_intercon_imp_auto_pc_0_axi_protocol_converter_v2_1_37_a_axi3_conv/drone_block_design_axi_mem_intercon_imp_auto_pc_0_axi_data_fifo_v2_1_36_axic_fifo/drone_block_design_axi_mem_intercon_imp_auto_pc_0_axi_data_fifo_v2_1_36_fifo_gen/<hidden>/<hidden>/<hidden>/<hidden>/<hidden>
  -------------------------------------------------------------------    -------------------
    SLICE_X24Y47         FDRE (Prop_fdre_C_Q)         0.141     1.069 f  drone_block_design_wrapper/drone_block_design/drone_block_design_axi_mem_intercon_0/s00_couplers_imp_1QUQC6S/drone_block_design_axi_mem_intercon_imp_auto_pc_0/drone_block_design_axi_mem_intercon_imp_auto_pc_0_axi_protocol_converter_v2_1_37_axi_protocol_converter/drone_block_design_axi_mem_intercon_imp_auto_pc_0_axi_protocol_converter_v2_1_37_axi3_conv/drone_block_design_axi_mem_intercon_imp_auto_pc_0_axi_protocol_converter_v2_1_37_a_axi3_conv/drone_block_design_axi_mem_intercon_imp_auto_pc_0_axi_data_fifo_v2_1_36_axic_fifo/drone_block_design_axi_mem_intercon_imp_auto_pc_0_axi_data_fifo_v2_1_36_fifo_gen/<hidden>/<hidden>/<hidden>/<hidden>/<hidden>
                         net (fo=2, routed)           0.126     1.195    drone_block_design_wrapper/drone_block_design/drone_block_design_axi_mem_intercon_0/s00_couplers_imp_1QUQC6S/drone_block_design_axi_mem_intercon_imp_auto_pc_0/drone_block_design_axi_mem_intercon_imp_auto_pc_0_axi_protocol_converter_v2_1_37_axi_protocol_converter/drone_block_design_axi_mem_intercon_imp_auto_pc_0_axi_protocol_converter_v2_1_37_axi3_conv/drone_block_design_axi_mem_intercon_imp_auto_pc_0_axi_protocol_converter_v2_1_37_a_axi3_conv/drone_block_design_axi_mem_intercon_imp_auto_pc_0_axi_data_fifo_v2_1_36_axic_fifo/drone_block_design_axi_mem_intercon_imp_auto_pc_0_axi_data_fifo_v2_1_36_fifo_gen/<hidden>/<hidden>/<hidden>/<hidden>/<hidden>
    SLICE_X24Y48         LUT3 (Prop_lut3_I0_O)        0.045     1.240 f  drone_block_design_wrapper/drone_block_design/drone_block_design_axi_mem_intercon_0/s00_couplers_imp_1QUQC6S/drone_block_design_axi_mem_intercon_imp_auto_pc_0/drone_block_design_axi_mem_intercon_imp_auto_pc_0_axi_protocol_converter_v2_1_37_axi_protocol_converter/drone_block_design_axi_mem_intercon_imp_auto_pc_0_axi_protocol_converter_v2_1_37_axi3_conv/drone_block_design_axi_mem_intercon_imp_auto_pc_0_axi_protocol_converter_v2_1_37_a_axi3_conv/drone_block_design_axi_mem_intercon_imp_auto_pc_0_axi_data_fifo_v2_1_36_axic_fifo/drone_block_design_axi_mem_intercon_imp_auto_pc_0_axi_data_fifo_v2_1_36_fifo_gen/<hidden>/<hidden>/<hidden>/<hidden>/<hidden>
                         net (fo=32, routed)          0.196     1.436    drone_block_design_wrapper/drone_block_design/drone_block_design_axi_mem_intercon_0/s00_couplers_imp_1QUQC6S/drone_block_design_axi_mem_intercon_imp_auto_pc_0/drone_block_design_axi_mem_intercon_imp_auto_pc_0_axi_protocol_converter_v2_1_37_axi_protocol_converter/drone_block_design_axi_mem_intercon_imp_auto_pc_0_axi_protocol_converter_v2_1_37_axi3_conv/drone_block_design_axi_mem_intercon_imp_auto_pc_0_axi_protocol_converter_v2_1_37_a_axi3_conv/drone_block_design_axi_mem_intercon_imp_auto_pc_0_axi_data_fifo_v2_1_36_axic_fifo/drone_block_design_axi_mem_intercon_imp_auto_pc_0_axi_data_fifo_v2_1_36_fifo_gen/<hidden>/<hidden>/<hidden>/<hidden>/<hidden>/<hidden>
    SLICE_X24Y48         FDCE                                         f  drone_block_design_wrapper/drone_block_design/drone_block_design_axi_mem_intercon_0/s00_couplers_imp_1QUQC6S/drone_block_design_axi_mem_intercon_imp_auto_pc_0/drone_block_design_axi_mem_intercon_imp_auto_pc_0_axi_protocol_converter_v2_1_37_axi_protocol_converter/drone_block_design_axi_mem_intercon_imp_auto_pc_0_axi_protocol_converter_v2_1_37_axi3_conv/drone_block_design_axi_mem_intercon_imp_auto_pc_0_axi_protocol_converter_v2_1_37_a_axi3_conv/drone_block_design_axi_mem_intercon_imp_auto_pc_0_axi_data_fifo_v2_1_36_axic_fifo/drone_block_design_axi_mem_intercon_imp_auto_pc_0_axi_data_fifo_v2_1_36_fifo_gen/<hidden>/<hidden>/<hidden>/<hidden>/<hidden>/<hidden>
  -------------------------------------------------------------------    -------------------

                         (clock clk_fpga_0 rise edge)
                                                      0.000     0.000 r  
    PS7_X0Y0             PS7                          0.000     0.000 r  drone_block_design_i/processing_system7_0/inst/PS7_i/FCLKCLK[0]
                         net (fo=1, routed)           0.337     0.337    drone_block_design_i/processing_system7_0/inst/FCLK_CLK_unbuffered[0]
    BUFGCTRL_X0Y16       BUFG (Prop_bufg_I_O)         0.029     0.366 r  drone_block_design_i/processing_system7_0/inst/buffer_fclk_clk_0.FCLK_CLK_0_BUFG/O
                         net (fo=4104, routed)        0.860     1.226    drone_block_design_wrapper/drone_block_design/drone_block_design_axi_mem_intercon_0/s00_couplers_imp_1QUQC6S/drone_block_design_axi_mem_intercon_imp_auto_pc_0/drone_block_design_axi_mem_intercon_imp_auto_pc_0_axi_protocol_converter_v2_1_37_axi_protocol_converter/drone_block_design_axi_mem_intercon_imp_auto_pc_0_axi_protocol_converter_v2_1_37_axi3_conv/drone_block_design_axi_mem_intercon_imp_auto_pc_0_axi_protocol_converter_v2_1_37_a_axi3_conv/drone_block_design_axi_mem_intercon_imp_auto_pc_0_axi_data_fifo_v2_1_36_axic_fifo/drone_block_design_axi_mem_intercon_imp_auto_pc_0_axi_data_fifo_v2_1_36_fifo_gen/<hidden>/<hidden>/<hidden>/<hidden>/<hidden>/<hidden>
    SLICE_X24Y48         FDCE                                         r  drone_block_design_wrapper/drone_block_design/drone_block_design_axi_mem_intercon_0/s00_couplers_imp_1QUQC6S/drone_block_design_axi_mem_intercon_imp_auto_pc_0/drone_block_design_axi_mem_intercon_imp_auto_pc_0_axi_protocol_converter_v2_1_37_axi_protocol_converter/drone_block_design_axi_mem_intercon_imp_auto_pc_0_axi_protocol_converter_v2_1_37_axi3_conv/drone_block_design_axi_mem_intercon_imp_auto_pc_0_axi_protocol_converter_v2_1_37_a_axi3_conv/drone_block_design_axi_mem_intercon_imp_auto_pc_0_axi_data_fifo_v2_1_36_axic_fifo/drone_block_design_axi_mem_intercon_imp_auto_pc_0_axi_data_fifo_v2_1_36_fifo_gen/<hidden>/<hidden>/<hidden>/<hidden>/<hidden>/<hidden>
                         clock pessimism             -0.282     0.944    
    SLICE_X24Y48         FDCE (Remov_fdce_C_CLR)     -0.092     0.852    drone_block_design_wrapper/drone_block_design/drone_block_design_axi_mem_intercon_0/s00_couplers_imp_1QUQC6S/drone_block_design_axi_mem_intercon_imp_auto_pc_0/drone_block_design_axi_mem_intercon_imp_auto_pc_0_axi_protocol_converter_v2_1_37_axi_protocol_converter/drone_block_design_axi_mem_intercon_imp_auto_pc_0_axi_protocol_converter_v2_1_37_axi3_conv/drone_block_design_axi_mem_intercon_imp_auto_pc_0_axi_protocol_converter_v2_1_37_a_axi3_conv/drone_block_design_axi_mem_intercon_imp_auto_pc_0_axi_data_fifo_v2_1_36_axic_fifo/drone_block_design_axi_mem_intercon_imp_auto_pc_0_axi_data_fifo_v2_1_36_fifo_gen/<hidden>/<hidden>/<hidden>/<hidden>/<hidden>/<hidden>
  -------------------------------------------------------------------
                         required time                         -0.851    
                         arrival time                           1.436    
  -------------------------------------------------------------------
                         slack                                  0.584    

Slack (MET) :             0.587ns  (arrival time - required time)
  Source:                 drone_block_design_wrapper/drone_block_design/drone_block_design_axi_mem_intercon_0/s00_couplers_imp_1QUQC6S/drone_block_design_axi_mem_intercon_imp_auto_pc_0/drone_block_design_axi_mem_intercon_imp_auto_pc_0_axi_protocol_converter_v2_1_37_axi_protocol_converter/drone_block_design_axi_mem_intercon_imp_auto_pc_0_axi_protocol_converter_v2_1_37_axi3_conv/drone_block_design_axi_mem_intercon_imp_auto_pc_0_axi_protocol_converter_v2_1_37_a_axi3_conv/drone_block_design_axi_mem_intercon_imp_auto_pc_0_axi_data_fifo_v2_1_36_axic_fifo/drone_block_design_axi_mem_intercon_imp_auto_pc_0_axi_data_fifo_v2_1_36_fifo_gen/<hidden>/<hidden>/<hidden>/<hidden>/<hidden>
                            (rising edge-triggered cell FDRE clocked by clk_fpga_0  {rise@0.000ns fall@5.000ns period=10.000ns})
  Destination:            drone_block_design_wrapper/drone_block_design/drone_block_design_axi_mem_intercon_0/s00_couplers_imp_1QUQC6S/drone_block_design_axi_mem_intercon_imp_auto_pc_0/drone_block_design_axi_mem_intercon_imp_auto_pc_0_axi_protocol_converter_v2_1_37_axi_protocol_converter/drone_block_design_axi_mem_intercon_imp_auto_pc_0_axi_protocol_converter_v2_1_37_axi3_conv/drone_block_design_axi_mem_intercon_imp_auto_pc_0_axi_protocol_converter_v2_1_37_a_axi3_conv/drone_block_design_axi_mem_intercon_imp_auto_pc_0_axi_data_fifo_v2_1_36_axic_fifo/drone_block_design_axi_mem_intercon_imp_auto_pc_0_axi_data_fifo_v2_1_36_fifo_gen/<hidden>/<hidden>/<hidden>/<hidden>/<hidden>/<hidden>
                            (removal check against rising-edge clock clk_fpga_0  {rise@0.000ns fall@5.000ns period=10.000ns})
  Path Group:             **async_default**
  Path Type:              Removal (Min at Fast Process Corner)
  Requirement:            0.000ns  (clk_fpga_0 rise@0.000ns - clk_fpga_0 rise@0.000ns)
  Data Path Delay:        0.508ns  (logic 0.186ns (36.602%)  route 0.322ns (63.398%))
  Logic Levels:           1  (LUT3=1)
  Clock Path Skew:        0.016ns (DCD - SCD - CPR)
    Destination Clock Delay (DCD):    1.226ns
    Source Clock Delay      (SCD):    0.928ns
    Clock Pessimism Removal (CPR):    0.282ns

    Location             Delay type                Incr(ns)  Path(ns)    Netlist Resource(s)
  -------------------------------------------------------------------    -------------------
                         (clock clk_fpga_0 rise edge)
                                                      0.000     0.000 r  
    PS7_X0Y0             PS7                          0.000     0.000 r  drone_block_design_i/processing_system7_0/inst/PS7_i/FCLKCLK[0]
                         net (fo=1, routed)           0.310     0.310    drone_block_design_i/processing_system7_0/inst/FCLK_CLK_unbuffered[0]
    BUFGCTRL_X0Y16       BUFG (Prop_bufg_I_O)         0.026     0.336 r  drone_block_design_i/processing_system7_0/inst/buffer_fclk_clk_0.FCLK_CLK_0_BUFG/O
                         net (fo=4104, routed)        0.592     0.928    drone_block_design_wrapper/drone_block_design/drone_block_design_axi_mem_intercon_0/s00_couplers_imp_1QUQC6S/drone_block_design_axi_mem_intercon_imp_auto_pc_0/drone_block_design_axi_mem_intercon_imp_auto_pc_0_axi_protocol_converter_v2_1_37_axi_protocol_converter/drone_block_design_axi_mem_intercon_imp_auto_pc_0_axi_protocol_converter_v2_1_37_axi3_conv/drone_block_design_axi_mem_intercon_imp_auto_pc_0_axi_protocol_converter_v2_1_37_a_axi3_conv/drone_block_design_axi_mem_intercon_imp_auto_pc_0_axi_data_fifo_v2_1_36_axic_fifo/drone_block_design_axi_mem_intercon_imp_auto_pc_0_axi_data_fifo_v2_1_36_fifo_gen/<hidden>/<hidden>/<hidden>/<hidden>/<hidden>
    SLICE_X24Y47         FDRE                                         r  drone_block_design_wrapper/drone_block_design/drone_block_design_axi_mem_intercon_0/s00_couplers_imp_1QUQC6S/drone_block_design_axi_mem_intercon_imp_auto_pc_0/drone_block_design_axi_mem_intercon_imp_auto_pc_0_axi_protocol_converter_v2_1_37_axi_protocol_converter/drone_block_design_axi_mem_intercon_imp_auto_pc_0_axi_protocol_converter_v2_1_37_axi3_conv/drone_block_design_axi_mem_intercon_imp_auto_pc_0_axi_protocol_converter_v2_1_37_a_axi3_conv/drone_block_design_axi_mem_intercon_imp_auto_pc_0_axi_data_fifo_v2_1_36_axic_fifo/drone_block_design_axi_mem_intercon_imp_auto_pc_0_axi_data_fifo_v2_1_36_fifo_gen/<hidden>/<hidden>/<hidden>/<hidden>/<hidden>
  -------------------------------------------------------------------    -------------------
    SLICE_X24Y47         FDRE (Prop_fdre_C_Q)         0.141     1.069 f  drone_block_design_wrapper/drone_block_design/drone_block_design_axi_mem_intercon_0/s00_couplers_imp_1QUQC6S/drone_block_design_axi_mem_intercon_imp_auto_pc_0/drone_block_design_axi_mem_intercon_imp_auto_pc_0_axi_protocol_converter_v2_1_37_axi_protocol_converter/drone_block_design_axi_mem_intercon_imp_auto_pc_0_axi_protocol_converter_v2_1_37_axi3_conv/drone_block_design_axi_mem_intercon_imp_auto_pc_0_axi_protocol_converter_v2_1_37_a_axi3_conv/drone_block_design_axi_mem_intercon_imp_auto_pc_0_axi_data_fifo_v2_1_36_axic_fifo/drone_block_design_axi_mem_intercon_imp_auto_pc_0_axi_data_fifo_v2_1_36_fifo_gen/<hidden>/<hidden>/<hidden>/<hidden>/<hidden>
                         net (fo=2, routed)           0.126     1.195    drone_block_design_wrapper/drone_block_design/drone_block_design_axi_mem_intercon_0/s00_couplers_imp_1QUQC6S/drone_block_design_axi_mem_intercon_imp_auto_pc_0/drone_block_design_axi_mem_intercon_imp_auto_pc_0_axi_protocol_converter_v2_1_37_axi_protocol_converter/drone_block_design_axi_mem_intercon_imp_auto_pc_0_axi_protocol_converter_v2_1_37_axi3_conv/drone_block_design_axi_mem_intercon_imp_auto_pc_0_axi_protocol_converter_v2_1_37_a_axi3_conv/drone_block_design_axi_mem_intercon_imp_auto_pc_0_axi_data_fifo_v2_1_36_axic_fifo/drone_block_design_axi_mem_intercon_imp_auto_pc_0_axi_data_fifo_v2_1_36_fifo_gen/<hidden>/<hidden>/<hidden>/<hidden>/<hidden>
    SLICE_X24Y48         LUT3 (Prop_lut3_I0_O)        0.045     1.240 f  drone_block_design_wrapper/drone_block_design/drone_block_design_axi_mem_intercon_0/s00_couplers_imp_1QUQC6S/drone_block_design_axi_mem_intercon_imp_auto_pc_0/drone_block_design_axi_mem_intercon_imp_auto_pc_0_axi_protocol_converter_v2_1_37_axi_protocol_converter/drone_block_design_axi_mem_intercon_imp_auto_pc_0_axi_protocol_converter_v2_1_37_axi3_conv/drone_block_design_axi_mem_intercon_imp_auto_pc_0_axi_protocol_converter_v2_1_37_a_axi3_conv/drone_block_design_axi_mem_intercon_imp_auto_pc_0_axi_data_fifo_v2_1_36_axic_fifo/drone_block_design_axi_mem_intercon_imp_auto_pc_0_axi_data_fifo_v2_1_36_fifo_gen/<hidden>/<hidden>/<hidden>/<hidden>/<hidden>
                         net (fo=32, routed)          0.196     1.436    drone_block_design_wrapper/drone_block_design/drone_block_design_axi_mem_intercon_0/s00_couplers_imp_1QUQC6S/drone_block_design_axi_mem_intercon_imp_auto_pc_0/drone_block_design_axi_mem_intercon_imp_auto_pc_0_axi_protocol_converter_v2_1_37_axi_protocol_converter/drone_block_design_axi_mem_intercon_imp_auto_pc_0_axi_protocol_converter_v2_1_37_axi3_conv/drone_block_design_axi_mem_intercon_imp_auto_pc_0_axi_protocol_converter_v2_1_37_a_axi3_conv/drone_block_design_axi_mem_intercon_imp_auto_pc_0_axi_data_fifo_v2_1_36_axic_fifo/drone_block_design_axi_mem_intercon_imp_auto_pc_0_axi_data_fifo_v2_1_36_fifo_gen/<hidden>/<hidden>/<hidden>/<hidden>/<hidden>/<hidden>
    SLICE_X24Y48         FDPE                                         f  drone_block_design_wrapper/drone_block_design/drone_block_design_axi_mem_intercon_0/s00_couplers_imp_1QUQC6S/drone_block_design_axi_mem_intercon_imp_auto_pc_0/drone_block_design_axi_mem_intercon_imp_auto_pc_0_axi_protocol_converter_v2_1_37_axi_protocol_converter/drone_block_design_axi_mem_intercon_imp_auto_pc_0_axi_protocol_converter_v2_1_37_axi3_conv/drone_block_design_axi_mem_intercon_imp_auto_pc_0_axi_protocol_converter_v2_1_37_a_axi3_conv/drone_block_design_axi_mem_intercon_imp_auto_pc_0_axi_data_fifo_v2_1_36_axic_fifo/drone_block_design_axi_mem_intercon_imp_auto_pc_0_axi_data_fifo_v2_1_36_fifo_gen/<hidden>/<hidden>/<hidden>/<hidden>/<hidden>/<hidden>
  -------------------------------------------------------------------    -------------------

                         (clock clk_fpga_0 rise edge)
                                                      0.000     0.000 r  
    PS7_X0Y0             PS7                          0.000     0.000 r  drone_block_design_i/processing_system7_0/inst/PS7_i/FCLKCLK[0]
                         net (fo=1, routed)           0.337     0.337    drone_block_design_i/processing_system7_0/inst/FCLK_CLK_unbuffered[0]
    BUFGCTRL_X0Y16       BUFG (Prop_bufg_I_O)         0.029     0.366 r  drone_block_design_i/processing_system7_0/inst/buffer_fclk_clk_0.FCLK_CLK_0_BUFG/O
                         net (fo=4104, routed)        0.860     1.226    drone_block_design_wrapper/drone_block_design/drone_block_design_axi_mem_intercon_0/s00_couplers_imp_1QUQC6S/drone_block_design_axi_mem_intercon_imp_auto_pc_0/drone_block_design_axi_mem_intercon_imp_auto_pc_0_axi_protocol_converter_v2_1_37_axi_protocol_converter/drone_block_design_axi_mem_intercon_imp_auto_pc_0_axi_protocol_converter_v2_1_37_axi3_conv/drone_block_design_axi_mem_intercon_imp_auto_pc_0_axi_protocol_converter_v2_1_37_a_axi3_conv/drone_block_design_axi_mem_intercon_imp_auto_pc_0_axi_data_fifo_v2_1_36_axic_fifo/drone_block_design_axi_mem_intercon_imp_auto_pc_0_axi_data_fifo_v2_1_36_fifo_gen/<hidden>/<hidden>/<hidden>/<hidden>/<hidden>/<hidden>
    SLICE_X24Y48         FDPE                                         r  drone_block_design_wrapper/drone_block_design/drone_block_design_axi_mem_intercon_0/s00_couplers_imp_1QUQC6S/drone_block_design_axi_mem_intercon_imp_auto_pc_0/drone_block_design_axi_mem_intercon_imp_auto_pc_0_axi_protocol_converter_v2_1_37_axi_protocol_converter/drone_block_design_axi_mem_intercon_imp_auto_pc_0_axi_protocol_converter_v2_1_37_axi3_conv/drone_block_design_axi_mem_intercon_imp_auto_pc_0_axi_protocol_converter_v2_1_37_a_axi3_conv/drone_block_design_axi_mem_intercon_imp_auto_pc_0_axi_data_fifo_v2_1_36_axic_fifo/drone_block_design_axi_mem_intercon_imp_auto_pc_0_axi_data_fifo_v2_1_36_fifo_gen/<hidden>/<hidden>/<hidden>/<hidden>/<hidden>/<hidden>
                         clock pessimism             -0.282     0.944    
    SLICE_X24Y48         FDPE (Remov_fdpe_C_PRE)     -0.095     0.849    drone_block_design_wrapper/drone_block_design/drone_block_design_axi_mem_intercon_0/s00_couplers_imp_1QUQC6S/drone_block_design_axi_mem_intercon_imp_auto_pc_0/drone_block_design_axi_mem_intercon_imp_auto_pc_0_axi_protocol_converter_v2_1_37_axi_protocol_converter/drone_block_design_axi_mem_intercon_imp_auto_pc_0_axi_protocol_converter_v2_1_37_axi3_conv/drone_block_design_axi_mem_intercon_imp_auto_pc_0_axi_protocol_converter_v2_1_37_a_axi3_conv/drone_block_design_axi_mem_intercon_imp_auto_pc_0_axi_data_fifo_v2_1_36_axic_fifo/drone_block_design_axi_mem_intercon_imp_auto_pc_0_axi_data_fifo_v2_1_36_fifo_gen/<hidden>/<hidden>/<hidden>/<hidden>/<hidden>/<hidden>
  -------------------------------------------------------------------
                         required time                         -0.848    
                         arrival time                           1.436    
  -------------------------------------------------------------------
                         slack                                  0.587    

Slack (MET) :             0.587ns  (arrival time - required time)
  Source:                 drone_block_design_wrapper/drone_block_design/drone_block_design_axi_mem_intercon_0/s00_couplers_imp_1QUQC6S/drone_block_design_axi_mem_intercon_imp_auto_pc_0/drone_block_design_axi_mem_intercon_imp_auto_pc_0_axi_protocol_converter_v2_1_37_axi_protocol_converter/drone_block_design_axi_mem_intercon_imp_auto_pc_0_axi_protocol_converter_v2_1_37_axi3_conv/drone_block_design_axi_mem_intercon_imp_auto_pc_0_axi_protocol_converter_v2_1_37_a_axi3_conv/drone_block_design_axi_mem_intercon_imp_auto_pc_0_axi_data_fifo_v2_1_36_axic_fifo/drone_block_design_axi_mem_intercon_imp_auto_pc_0_axi_data_fifo_v2_1_36_fifo_gen/<hidden>/<hidden>/<hidden>/<hidden>/<hidden>
                            (rising edge-triggered cell FDRE clocked by clk_fpga_0  {rise@0.000ns fall@5.000ns period=10.000ns})
  Destination:            drone_block_design_wrapper/drone_block_design/drone_block_design_axi_mem_intercon_0/s00_couplers_imp_1QUQC6S/drone_block_design_axi_mem_intercon_imp_auto_pc_0/drone_block_design_axi_mem_intercon_imp_auto_pc_0_axi_protocol_converter_v2_1_37_axi_protocol_converter/drone_block_design_axi_mem_intercon_imp_auto_pc_0_axi_protocol_converter_v2_1_37_axi3_conv/drone_block_design_axi_mem_intercon_imp_auto_pc_0_axi_protocol_converter_v2_1_37_a_axi3_conv/drone_block_design_axi_mem_intercon_imp_auto_pc_0_axi_data_fifo_v2_1_36_axic_fifo/drone_block_design_axi_mem_intercon_imp_auto_pc_0_axi_data_fifo_v2_1_36_fifo_gen/<hidden>/<hidden>/<hidden>/<hidden>/<hidden>/<hidden>
                            (removal check against rising-edge clock clk_fpga_0  {rise@0.000ns fall@5.000ns period=10.000ns})
  Path Group:             **async_default**
  Path Type:              Removal (Min at Fast Process Corner)
  Requirement:            0.000ns  (clk_fpga_0 rise@0.000ns - clk_fpga_0 rise@0.000ns)
  Data Path Delay:        0.508ns  (logic 0.186ns (36.602%)  route 0.322ns (63.398%))
  Logic Levels:           1  (LUT3=1)
  Clock Path Skew:        0.016ns (DCD - SCD - CPR)
    Destination Clock Delay (DCD):    1.226ns
    Source Clock Delay      (SCD):    0.928ns
    Clock Pessimism Removal (CPR):    0.282ns

    Location             Delay type                Incr(ns)  Path(ns)    Netlist Resource(s)
  -------------------------------------------------------------------    -------------------
                         (clock clk_fpga_0 rise edge)
                                                      0.000     0.000 r  
    PS7_X0Y0             PS7                          0.000     0.000 r  drone_block_design_i/processing_system7_0/inst/PS7_i/FCLKCLK[0]
                         net (fo=1, routed)           0.310     0.310    drone_block_design_i/processing_system7_0/inst/FCLK_CLK_unbuffered[0]
    BUFGCTRL_X0Y16       BUFG (Prop_bufg_I_O)         0.026     0.336 r  drone_block_design_i/processing_system7_0/inst/buffer_fclk_clk_0.FCLK_CLK_0_BUFG/O
                         net (fo=4104, routed)        0.592     0.928    drone_block_design_wrapper/drone_block_design/drone_block_design_axi_mem_intercon_0/s00_couplers_imp_1QUQC6S/drone_block_design_axi_mem_intercon_imp_auto_pc_0/drone_block_design_axi_mem_intercon_imp_auto_pc_0_axi_protocol_converter_v2_1_37_axi_protocol_converter/drone_block_design_axi_mem_intercon_imp_auto_pc_0_axi_protocol_converter_v2_1_37_axi3_conv/drone_block_design_axi_mem_intercon_imp_auto_pc_0_axi_protocol_converter_v2_1_37_a_axi3_conv/drone_block_design_axi_mem_intercon_imp_auto_pc_0_axi_data_fifo_v2_1_36_axic_fifo/drone_block_design_axi_mem_intercon_imp_auto_pc_0_axi_data_fifo_v2_1_36_fifo_gen/<hidden>/<hidden>/<hidden>/<hidden>/<hidden>
    SLICE_X24Y47         FDRE                                         r  drone_block_design_wrapper/drone_block_design/drone_block_design_axi_mem_intercon_0/s00_couplers_imp_1QUQC6S/drone_block_design_axi_mem_intercon_imp_auto_pc_0/drone_block_design_axi_mem_intercon_imp_auto_pc_0_axi_protocol_converter_v2_1_37_axi_protocol_converter/drone_block_design_axi_mem_intercon_imp_auto_pc_0_axi_protocol_converter_v2_1_37_axi3_conv/drone_block_design_axi_mem_intercon_imp_auto_pc_0_axi_protocol_converter_v2_1_37_a_axi3_conv/drone_block_design_axi_mem_intercon_imp_auto_pc_0_axi_data_fifo_v2_1_36_axic_fifo/drone_block_design_axi_mem_intercon_imp_auto_pc_0_axi_data_fifo_v2_1_36_fifo_gen/<hidden>/<hidden>/<hidden>/<hidden>/<hidden>
  -------------------------------------------------------------------    -------------------
    SLICE_X24Y47         FDRE (Prop_fdre_C_Q)         0.141     1.069 f  drone_block_design_wrapper/drone_block_design/drone_block_design_axi_mem_intercon_0/s00_couplers_imp_1QUQC6S/drone_block_design_axi_mem_intercon_imp_auto_pc_0/drone_block_design_axi_mem_intercon_imp_auto_pc_0_axi_protocol_converter_v2_1_37_axi_protocol_converter/drone_block_design_axi_mem_intercon_imp_auto_pc_0_axi_protocol_converter_v2_1_37_axi3_conv/drone_block_design_axi_mem_intercon_imp_auto_pc_0_axi_protocol_converter_v2_1_37_a_axi3_conv/drone_block_design_axi_mem_intercon_imp_auto_pc_0_axi_data_fifo_v2_1_36_axic_fifo/drone_block_design_axi_mem_intercon_imp_auto_pc_0_axi_data_fifo_v2_1_36_fifo_gen/<hidden>/<hidden>/<hidden>/<hidden>/<hidden>
                         net (fo=2, routed)           0.126     1.195    drone_block_design_wrapper/drone_block_design/drone_block_design_axi_mem_intercon_0/s00_couplers_imp_1QUQC6S/drone_block_design_axi_mem_intercon_imp_auto_pc_0/drone_block_design_axi_mem_intercon_imp_auto_pc_0_axi_protocol_converter_v2_1_37_axi_protocol_converter/drone_block_design_axi_mem_intercon_imp_auto_pc_0_axi_protocol_converter_v2_1_37_axi3_conv/drone_block_design_axi_mem_intercon_imp_auto_pc_0_axi_protocol_converter_v2_1_37_a_axi3_conv/drone_block_design_axi_mem_intercon_imp_auto_pc_0_axi_data_fifo_v2_1_36_axic_fifo/drone_block_design_axi_mem_intercon_imp_auto_pc_0_axi_data_fifo_v2_1_36_fifo_gen/<hidden>/<hidden>/<hidden>/<hidden>/<hidden>
    SLICE_X24Y48         LUT3 (Prop_lut3_I0_O)        0.045     1.240 f  drone_block_design_wrapper/drone_block_design/drone_block_design_axi_mem_intercon_0/s00_couplers_imp_1QUQC6S/drone_block_design_axi_mem_intercon_imp_auto_pc_0/drone_block_design_axi_mem_intercon_imp_auto_pc_0_axi_protocol_converter_v2_1_37_axi_protocol_converter/drone_block_design_axi_mem_intercon_imp_auto_pc_0_axi_protocol_converter_v2_1_37_axi3_conv/drone_block_design_axi_mem_intercon_imp_auto_pc_0_axi_protocol_converter_v2_1_37_a_axi3_conv/drone_block_design_axi_mem_intercon_imp_auto_pc_0_axi_data_fifo_v2_1_36_axic_fifo/drone_block_design_axi_mem_intercon_imp_auto_pc_0_axi_data_fifo_v2_1_36_fifo_gen/<hidden>/<hidden>/<hidden>/<hidden>/<hidden>
                         net (fo=32, routed)          0.196     1.436    drone_block_design_wrapper/drone_block_design/drone_block_design_axi_mem_intercon_0/s00_couplers_imp_1QUQC6S/drone_block_design_axi_mem_intercon_imp_auto_pc_0/drone_block_design_axi_mem_intercon_imp_auto_pc_0_axi_protocol_converter_v2_1_37_axi_protocol_converter/drone_block_design_axi_mem_intercon_imp_auto_pc_0_axi_protocol_converter_v2_1_37_axi3_conv/drone_block_design_axi_mem_intercon_imp_auto_pc_0_axi_protocol_converter_v2_1_37_a_axi3_conv/drone_block_design_axi_mem_intercon_imp_auto_pc_0_axi_data_fifo_v2_1_36_axic_fifo/drone_block_design_axi_mem_intercon_imp_auto_pc_0_axi_data_fifo_v2_1_36_fifo_gen/<hidden>/<hidden>/<hidden>/<hidden>/<hidden>/<hidden>
    SLICE_X24Y48         FDPE                                         f  drone_block_design_wrapper/drone_block_design/drone_block_design_axi_mem_intercon_0/s00_couplers_imp_1QUQC6S/drone_block_design_axi_mem_intercon_imp_auto_pc_0/drone_block_design_axi_mem_intercon_imp_auto_pc_0_axi_protocol_converter_v2_1_37_axi_protocol_converter/drone_block_design_axi_mem_intercon_imp_auto_pc_0_axi_protocol_converter_v2_1_37_axi3_conv/drone_block_design_axi_mem_intercon_imp_auto_pc_0_axi_protocol_converter_v2_1_37_a_axi3_conv/drone_block_design_axi_mem_intercon_imp_auto_pc_0_axi_data_fifo_v2_1_36_axic_fifo/drone_block_design_axi_mem_intercon_imp_auto_pc_0_axi_data_fifo_v2_1_36_fifo_gen/<hidden>/<hidden>/<hidden>/<hidden>/<hidden>/<hidden>
  -------------------------------------------------------------------    -------------------

                         (clock clk_fpga_0 rise edge)
                                                      0.000     0.000 r  
    PS7_X0Y0             PS7                          0.000     0.000 r  drone_block_design_i/processing_system7_0/inst/PS7_i/FCLKCLK[0]
                         net (fo=1, routed)           0.337     0.337    drone_block_design_i/processing_system7_0/inst/FCLK_CLK_unbuffered[0]
    BUFGCTRL_X0Y16       BUFG (Prop_bufg_I_O)         0.029     0.366 r  drone_block_design_i/processing_system7_0/inst/buffer_fclk_clk_0.FCLK_CLK_0_BUFG/O
                         net (fo=4104, routed)        0.860     1.226    drone_block_design_wrapper/drone_block_design/drone_block_design_axi_mem_intercon_0/s00_couplers_imp_1QUQC6S/drone_block_design_axi_mem_intercon_imp_auto_pc_0/drone_block_design_axi_mem_intercon_imp_auto_pc_0_axi_protocol_converter_v2_1_37_axi_protocol_converter/drone_block_design_axi_mem_intercon_imp_auto_pc_0_axi_protocol_converter_v2_1_37_axi3_conv/drone_block_design_axi_mem_intercon_imp_auto_pc_0_axi_protocol_converter_v2_1_37_a_axi3_conv/drone_block_design_axi_mem_intercon_imp_auto_pc_0_axi_data_fifo_v2_1_36_axic_fifo/drone_block_design_axi_mem_intercon_imp_auto_pc_0_axi_data_fifo_v2_1_36_fifo_gen/<hidden>/<hidden>/<hidden>/<hidden>/<hidden>/<hidden>
    SLICE_X24Y48         FDPE                                         r  drone_block_design_wrapper/drone_block_design/drone_block_design_axi_mem_intercon_0/s00_couplers_imp_1QUQC6S/drone_block_design_axi_mem_intercon_imp_auto_pc_0/drone_block_design_axi_mem_intercon_imp_auto_pc_0_axi_protocol_converter_v2_1_37_axi_protocol_converter/drone_block_design_axi_mem_intercon_imp_auto_pc_0_axi_protocol_converter_v2_1_37_axi3_conv/drone_block_design_axi_mem_intercon_imp_auto_pc_0_axi_protocol_converter_v2_1_37_a_axi3_conv/drone_block_design_axi_mem_intercon_imp_auto_pc_0_axi_data_fifo_v2_1_36_axic_fifo/drone_block_design_axi_mem_intercon_imp_auto_pc_0_axi_data_fifo_v2_1_36_fifo_gen/<hidden>/<hidden>/<hidden>/<hidden>/<hidden>/<hidden>
                         clock pessimism             -0.282     0.944    
    SLICE_X24Y48         FDPE (Remov_fdpe_C_PRE)     -0.095     0.849    drone_block_design_wrapper/drone_block_design/drone_block_design_axi_mem_intercon_0/s00_couplers_imp_1QUQC6S/drone_block_design_axi_mem_intercon_imp_auto_pc_0/drone_block_design_axi_mem_intercon_imp_auto_pc_0_axi_protocol_converter_v2_1_37_axi_protocol_converter/drone_block_design_axi_mem_intercon_imp_auto_pc_0_axi_protocol_converter_v2_1_37_axi3_conv/drone_block_design_axi_mem_intercon_imp_auto_pc_0_axi_protocol_converter_v2_1_37_a_axi3_conv/drone_block_design_axi_mem_intercon_imp_auto_pc_0_axi_data_fifo_v2_1_36_axic_fifo/drone_block_design_axi_mem_intercon_imp_auto_pc_0_axi_data_fifo_v2_1_36_fifo_gen/<hidden>/<hidden>/<hidden>/<hidden>/<hidden>/<hidden>
  -------------------------------------------------------------------
                         required time                         -0.848    
                         arrival time                           1.436    
  -------------------------------------------------------------------
                         slack                                  0.587    





--------------------------------------------------------------------------------------
Path Group:  (none)
From Clock:  
  To Clock:  clk_fpga_0

Max Delay             1 Endpoint
Min Delay             1 Endpoint
--------------------------------------------------------------------------------------


Max Delay Paths
--------------------------------------------------------------------------------------
Slack:                    inf
  Source:                 drone_block_design_i/processing_system7_0/inst/PS7_i/FCLKRESETN[0]
                            (internal pin)
  Destination:            drone_block_design_i/rst_ps7_0_100M/U0/EXT_LPF/ACTIVE_LOW_EXT.ACT_LO_EXT/syncstages_ff_reg[0]/D
                            (rising edge-triggered cell FDRE clocked by clk_fpga_0  {rise@0.000ns fall@5.000ns period=10.000ns})
  Path Group:             (none)
  Path Type:              Setup (Max at Slow Process Corner)
  Data Path Delay:        1.773ns  (logic 0.124ns (6.994%)  route 1.649ns (93.006%))
  Logic Levels:           1  (LUT1=1)
  Clock Uncertainty:      0.152ns  ((TSJ^2 + TIJ^2)^1/2 + DJ) / 2 + PE
    Total System Jitter     (TSJ):    0.050ns
    Total Input Jitter      (TIJ):    0.300ns
    Discrete Jitter          (DJ):    0.000ns
    Phase Error              (PE):    0.000ns
  Timing Exception:       False Path

    Location             Delay type                Incr(ns)  Path(ns)    Netlist Resource(s)
  -------------------------------------------------------------------    -------------------
    PS7_X0Y0             PS7                          0.000     0.000 f  drone_block_design_i/processing_system7_0/inst/PS7_i/FCLKRESETN[0]
                         net (fo=1, routed)           1.649     1.649    drone_block_design_i/rst_ps7_0_100M/U0/EXT_LPF/ext_reset_in
    SLICE_X40Y86         LUT1 (Prop_lut1_I0_O)        0.124     1.773 r  drone_block_design_i/rst_ps7_0_100M/U0/EXT_LPF/ACTIVE_LOW_EXT.ACT_LO_EXT_i_1/O
                         net (fo=1, routed)           0.000     1.773    drone_block_design_i/rst_ps7_0_100M/U0/EXT_LPF/ACTIVE_LOW_EXT.ACT_LO_EXT/src_in
    SLICE_X40Y86         FDRE                                         r  drone_block_design_i/rst_ps7_0_100M/U0/EXT_LPF/ACTIVE_LOW_EXT.ACT_LO_EXT/syncstages_ff_reg[0]/D
  -------------------------------------------------------------------    -------------------

                         (clock clk_fpga_0 rise edge)
                                                      0.000     0.000 r  
    PS7_X0Y0             PS7                          0.000     0.000 r  drone_block_design_i/processing_system7_0/inst/PS7_i/FCLKCLK[0]
                         net (fo=1, routed)           1.088     1.088    drone_block_design_i/processing_system7_0/inst/FCLK_CLK_unbuffered[0]
    BUFGCTRL_X0Y16       BUFG (Prop_bufg_I_O)         0.091     1.179 r  drone_block_design_i/processing_system7_0/inst/buffer_fclk_clk_0.FCLK_CLK_0_BUFG/O
                         net (fo=4104, routed)        1.474     2.653    drone_block_design_i/rst_ps7_0_100M/U0/EXT_LPF/ACTIVE_LOW_EXT.ACT_LO_EXT/dest_clk
    SLICE_X40Y86         FDRE                                         r  drone_block_design_i/rst_ps7_0_100M/U0/EXT_LPF/ACTIVE_LOW_EXT.ACT_LO_EXT/syncstages_ff_reg[0]/C





Min Delay Paths
--------------------------------------------------------------------------------------
Slack:                    inf
  Source:                 drone_block_design_i/processing_system7_0/inst/PS7_i/FCLKRESETN[0]
                            (internal pin)
  Destination:            drone_block_design_i/rst_ps7_0_100M/U0/EXT_LPF/ACTIVE_LOW_EXT.ACT_LO_EXT/syncstages_ff_reg[0]/D
                            (rising edge-triggered cell FDRE clocked by clk_fpga_0  {rise@0.000ns fall@5.000ns period=10.000ns})
  Path Group:             (none)
  Path Type:              Hold (Min at Fast Process Corner)
  Data Path Delay:        0.705ns  (logic 0.045ns (6.383%)  route 0.660ns (93.617%))
  Logic Levels:           1  (LUT1=1)
  Clock Uncertainty:      0.152ns  ((TSJ^2 + TIJ^2)^1/2 + DJ) / 2 + PE
    Total System Jitter     (TSJ):    0.050ns
    Total Input Jitter      (TIJ):    0.300ns
    Discrete Jitter          (DJ):    0.000ns
    Phase Error              (PE):    0.000ns
  Timing Exception:       False Path

    Location             Delay type                Incr(ns)  Path(ns)    Netlist Resource(s)
  -------------------------------------------------------------------    -------------------
    PS7_X0Y0             PS7                          0.000     0.000 f  drone_block_design_i/processing_system7_0/inst/PS7_i/FCLKRESETN[0]
                         net (fo=1, routed)           0.660     0.660    drone_block_design_i/rst_ps7_0_100M/U0/EXT_LPF/ext_reset_in
    SLICE_X40Y86         LUT1 (Prop_lut1_I0_O)        0.045     0.705 r  drone_block_design_i/rst_ps7_0_100M/U0/EXT_LPF/ACTIVE_LOW_EXT.ACT_LO_EXT_i_1/O
                         net (fo=1, routed)           0.000     0.705    drone_block_design_i/rst_ps7_0_100M/U0/EXT_LPF/ACTIVE_LOW_EXT.ACT_LO_EXT/src_in
    SLICE_X40Y86         FDRE                                         r  drone_block_design_i/rst_ps7_0_100M/U0/EXT_LPF/ACTIVE_LOW_EXT.ACT_LO_EXT/syncstages_ff_reg[0]/D
  -------------------------------------------------------------------    -------------------

                         (clock clk_fpga_0 rise edge)
                                                      0.000     0.000 r  
    PS7_X0Y0             PS7                          0.000     0.000 r  drone_block_design_i/processing_system7_0/inst/PS7_i/FCLKCLK[0]
                         net (fo=1, routed)           0.337     0.337    drone_block_design_i/processing_system7_0/inst/FCLK_CLK_unbuffered[0]
    BUFGCTRL_X0Y16       BUFG (Prop_bufg_I_O)         0.029     0.366 r  drone_block_design_i/processing_system7_0/inst/buffer_fclk_clk_0.FCLK_CLK_0_BUFG/O
                         net (fo=4104, routed)        0.819     1.185    drone_block_design_i/rst_ps7_0_100M/U0/EXT_LPF/ACTIVE_LOW_EXT.ACT_LO_EXT/dest_clk
    SLICE_X40Y86         FDRE                                         r  drone_block_design_i/rst_ps7_0_100M/U0/EXT_LPF/ACTIVE_LOW_EXT.ACT_LO_EXT/syncstages_ff_reg[0]/C





--------------------------------------------------------------------------------------
Path Group:  (none)
From Clock:  clk_fpga_0
  To Clock:  clk_fpga_0

Max Delay            40 Endpoints
Min Delay            40 Endpoints
--------------------------------------------------------------------------------------


Max Delay Paths
--------------------------------------------------------------------------------------
Slack:                    inf
  Source:                 drone_block_design_i/rst_ps7_0_100M/U0/ACTIVE_LOW_PR_OUT_DFF[0].FDRE_PER_N/C
                            (rising edge-triggered cell FDRE clocked by clk_fpga_0  {rise@0.000ns fall@5.000ns period=10.000ns})
  Destination:            drone_block_design_wrapper/drone_block_design/drone_block_design_axi_mem_intercon_0/s00_couplers_imp_1QUQC6S/drone_block_design_axi_mem_intercon_imp_auto_ds_0/drone_block_design_axi_mem_intercon_imp_auto_ds_0_axi_dwidth_converter_v2_1_37_top/drone_block_design_axi_mem_intercon_imp_auto_ds_0_axi_protocol_converter_v2_1_37_axi_protocol_converter/drone_block_design_axi_mem_intercon_imp_auto_ds_0_axi_protocol_converter_v2_1_37_axi3_conv/drone_block_design_axi_mem_intercon_imp_auto_ds_0_axi_protocol_converter_v2_1_37_a_axi3_conv/drone_block_design_axi_mem_intercon_imp_auto_ds_0_axi_data_fifo_v2_1_36_axic_fifo/drone_block_design_axi_mem_intercon_imp_auto_ds_0_axi_data_fifo_v2_1_36_fifo_gen_1/<hidden>/<hidden>/<hidden>/<hidden>/<hidden>/<hidden>
                            (recovery check against rising-edge clock clk_fpga_0  {rise@0.000ns fall@5.000ns period=10.000ns})
  Path Group:             (none)
  Path Type:              Recovery (Max at Slow Process Corner)
  Data Path Delay:        4.812ns  (logic 0.642ns (13.342%)  route 4.170ns (86.658%))
  Logic Levels:           1  (LUT1=1)
  Clock Path Skew:        -0.279ns (DCD - SCD + CPR)
    Destination Clock Delay (DCD):    2.658ns
    Source Clock Delay      (SCD):    2.937ns
    Clock Pessimism Removal (CPR):    0.000ns
  Clock Uncertainty:      0.154ns  ((TSJ^2 + TIJ^2)^1/2 + DJ) / 2 + PE
    Total System Jitter     (TSJ):    0.071ns
    Total Input Jitter      (TIJ):    0.300ns
    Discrete Jitter          (DJ):    0.000ns
    Phase Error              (PE):    0.000ns
  Timing Exception:       False Path

    Location             Delay type                Incr(ns)  Path(ns)    Netlist Resource(s)
  -------------------------------------------------------------------    -------------------
                         (clock clk_fpga_0 rise edge)
                                                      0.000     0.000 r  
    PS7_X0Y0             PS7                          0.000     0.000 r  drone_block_design_i/processing_system7_0/inst/PS7_i/FCLKCLK[0]
                         net (fo=1, routed)           1.193     1.193    drone_block_design_i/processing_system7_0/inst/FCLK_CLK_unbuffered[0]
    BUFGCTRL_X0Y16       BUFG (Prop_bufg_I_O)         0.101     1.294 r  drone_block_design_i/processing_system7_0/inst/buffer_fclk_clk_0.FCLK_CLK_0_BUFG/O
                         net (fo=4104, routed)        1.643     2.937    drone_block_design_i/rst_ps7_0_100M/U0/slowest_sync_clk
    SLICE_X36Y82         FDRE                                         r  drone_block_design_i/rst_ps7_0_100M/U0/ACTIVE_LOW_PR_OUT_DFF[0].FDRE_PER_N/C
  -------------------------------------------------------------------    -------------------
    SLICE_X36Y82         FDRE (Prop_fdre_C_Q)         0.518     3.455 r  drone_block_design_i/rst_ps7_0_100M/U0/ACTIVE_LOW_PR_OUT_DFF[0].FDRE_PER_N/Q
                         net (fo=22, routed)          3.115     6.570    drone_block_design_i/axi_mem_intercon/s00_couplers/auto_ds/inst/gen_downsizer.gen_cascaded_downsizer.first_downsizer_inst/USE_WRITE.write_addr_inst/USE_B_CHANNEL.cmd_b_queue/inst/arststages_ff_reg[1]
    SLICE_X47Y51         LUT1 (Prop_lut1_I0_O)        0.124     6.694 f  drone_block_design_i/axi_mem_intercon/s00_couplers/auto_ds/inst/gen_downsizer.gen_cascaded_downsizer.first_downsizer_inst/USE_WRITE.write_addr_inst/USE_B_CHANNEL.cmd_b_queue/inst/S_AXI_AREADY_I_i_1/O
                         net (fo=208, routed)         1.055     7.749    drone_block_design_wrapper/drone_block_design/drone_block_design_axi_mem_intercon_0/s00_couplers_imp_1QUQC6S/drone_block_design_axi_mem_intercon_imp_auto_ds_0/drone_block_design_axi_mem_intercon_imp_auto_ds_0_axi_dwidth_converter_v2_1_37_top/drone_block_design_axi_mem_intercon_imp_auto_ds_0_axi_protocol_converter_v2_1_37_axi_protocol_converter/drone_block_design_axi_mem_intercon_imp_auto_ds_0_axi_protocol_converter_v2_1_37_axi3_conv/drone_block_design_axi_mem_intercon_imp_auto_ds_0_axi_protocol_converter_v2_1_37_a_axi3_conv/drone_block_design_axi_mem_intercon_imp_auto_ds_0_axi_data_fifo_v2_1_36_axic_fifo/drone_block_design_axi_mem_intercon_imp_auto_ds_0_axi_data_fifo_v2_1_36_fifo_gen_1/<hidden>/<hidden>/<hidden>/<hidden>/<hidden>/<hidden>
    SLICE_X43Y53         FDPE                                         f  drone_block_design_wrapper/drone_block_design/drone_block_design_axi_mem_intercon_0/s00_couplers_imp_1QUQC6S/drone_block_design_axi_mem_intercon_imp_auto_ds_0/drone_block_design_axi_mem_intercon_imp_auto_ds_0_axi_dwidth_converter_v2_1_37_top/drone_block_design_axi_mem_intercon_imp_auto_ds_0_axi_protocol_converter_v2_1_37_axi_protocol_converter/drone_block_design_axi_mem_intercon_imp_auto_ds_0_axi_protocol_converter_v2_1_37_axi3_conv/drone_block_design_axi_mem_intercon_imp_auto_ds_0_axi_protocol_converter_v2_1_37_a_axi3_conv/drone_block_design_axi_mem_intercon_imp_auto_ds_0_axi_data_fifo_v2_1_36_axic_fifo/drone_block_design_axi_mem_intercon_imp_auto_ds_0_axi_data_fifo_v2_1_36_fifo_gen_1/<hidden>/<hidden>/<hidden>/<hidden>/<hidden>/<hidden>
  -------------------------------------------------------------------    -------------------

                         (clock clk_fpga_0 rise edge)
                                                      0.000     0.000 r  
    PS7_X0Y0             PS7                          0.000     0.000 r  drone_block_design_i/processing_system7_0/inst/PS7_i/FCLKCLK[0]
                         net (fo=1, routed)           1.088     1.088    drone_block_design_i/processing_system7_0/inst/FCLK_CLK_unbuffered[0]
    BUFGCTRL_X0Y16       BUFG (Prop_bufg_I_O)         0.091     1.179 r  drone_block_design_i/processing_system7_0/inst/buffer_fclk_clk_0.FCLK_CLK_0_BUFG/O
                         net (fo=4104, routed)        1.479     2.658    drone_block_design_wrapper/drone_block_design/drone_block_design_axi_mem_intercon_0/s00_couplers_imp_1QUQC6S/drone_block_design_axi_mem_intercon_imp_auto_ds_0/drone_block_design_axi_mem_intercon_imp_auto_ds_0_axi_dwidth_converter_v2_1_37_top/drone_block_design_axi_mem_intercon_imp_auto_ds_0_axi_protocol_converter_v2_1_37_axi_protocol_converter/drone_block_design_axi_mem_intercon_imp_auto_ds_0_axi_protocol_converter_v2_1_37_axi3_conv/drone_block_design_axi_mem_intercon_imp_auto_ds_0_axi_protocol_converter_v2_1_37_a_axi3_conv/drone_block_design_axi_mem_intercon_imp_auto_ds_0_axi_data_fifo_v2_1_36_axic_fifo/drone_block_design_axi_mem_intercon_imp_auto_ds_0_axi_data_fifo_v2_1_36_fifo_gen_1/<hidden>/<hidden>/<hidden>/<hidden>/<hidden>/<hidden>
    SLICE_X43Y53         FDPE                                         r  drone_block_design_wrapper/drone_block_design/drone_block_design_axi_mem_intercon_0/s00_couplers_imp_1QUQC6S/drone_block_design_axi_mem_intercon_imp_auto_ds_0/drone_block_design_axi_mem_intercon_imp_auto_ds_0_axi_dwidth_converter_v2_1_37_top/drone_block_design_axi_mem_intercon_imp_auto_ds_0_axi_protocol_converter_v2_1_37_axi_protocol_converter/drone_block_design_axi_mem_intercon_imp_auto_ds_0_axi_protocol_converter_v2_1_37_axi3_conv/drone_block_design_axi_mem_intercon_imp_auto_ds_0_axi_protocol_converter_v2_1_37_a_axi3_conv/drone_block_design_axi_mem_intercon_imp_auto_ds_0_axi_data_fifo_v2_1_36_axic_fifo/drone_block_design_axi_mem_intercon_imp_auto_ds_0_axi_data_fifo_v2_1_36_fifo_gen_1/<hidden>/<hidden>/<hidden>/<hidden>/<hidden>/<hidden>

Slack:                    inf
  Source:                 drone_block_design_i/rst_ps7_0_100M/U0/ACTIVE_LOW_PR_OUT_DFF[0].FDRE_PER_N/C
                            (rising edge-triggered cell FDRE clocked by clk_fpga_0  {rise@0.000ns fall@5.000ns period=10.000ns})
  Destination:            drone_block_design_wrapper/drone_block_design/drone_block_design_axi_mem_intercon_0/s00_couplers_imp_1QUQC6S/drone_block_design_axi_mem_intercon_imp_auto_ds_0/drone_block_design_axi_mem_intercon_imp_auto_ds_0_axi_dwidth_converter_v2_1_37_top/drone_block_design_axi_mem_intercon_imp_auto_ds_0_axi_protocol_converter_v2_1_37_axi_protocol_converter/drone_block_design_axi_mem_intercon_imp_auto_ds_0_axi_protocol_converter_v2_1_37_axi3_conv/drone_block_design_axi_mem_intercon_imp_auto_ds_0_axi_protocol_converter_v2_1_37_a_axi3_conv/drone_block_design_axi_mem_intercon_imp_auto_ds_0_axi_data_fifo_v2_1_36_axic_fifo/drone_block_design_axi_mem_intercon_imp_auto_ds_0_axi_data_fifo_v2_1_36_fifo_gen_1/<hidden>/<hidden>/<hidden>/<hidden>/<hidden>/<hidden>
                            (recovery check against rising-edge clock clk_fpga_0  {rise@0.000ns fall@5.000ns period=10.000ns})
  Path Group:             (none)
  Path Type:              Recovery (Max at Slow Process Corner)
  Data Path Delay:        4.812ns  (logic 0.642ns (13.342%)  route 4.170ns (86.658%))
  Logic Levels:           1  (LUT1=1)
  Clock Path Skew:        -0.279ns (DCD - SCD + CPR)
    Destination Clock Delay (DCD):    2.658ns
    Source Clock Delay      (SCD):    2.937ns
    Clock Pessimism Removal (CPR):    0.000ns
  Clock Uncertainty:      0.154ns  ((TSJ^2 + TIJ^2)^1/2 + DJ) / 2 + PE
    Total System Jitter     (TSJ):    0.071ns
    Total Input Jitter      (TIJ):    0.300ns
    Discrete Jitter          (DJ):    0.000ns
    Phase Error              (PE):    0.000ns
  Timing Exception:       False Path

    Location             Delay type                Incr(ns)  Path(ns)    Netlist Resource(s)
  -------------------------------------------------------------------    -------------------
                         (clock clk_fpga_0 rise edge)
                                                      0.000     0.000 r  
    PS7_X0Y0             PS7                          0.000     0.000 r  drone_block_design_i/processing_system7_0/inst/PS7_i/FCLKCLK[0]
                         net (fo=1, routed)           1.193     1.193    drone_block_design_i/processing_system7_0/inst/FCLK_CLK_unbuffered[0]
    BUFGCTRL_X0Y16       BUFG (Prop_bufg_I_O)         0.101     1.294 r  drone_block_design_i/processing_system7_0/inst/buffer_fclk_clk_0.FCLK_CLK_0_BUFG/O
                         net (fo=4104, routed)        1.643     2.937    drone_block_design_i/rst_ps7_0_100M/U0/slowest_sync_clk
    SLICE_X36Y82         FDRE                                         r  drone_block_design_i/rst_ps7_0_100M/U0/ACTIVE_LOW_PR_OUT_DFF[0].FDRE_PER_N/C
  -------------------------------------------------------------------    -------------------
    SLICE_X36Y82         FDRE (Prop_fdre_C_Q)         0.518     3.455 r  drone_block_design_i/rst_ps7_0_100M/U0/ACTIVE_LOW_PR_OUT_DFF[0].FDRE_PER_N/Q
                         net (fo=22, routed)          3.115     6.570    drone_block_design_i/axi_mem_intercon/s00_couplers/auto_ds/inst/gen_downsizer.gen_cascaded_downsizer.first_downsizer_inst/USE_WRITE.write_addr_inst/USE_B_CHANNEL.cmd_b_queue/inst/arststages_ff_reg[1]
    SLICE_X47Y51         LUT1 (Prop_lut1_I0_O)        0.124     6.694 f  drone_block_design_i/axi_mem_intercon/s00_couplers/auto_ds/inst/gen_downsizer.gen_cascaded_downsizer.first_downsizer_inst/USE_WRITE.write_addr_inst/USE_B_CHANNEL.cmd_b_queue/inst/S_AXI_AREADY_I_i_1/O
                         net (fo=208, routed)         1.055     7.749    drone_block_design_wrapper/drone_block_design/drone_block_design_axi_mem_intercon_0/s00_couplers_imp_1QUQC6S/drone_block_design_axi_mem_intercon_imp_auto_ds_0/drone_block_design_axi_mem_intercon_imp_auto_ds_0_axi_dwidth_converter_v2_1_37_top/drone_block_design_axi_mem_intercon_imp_auto_ds_0_axi_protocol_converter_v2_1_37_axi_protocol_converter/drone_block_design_axi_mem_intercon_imp_auto_ds_0_axi_protocol_converter_v2_1_37_axi3_conv/drone_block_design_axi_mem_intercon_imp_auto_ds_0_axi_protocol_converter_v2_1_37_a_axi3_conv/drone_block_design_axi_mem_intercon_imp_auto_ds_0_axi_data_fifo_v2_1_36_axic_fifo/drone_block_design_axi_mem_intercon_imp_auto_ds_0_axi_data_fifo_v2_1_36_fifo_gen_1/<hidden>/<hidden>/<hidden>/<hidden>/<hidden>/<hidden>
    SLICE_X43Y53         FDPE                                         f  drone_block_design_wrapper/drone_block_design/drone_block_design_axi_mem_intercon_0/s00_couplers_imp_1QUQC6S/drone_block_design_axi_mem_intercon_imp_auto_ds_0/drone_block_design_axi_mem_intercon_imp_auto_ds_0_axi_dwidth_converter_v2_1_37_top/drone_block_design_axi_mem_intercon_imp_auto_ds_0_axi_protocol_converter_v2_1_37_axi_protocol_converter/drone_block_design_axi_mem_intercon_imp_auto_ds_0_axi_protocol_converter_v2_1_37_axi3_conv/drone_block_design_axi_mem_intercon_imp_auto_ds_0_axi_protocol_converter_v2_1_37_a_axi3_conv/drone_block_design_axi_mem_intercon_imp_auto_ds_0_axi_data_fifo_v2_1_36_axic_fifo/drone_block_design_axi_mem_intercon_imp_auto_ds_0_axi_data_fifo_v2_1_36_fifo_gen_1/<hidden>/<hidden>/<hidden>/<hidden>/<hidden>/<hidden>
  -------------------------------------------------------------------    -------------------

                         (clock clk_fpga_0 rise edge)
                                                      0.000     0.000 r  
    PS7_X0Y0             PS7                          0.000     0.000 r  drone_block_design_i/processing_system7_0/inst/PS7_i/FCLKCLK[0]
                         net (fo=1, routed)           1.088     1.088    drone_block_design_i/processing_system7_0/inst/FCLK_CLK_unbuffered[0]
    BUFGCTRL_X0Y16       BUFG (Prop_bufg_I_O)         0.091     1.179 r  drone_block_design_i/processing_system7_0/inst/buffer_fclk_clk_0.FCLK_CLK_0_BUFG/O
                         net (fo=4104, routed)        1.479     2.658    drone_block_design_wrapper/drone_block_design/drone_block_design_axi_mem_intercon_0/s00_couplers_imp_1QUQC6S/drone_block_design_axi_mem_intercon_imp_auto_ds_0/drone_block_design_axi_mem_intercon_imp_auto_ds_0_axi_dwidth_converter_v2_1_37_top/drone_block_design_axi_mem_intercon_imp_auto_ds_0_axi_protocol_converter_v2_1_37_axi_protocol_converter/drone_block_design_axi_mem_intercon_imp_auto_ds_0_axi_protocol_converter_v2_1_37_axi3_conv/drone_block_design_axi_mem_intercon_imp_auto_ds_0_axi_protocol_converter_v2_1_37_a_axi3_conv/drone_block_design_axi_mem_intercon_imp_auto_ds_0_axi_data_fifo_v2_1_36_axic_fifo/drone_block_design_axi_mem_intercon_imp_auto_ds_0_axi_data_fifo_v2_1_36_fifo_gen_1/<hidden>/<hidden>/<hidden>/<hidden>/<hidden>/<hidden>
    SLICE_X43Y53         FDPE                                         r  drone_block_design_wrapper/drone_block_design/drone_block_design_axi_mem_intercon_0/s00_couplers_imp_1QUQC6S/drone_block_design_axi_mem_intercon_imp_auto_ds_0/drone_block_design_axi_mem_intercon_imp_auto_ds_0_axi_dwidth_converter_v2_1_37_top/drone_block_design_axi_mem_intercon_imp_auto_ds_0_axi_protocol_converter_v2_1_37_axi_protocol_converter/drone_block_design_axi_mem_intercon_imp_auto_ds_0_axi_protocol_converter_v2_1_37_axi3_conv/drone_block_design_axi_mem_intercon_imp_auto_ds_0_axi_protocol_converter_v2_1_37_a_axi3_conv/drone_block_design_axi_mem_intercon_imp_auto_ds_0_axi_data_fifo_v2_1_36_axic_fifo/drone_block_design_axi_mem_intercon_imp_auto_ds_0_axi_data_fifo_v2_1_36_fifo_gen_1/<hidden>/<hidden>/<hidden>/<hidden>/<hidden>/<hidden>

Slack:                    inf
  Source:                 drone_block_design_i/rst_ps7_0_100M/U0/ACTIVE_LOW_PR_OUT_DFF[0].FDRE_PER_N/C
                            (rising edge-triggered cell FDRE clocked by clk_fpga_0  {rise@0.000ns fall@5.000ns period=10.000ns})
  Destination:            drone_block_design_wrapper/drone_block_design/drone_block_design_axi_mem_intercon_0/s00_couplers_imp_1QUQC6S/drone_block_design_axi_mem_intercon_imp_auto_pc_0/drone_block_design_axi_mem_intercon_imp_auto_pc_0_axi_protocol_converter_v2_1_37_axi_protocol_converter/drone_block_design_axi_mem_intercon_imp_auto_pc_0_axi_protocol_converter_v2_1_37_axi3_conv/drone_block_design_axi_mem_intercon_imp_auto_pc_0_axi_protocol_converter_v2_1_37_a_axi3_conv/drone_block_design_axi_mem_intercon_imp_auto_pc_0_axi_data_fifo_v2_1_36_axic_fifo/drone_block_design_axi_mem_intercon_imp_auto_pc_0_axi_data_fifo_v2_1_36_fifo_gen/<hidden>/<hidden>/<hidden>/<hidden>/<hidden>/<hidden>
                            (recovery check against rising-edge clock clk_fpga_0  {rise@0.000ns fall@5.000ns period=10.000ns})
  Path Group:             (none)
  Path Type:              Recovery (Max at Slow Process Corner)
  Data Path Delay:        4.678ns  (logic 0.642ns (13.725%)  route 4.036ns (86.275%))
  Logic Levels:           1  (LUT1=1)
  Clock Path Skew:        -0.185ns (DCD - SCD + CPR)
    Destination Clock Delay (DCD):    2.752ns
    Source Clock Delay      (SCD):    2.937ns
    Clock Pessimism Removal (CPR):    0.000ns
  Clock Uncertainty:      0.154ns  ((TSJ^2 + TIJ^2)^1/2 + DJ) / 2 + PE
    Total System Jitter     (TSJ):    0.071ns
    Total Input Jitter      (TIJ):    0.300ns
    Discrete Jitter          (DJ):    0.000ns
    Phase Error              (PE):    0.000ns
  Timing Exception:       False Path

    Location             Delay type                Incr(ns)  Path(ns)    Netlist Resource(s)
  -------------------------------------------------------------------    -------------------
                         (clock clk_fpga_0 rise edge)
                                                      0.000     0.000 r  
    PS7_X0Y0             PS7                          0.000     0.000 r  drone_block_design_i/processing_system7_0/inst/PS7_i/FCLKCLK[0]
                         net (fo=1, routed)           1.193     1.193    drone_block_design_i/processing_system7_0/inst/FCLK_CLK_unbuffered[0]
    BUFGCTRL_X0Y16       BUFG (Prop_bufg_I_O)         0.101     1.294 r  drone_block_design_i/processing_system7_0/inst/buffer_fclk_clk_0.FCLK_CLK_0_BUFG/O
                         net (fo=4104, routed)        1.643     2.937    drone_block_design_i/rst_ps7_0_100M/U0/slowest_sync_clk
    SLICE_X36Y82         FDRE                                         r  drone_block_design_i/rst_ps7_0_100M/U0/ACTIVE_LOW_PR_OUT_DFF[0].FDRE_PER_N/C
  -------------------------------------------------------------------    -------------------
    SLICE_X36Y82         FDRE (Prop_fdre_C_Q)         0.518     3.455 r  drone_block_design_i/rst_ps7_0_100M/U0/ACTIVE_LOW_PR_OUT_DFF[0].FDRE_PER_N/Q
                         net (fo=22, routed)          2.786     6.241    drone_block_design_i/axi_mem_intercon/s00_couplers/auto_pc/inst/gen_axi4_axi3.axi3_conv_inst/USE_WRITE.write_addr_inst/USE_BURSTS.cmd_queue/inst/aresetn
    SLICE_X27Y51         LUT1 (Prop_lut1_I0_O)        0.124     6.365 f  drone_block_design_i/axi_mem_intercon/s00_couplers/auto_pc/inst/gen_axi4_axi3.axi3_conv_inst/USE_WRITE.write_addr_inst/USE_BURSTS.cmd_queue/inst/S_AXI_AREADY_I_i_1/O
                         net (fo=55, routed)          1.250     7.615    drone_block_design_wrapper/drone_block_design/drone_block_design_axi_mem_intercon_0/s00_couplers_imp_1QUQC6S/drone_block_design_axi_mem_intercon_imp_auto_pc_0/drone_block_design_axi_mem_intercon_imp_auto_pc_0_axi_protocol_converter_v2_1_37_axi_protocol_converter/drone_block_design_axi_mem_intercon_imp_auto_pc_0_axi_protocol_converter_v2_1_37_axi3_conv/drone_block_design_axi_mem_intercon_imp_auto_pc_0_axi_protocol_converter_v2_1_37_a_axi3_conv/drone_block_design_axi_mem_intercon_imp_auto_pc_0_axi_data_fifo_v2_1_36_axic_fifo/drone_block_design_axi_mem_intercon_imp_auto_pc_0_axi_data_fifo_v2_1_36_fifo_gen/<hidden>/<hidden>/<hidden>/<hidden>/<hidden>/<hidden>
    SLICE_X25Y48         FDPE                                         f  drone_block_design_wrapper/drone_block_design/drone_block_design_axi_mem_intercon_0/s00_couplers_imp_1QUQC6S/drone_block_design_axi_mem_intercon_imp_auto_pc_0/drone_block_design_axi_mem_intercon_imp_auto_pc_0_axi_protocol_converter_v2_1_37_axi_protocol_converter/drone_block_design_axi_mem_intercon_imp_auto_pc_0_axi_protocol_converter_v2_1_37_axi3_conv/drone_block_design_axi_mem_intercon_imp_auto_pc_0_axi_protocol_converter_v2_1_37_a_axi3_conv/drone_block_design_axi_mem_intercon_imp_auto_pc_0_axi_data_fifo_v2_1_36_axic_fifo/drone_block_design_axi_mem_intercon_imp_auto_pc_0_axi_data_fifo_v2_1_36_fifo_gen/<hidden>/<hidden>/<hidden>/<hidden>/<hidden>/<hidden>
  -------------------------------------------------------------------    -------------------

                         (clock clk_fpga_0 rise edge)
                                                      0.000     0.000 r  
    PS7_X0Y0             PS7                          0.000     0.000 r  drone_block_design_i/processing_system7_0/inst/PS7_i/FCLKCLK[0]
                         net (fo=1, routed)           1.088     1.088    drone_block_design_i/processing_system7_0/inst/FCLK_CLK_unbuffered[0]
    BUFGCTRL_X0Y16       BUFG (Prop_bufg_I_O)         0.091     1.179 r  drone_block_design_i/processing_system7_0/inst/buffer_fclk_clk_0.FCLK_CLK_0_BUFG/O
                         net (fo=4104, routed)        1.573     2.752    drone_block_design_wrapper/drone_block_design/drone_block_design_axi_mem_intercon_0/s00_couplers_imp_1QUQC6S/drone_block_design_axi_mem_intercon_imp_auto_pc_0/drone_block_design_axi_mem_intercon_imp_auto_pc_0_axi_protocol_converter_v2_1_37_axi_protocol_converter/drone_block_design_axi_mem_intercon_imp_auto_pc_0_axi_protocol_converter_v2_1_37_axi3_conv/drone_block_design_axi_mem_intercon_imp_auto_pc_0_axi_protocol_converter_v2_1_37_a_axi3_conv/drone_block_design_axi_mem_intercon_imp_auto_pc_0_axi_data_fifo_v2_1_36_axic_fifo/drone_block_design_axi_mem_intercon_imp_auto_pc_0_axi_data_fifo_v2_1_36_fifo_gen/<hidden>/<hidden>/<hidden>/<hidden>/<hidden>/<hidden>
    SLICE_X25Y48         FDPE                                         r  drone_block_design_wrapper/drone_block_design/drone_block_design_axi_mem_intercon_0/s00_couplers_imp_1QUQC6S/drone_block_design_axi_mem_intercon_imp_auto_pc_0/drone_block_design_axi_mem_intercon_imp_auto_pc_0_axi_protocol_converter_v2_1_37_axi_protocol_converter/drone_block_design_axi_mem_intercon_imp_auto_pc_0_axi_protocol_converter_v2_1_37_axi3_conv/drone_block_design_axi_mem_intercon_imp_auto_pc_0_axi_protocol_converter_v2_1_37_a_axi3_conv/drone_block_design_axi_mem_intercon_imp_auto_pc_0_axi_data_fifo_v2_1_36_axic_fifo/drone_block_design_axi_mem_intercon_imp_auto_pc_0_axi_data_fifo_v2_1_36_fifo_gen/<hidden>/<hidden>/<hidden>/<hidden>/<hidden>/<hidden>

Slack:                    inf
  Source:                 drone_block_design_i/rst_ps7_0_100M/U0/ACTIVE_LOW_PR_OUT_DFF[0].FDRE_PER_N/C
                            (rising edge-triggered cell FDRE clocked by clk_fpga_0  {rise@0.000ns fall@5.000ns period=10.000ns})
  Destination:            drone_block_design_wrapper/drone_block_design/drone_block_design_axi_mem_intercon_0/s00_couplers_imp_1QUQC6S/drone_block_design_axi_mem_intercon_imp_auto_pc_0/drone_block_design_axi_mem_intercon_imp_auto_pc_0_axi_protocol_converter_v2_1_37_axi_protocol_converter/drone_block_design_axi_mem_intercon_imp_auto_pc_0_axi_protocol_converter_v2_1_37_axi3_conv/drone_block_design_axi_mem_intercon_imp_auto_pc_0_axi_protocol_converter_v2_1_37_a_axi3_conv/drone_block_design_axi_mem_intercon_imp_auto_pc_0_axi_data_fifo_v2_1_36_axic_fifo/drone_block_design_axi_mem_intercon_imp_auto_pc_0_axi_data_fifo_v2_1_36_fifo_gen/<hidden>/<hidden>/<hidden>/<hidden>/<hidden>/<hidden>
                            (recovery check against rising-edge clock clk_fpga_0  {rise@0.000ns fall@5.000ns period=10.000ns})
  Path Group:             (none)
  Path Type:              Recovery (Max at Slow Process Corner)
  Data Path Delay:        4.678ns  (logic 0.642ns (13.725%)  route 4.036ns (86.275%))
  Logic Levels:           1  (LUT1=1)
  Clock Path Skew:        -0.185ns (DCD - SCD + CPR)
    Destination Clock Delay (DCD):    2.752ns
    Source Clock Delay      (SCD):    2.937ns
    Clock Pessimism Removal (CPR):    0.000ns
  Clock Uncertainty:      0.154ns  ((TSJ^2 + TIJ^2)^1/2 + DJ) / 2 + PE
    Total System Jitter     (TSJ):    0.071ns
    Total Input Jitter      (TIJ):    0.300ns
    Discrete Jitter          (DJ):    0.000ns
    Phase Error              (PE):    0.000ns
  Timing Exception:       False Path

    Location             Delay type                Incr(ns)  Path(ns)    Netlist Resource(s)
  -------------------------------------------------------------------    -------------------
                         (clock clk_fpga_0 rise edge)
                                                      0.000     0.000 r  
    PS7_X0Y0             PS7                          0.000     0.000 r  drone_block_design_i/processing_system7_0/inst/PS7_i/FCLKCLK[0]
                         net (fo=1, routed)           1.193     1.193    drone_block_design_i/processing_system7_0/inst/FCLK_CLK_unbuffered[0]
    BUFGCTRL_X0Y16       BUFG (Prop_bufg_I_O)         0.101     1.294 r  drone_block_design_i/processing_system7_0/inst/buffer_fclk_clk_0.FCLK_CLK_0_BUFG/O
                         net (fo=4104, routed)        1.643     2.937    drone_block_design_i/rst_ps7_0_100M/U0/slowest_sync_clk
    SLICE_X36Y82         FDRE                                         r  drone_block_design_i/rst_ps7_0_100M/U0/ACTIVE_LOW_PR_OUT_DFF[0].FDRE_PER_N/C
  -------------------------------------------------------------------    -------------------
    SLICE_X36Y82         FDRE (Prop_fdre_C_Q)         0.518     3.455 r  drone_block_design_i/rst_ps7_0_100M/U0/ACTIVE_LOW_PR_OUT_DFF[0].FDRE_PER_N/Q
                         net (fo=22, routed)          2.786     6.241    drone_block_design_i/axi_mem_intercon/s00_couplers/auto_pc/inst/gen_axi4_axi3.axi3_conv_inst/USE_WRITE.write_addr_inst/USE_BURSTS.cmd_queue/inst/aresetn
    SLICE_X27Y51         LUT1 (Prop_lut1_I0_O)        0.124     6.365 f  drone_block_design_i/axi_mem_intercon/s00_couplers/auto_pc/inst/gen_axi4_axi3.axi3_conv_inst/USE_WRITE.write_addr_inst/USE_BURSTS.cmd_queue/inst/S_AXI_AREADY_I_i_1/O
                         net (fo=55, routed)          1.250     7.615    drone_block_design_wrapper/drone_block_design/drone_block_design_axi_mem_intercon_0/s00_couplers_imp_1QUQC6S/drone_block_design_axi_mem_intercon_imp_auto_pc_0/drone_block_design_axi_mem_intercon_imp_auto_pc_0_axi_protocol_converter_v2_1_37_axi_protocol_converter/drone_block_design_axi_mem_intercon_imp_auto_pc_0_axi_protocol_converter_v2_1_37_axi3_conv/drone_block_design_axi_mem_intercon_imp_auto_pc_0_axi_protocol_converter_v2_1_37_a_axi3_conv/drone_block_design_axi_mem_intercon_imp_auto_pc_0_axi_data_fifo_v2_1_36_axic_fifo/drone_block_design_axi_mem_intercon_imp_auto_pc_0_axi_data_fifo_v2_1_36_fifo_gen/<hidden>/<hidden>/<hidden>/<hidden>/<hidden>/<hidden>
    SLICE_X25Y48         FDPE                                         f  drone_block_design_wrapper/drone_block_design/drone_block_design_axi_mem_intercon_0/s00_couplers_imp_1QUQC6S/drone_block_design_axi_mem_intercon_imp_auto_pc_0/drone_block_design_axi_mem_intercon_imp_auto_pc_0_axi_protocol_converter_v2_1_37_axi_protocol_converter/drone_block_design_axi_mem_intercon_imp_auto_pc_0_axi_protocol_converter_v2_1_37_axi3_conv/drone_block_design_axi_mem_intercon_imp_auto_pc_0_axi_protocol_converter_v2_1_37_a_axi3_conv/drone_block_design_axi_mem_intercon_imp_auto_pc_0_axi_data_fifo_v2_1_36_axic_fifo/drone_block_design_axi_mem_intercon_imp_auto_pc_0_axi_data_fifo_v2_1_36_fifo_gen/<hidden>/<hidden>/<hidden>/<hidden>/<hidden>/<hidden>
  -------------------------------------------------------------------    -------------------

                         (clock clk_fpga_0 rise edge)
                                                      0.000     0.000 r  
    PS7_X0Y0             PS7                          0.000     0.000 r  drone_block_design_i/processing_system7_0/inst/PS7_i/FCLKCLK[0]
                         net (fo=1, routed)           1.088     1.088    drone_block_design_i/processing_system7_0/inst/FCLK_CLK_unbuffered[0]
    BUFGCTRL_X0Y16       BUFG (Prop_bufg_I_O)         0.091     1.179 r  drone_block_design_i/processing_system7_0/inst/buffer_fclk_clk_0.FCLK_CLK_0_BUFG/O
                         net (fo=4104, routed)        1.573     2.752    drone_block_design_wrapper/drone_block_design/drone_block_design_axi_mem_intercon_0/s00_couplers_imp_1QUQC6S/drone_block_design_axi_mem_intercon_imp_auto_pc_0/drone_block_design_axi_mem_intercon_imp_auto_pc_0_axi_protocol_converter_v2_1_37_axi_protocol_converter/drone_block_design_axi_mem_intercon_imp_auto_pc_0_axi_protocol_converter_v2_1_37_axi3_conv/drone_block_design_axi_mem_intercon_imp_auto_pc_0_axi_protocol_converter_v2_1_37_a_axi3_conv/drone_block_design_axi_mem_intercon_imp_auto_pc_0_axi_data_fifo_v2_1_36_axic_fifo/drone_block_design_axi_mem_intercon_imp_auto_pc_0_axi_data_fifo_v2_1_36_fifo_gen/<hidden>/<hidden>/<hidden>/<hidden>/<hidden>/<hidden>
    SLICE_X25Y48         FDPE                                         r  drone_block_design_wrapper/drone_block_design/drone_block_design_axi_mem_intercon_0/s00_couplers_imp_1QUQC6S/drone_block_design_axi_mem_intercon_imp_auto_pc_0/drone_block_design_axi_mem_intercon_imp_auto_pc_0_axi_protocol_converter_v2_1_37_axi_protocol_converter/drone_block_design_axi_mem_intercon_imp_auto_pc_0_axi_protocol_converter_v2_1_37_axi3_conv/drone_block_design_axi_mem_intercon_imp_auto_pc_0_axi_protocol_converter_v2_1_37_a_axi3_conv/drone_block_design_axi_mem_intercon_imp_auto_pc_0_axi_data_fifo_v2_1_36_axic_fifo/drone_block_design_axi_mem_intercon_imp_auto_pc_0_axi_data_fifo_v2_1_36_fifo_gen/<hidden>/<hidden>/<hidden>/<hidden>/<hidden>/<hidden>

Slack:                    inf
  Source:                 drone_block_design_i/rst_ps7_0_100M/U0/ACTIVE_LOW_PR_OUT_DFF[0].FDRE_PER_N/C
                            (rising edge-triggered cell FDRE clocked by clk_fpga_0  {rise@0.000ns fall@5.000ns period=10.000ns})
  Destination:            drone_block_design_wrapper/drone_block_design/drone_block_design_axi_mem_intercon_0/s00_couplers_imp_1QUQC6S/drone_block_design_axi_mem_intercon_imp_auto_ds_0/drone_block_design_axi_mem_intercon_imp_auto_ds_0_axi_dwidth_converter_v2_1_37_top/drone_block_design_axi_mem_intercon_imp_auto_ds_0_axi_dwidth_converter_v2_1_37_axi_downsizer/drone_block_design_axi_mem_intercon_imp_auto_ds_0_axi_dwidth_converter_v2_1_37_a_downsizer/drone_block_design_axi_mem_intercon_imp_auto_ds_0_axi_data_fifo_v2_1_36_axic_fifo__parameterized1/drone_block_design_axi_mem_intercon_imp_auto_ds_0_axi_data_fifo_v2_1_36_fifo_gen__parameterized1/<hidden>/<hidden>/<hidden>/<hidden>/<hidden>/<hidden>
                            (recovery check against rising-edge clock clk_fpga_0  {rise@0.000ns fall@5.000ns period=10.000ns})
  Path Group:             (none)
  Path Type:              Recovery (Max at Slow Process Corner)
  Data Path Delay:        4.634ns  (logic 0.642ns (13.853%)  route 3.992ns (86.147%))
  Logic Levels:           1  (LUT1=1)
  Clock Path Skew:        -0.278ns (DCD - SCD + CPR)
    Destination Clock Delay (DCD):    2.659ns
    Source Clock Delay      (SCD):    2.937ns
    Clock Pessimism Removal (CPR):    0.000ns
  Clock Uncertainty:      0.154ns  ((TSJ^2 + TIJ^2)^1/2 + DJ) / 2 + PE
    Total System Jitter     (TSJ):    0.071ns
    Total Input Jitter      (TIJ):    0.300ns
    Discrete Jitter          (DJ):    0.000ns
    Phase Error              (PE):    0.000ns
  Timing Exception:       False Path

    Location             Delay type                Incr(ns)  Path(ns)    Netlist Resource(s)
  -------------------------------------------------------------------    -------------------
                         (clock clk_fpga_0 rise edge)
                                                      0.000     0.000 r  
    PS7_X0Y0             PS7                          0.000     0.000 r  drone_block_design_i/processing_system7_0/inst/PS7_i/FCLKCLK[0]
                         net (fo=1, routed)           1.193     1.193    drone_block_design_i/processing_system7_0/inst/FCLK_CLK_unbuffered[0]
    BUFGCTRL_X0Y16       BUFG (Prop_bufg_I_O)         0.101     1.294 r  drone_block_design_i/processing_system7_0/inst/buffer_fclk_clk_0.FCLK_CLK_0_BUFG/O
                         net (fo=4104, routed)        1.643     2.937    drone_block_design_i/rst_ps7_0_100M/U0/slowest_sync_clk
    SLICE_X36Y82         FDRE                                         r  drone_block_design_i/rst_ps7_0_100M/U0/ACTIVE_LOW_PR_OUT_DFF[0].FDRE_PER_N/C
  -------------------------------------------------------------------    -------------------
    SLICE_X36Y82         FDRE (Prop_fdre_C_Q)         0.518     3.455 r  drone_block_design_i/rst_ps7_0_100M/U0/ACTIVE_LOW_PR_OUT_DFF[0].FDRE_PER_N/Q
                         net (fo=22, routed)          3.115     6.570    drone_block_design_i/axi_mem_intercon/s00_couplers/auto_ds/inst/gen_downsizer.gen_cascaded_downsizer.first_downsizer_inst/USE_WRITE.write_addr_inst/USE_B_CHANNEL.cmd_b_queue/inst/arststages_ff_reg[1]
    SLICE_X47Y51         LUT1 (Prop_lut1_I0_O)        0.124     6.694 f  drone_block_design_i/axi_mem_intercon/s00_couplers/auto_ds/inst/gen_downsizer.gen_cascaded_downsizer.first_downsizer_inst/USE_WRITE.write_addr_inst/USE_B_CHANNEL.cmd_b_queue/inst/S_AXI_AREADY_I_i_1/O
                         net (fo=208, routed)         0.877     7.571    drone_block_design_wrapper/drone_block_design/drone_block_design_axi_mem_intercon_0/s00_couplers_imp_1QUQC6S/drone_block_design_axi_mem_intercon_imp_auto_ds_0/drone_block_design_axi_mem_intercon_imp_auto_ds_0_axi_dwidth_converter_v2_1_37_top/drone_block_design_axi_mem_intercon_imp_auto_ds_0_axi_dwidth_converter_v2_1_37_axi_downsizer/drone_block_design_axi_mem_intercon_imp_auto_ds_0_axi_dwidth_converter_v2_1_37_a_downsizer/drone_block_design_axi_mem_intercon_imp_auto_ds_0_axi_data_fifo_v2_1_36_axic_fifo__parameterized1/drone_block_design_axi_mem_intercon_imp_auto_ds_0_axi_data_fifo_v2_1_36_fifo_gen__parameterized1/<hidden>/<hidden>/<hidden>/<hidden>/<hidden>/<hidden>
    SLICE_X39Y52         FDPE                                         f  drone_block_design_wrapper/drone_block_design/drone_block_design_axi_mem_intercon_0/s00_couplers_imp_1QUQC6S/drone_block_design_axi_mem_intercon_imp_auto_ds_0/drone_block_design_axi_mem_intercon_imp_auto_ds_0_axi_dwidth_converter_v2_1_37_top/drone_block_design_axi_mem_intercon_imp_auto_ds_0_axi_dwidth_converter_v2_1_37_axi_downsizer/drone_block_design_axi_mem_intercon_imp_auto_ds_0_axi_dwidth_converter_v2_1_37_a_downsizer/drone_block_design_axi_mem_intercon_imp_auto_ds_0_axi_data_fifo_v2_1_36_axic_fifo__parameterized1/drone_block_design_axi_mem_intercon_imp_auto_ds_0_axi_data_fifo_v2_1_36_fifo_gen__parameterized1/<hidden>/<hidden>/<hidden>/<hidden>/<hidden>/<hidden>
  -------------------------------------------------------------------    -------------------

                         (clock clk_fpga_0 rise edge)
                                                      0.000     0.000 r  
    PS7_X0Y0             PS7                          0.000     0.000 r  drone_block_design_i/processing_system7_0/inst/PS7_i/FCLKCLK[0]
                         net (fo=1, routed)           1.088     1.088    drone_block_design_i/processing_system7_0/inst/FCLK_CLK_unbuffered[0]
    BUFGCTRL_X0Y16       BUFG (Prop_bufg_I_O)         0.091     1.179 r  drone_block_design_i/processing_system7_0/inst/buffer_fclk_clk_0.FCLK_CLK_0_BUFG/O
                         net (fo=4104, routed)        1.480     2.659    drone_block_design_wrapper/drone_block_design/drone_block_design_axi_mem_intercon_0/s00_couplers_imp_1QUQC6S/drone_block_design_axi_mem_intercon_imp_auto_ds_0/drone_block_design_axi_mem_intercon_imp_auto_ds_0_axi_dwidth_converter_v2_1_37_top/drone_block_design_axi_mem_intercon_imp_auto_ds_0_axi_dwidth_converter_v2_1_37_axi_downsizer/drone_block_design_axi_mem_intercon_imp_auto_ds_0_axi_dwidth_converter_v2_1_37_a_downsizer/drone_block_design_axi_mem_intercon_imp_auto_ds_0_axi_data_fifo_v2_1_36_axic_fifo__parameterized1/drone_block_design_axi_mem_intercon_imp_auto_ds_0_axi_data_fifo_v2_1_36_fifo_gen__parameterized1/<hidden>/<hidden>/<hidden>/<hidden>/<hidden>/<hidden>
    SLICE_X39Y52         FDPE                                         r  drone_block_design_wrapper/drone_block_design/drone_block_design_axi_mem_intercon_0/s00_couplers_imp_1QUQC6S/drone_block_design_axi_mem_intercon_imp_auto_ds_0/drone_block_design_axi_mem_intercon_imp_auto_ds_0_axi_dwidth_converter_v2_1_37_top/drone_block_design_axi_mem_intercon_imp_auto_ds_0_axi_dwidth_converter_v2_1_37_axi_downsizer/drone_block_design_axi_mem_intercon_imp_auto_ds_0_axi_dwidth_converter_v2_1_37_a_downsizer/drone_block_design_axi_mem_intercon_imp_auto_ds_0_axi_data_fifo_v2_1_36_axic_fifo__parameterized1/drone_block_design_axi_mem_intercon_imp_auto_ds_0_axi_data_fifo_v2_1_36_fifo_gen__parameterized1/<hidden>/<hidden>/<hidden>/<hidden>/<hidden>/<hidden>

Slack:                    inf
  Source:                 drone_block_design_i/rst_ps7_0_100M/U0/ACTIVE_LOW_PR_OUT_DFF[0].FDRE_PER_N/C
                            (rising edge-triggered cell FDRE clocked by clk_fpga_0  {rise@0.000ns fall@5.000ns period=10.000ns})
  Destination:            drone_block_design_wrapper/drone_block_design/drone_block_design_axi_mem_intercon_0/s00_couplers_imp_1QUQC6S/drone_block_design_axi_mem_intercon_imp_auto_ds_0/drone_block_design_axi_mem_intercon_imp_auto_ds_0_axi_dwidth_converter_v2_1_37_top/drone_block_design_axi_mem_intercon_imp_auto_ds_0_axi_dwidth_converter_v2_1_37_axi_downsizer/drone_block_design_axi_mem_intercon_imp_auto_ds_0_axi_dwidth_converter_v2_1_37_a_downsizer/drone_block_design_axi_mem_intercon_imp_auto_ds_0_axi_data_fifo_v2_1_36_axic_fifo__parameterized1/drone_block_design_axi_mem_intercon_imp_auto_ds_0_axi_data_fifo_v2_1_36_fifo_gen__parameterized1/<hidden>/<hidden>/<hidden>/<hidden>/<hidden>/<hidden>
                            (recovery check against rising-edge clock clk_fpga_0  {rise@0.000ns fall@5.000ns period=10.000ns})
  Path Group:             (none)
  Path Type:              Recovery (Max at Slow Process Corner)
  Data Path Delay:        4.634ns  (logic 0.642ns (13.853%)  route 3.992ns (86.147%))
  Logic Levels:           1  (LUT1=1)
  Clock Path Skew:        -0.278ns (DCD - SCD + CPR)
    Destination Clock Delay (DCD):    2.659ns
    Source Clock Delay      (SCD):    2.937ns
    Clock Pessimism Removal (CPR):    0.000ns
  Clock Uncertainty:      0.154ns  ((TSJ^2 + TIJ^2)^1/2 + DJ) / 2 + PE
    Total System Jitter     (TSJ):    0.071ns
    Total Input Jitter      (TIJ):    0.300ns
    Discrete Jitter          (DJ):    0.000ns
    Phase Error              (PE):    0.000ns
  Timing Exception:       False Path

    Location             Delay type                Incr(ns)  Path(ns)    Netlist Resource(s)
  -------------------------------------------------------------------    -------------------
                         (clock clk_fpga_0 rise edge)
                                                      0.000     0.000 r  
    PS7_X0Y0             PS7                          0.000     0.000 r  drone_block_design_i/processing_system7_0/inst/PS7_i/FCLKCLK[0]
                         net (fo=1, routed)           1.193     1.193    drone_block_design_i/processing_system7_0/inst/FCLK_CLK_unbuffered[0]
    BUFGCTRL_X0Y16       BUFG (Prop_bufg_I_O)         0.101     1.294 r  drone_block_design_i/processing_system7_0/inst/buffer_fclk_clk_0.FCLK_CLK_0_BUFG/O
                         net (fo=4104, routed)        1.643     2.937    drone_block_design_i/rst_ps7_0_100M/U0/slowest_sync_clk
    SLICE_X36Y82         FDRE                                         r  drone_block_design_i/rst_ps7_0_100M/U0/ACTIVE_LOW_PR_OUT_DFF[0].FDRE_PER_N/C
  -------------------------------------------------------------------    -------------------
    SLICE_X36Y82         FDRE (Prop_fdre_C_Q)         0.518     3.455 r  drone_block_design_i/rst_ps7_0_100M/U0/ACTIVE_LOW_PR_OUT_DFF[0].FDRE_PER_N/Q
                         net (fo=22, routed)          3.115     6.570    drone_block_design_i/axi_mem_intercon/s00_couplers/auto_ds/inst/gen_downsizer.gen_cascaded_downsizer.first_downsizer_inst/USE_WRITE.write_addr_inst/USE_B_CHANNEL.cmd_b_queue/inst/arststages_ff_reg[1]
    SLICE_X47Y51         LUT1 (Prop_lut1_I0_O)        0.124     6.694 f  drone_block_design_i/axi_mem_intercon/s00_couplers/auto_ds/inst/gen_downsizer.gen_cascaded_downsizer.first_downsizer_inst/USE_WRITE.write_addr_inst/USE_B_CHANNEL.cmd_b_queue/inst/S_AXI_AREADY_I_i_1/O
                         net (fo=208, routed)         0.877     7.571    drone_block_design_wrapper/drone_block_design/drone_block_design_axi_mem_intercon_0/s00_couplers_imp_1QUQC6S/drone_block_design_axi_mem_intercon_imp_auto_ds_0/drone_block_design_axi_mem_intercon_imp_auto_ds_0_axi_dwidth_converter_v2_1_37_top/drone_block_design_axi_mem_intercon_imp_auto_ds_0_axi_dwidth_converter_v2_1_37_axi_downsizer/drone_block_design_axi_mem_intercon_imp_auto_ds_0_axi_dwidth_converter_v2_1_37_a_downsizer/drone_block_design_axi_mem_intercon_imp_auto_ds_0_axi_data_fifo_v2_1_36_axic_fifo__parameterized1/drone_block_design_axi_mem_intercon_imp_auto_ds_0_axi_data_fifo_v2_1_36_fifo_gen__parameterized1/<hidden>/<hidden>/<hidden>/<hidden>/<hidden>/<hidden>
    SLICE_X39Y52         FDPE                                         f  drone_block_design_wrapper/drone_block_design/drone_block_design_axi_mem_intercon_0/s00_couplers_imp_1QUQC6S/drone_block_design_axi_mem_intercon_imp_auto_ds_0/drone_block_design_axi_mem_intercon_imp_auto_ds_0_axi_dwidth_converter_v2_1_37_top/drone_block_design_axi_mem_intercon_imp_auto_ds_0_axi_dwidth_converter_v2_1_37_axi_downsizer/drone_block_design_axi_mem_intercon_imp_auto_ds_0_axi_dwidth_converter_v2_1_37_a_downsizer/drone_block_design_axi_mem_intercon_imp_auto_ds_0_axi_data_fifo_v2_1_36_axic_fifo__parameterized1/drone_block_design_axi_mem_intercon_imp_auto_ds_0_axi_data_fifo_v2_1_36_fifo_gen__parameterized1/<hidden>/<hidden>/<hidden>/<hidden>/<hidden>/<hidden>
  -------------------------------------------------------------------    -------------------

                         (clock clk_fpga_0 rise edge)
                                                      0.000     0.000 r  
    PS7_X0Y0             PS7                          0.000     0.000 r  drone_block_design_i/processing_system7_0/inst/PS7_i/FCLKCLK[0]
                         net (fo=1, routed)           1.088     1.088    drone_block_design_i/processing_system7_0/inst/FCLK_CLK_unbuffered[0]
    BUFGCTRL_X0Y16       BUFG (Prop_bufg_I_O)         0.091     1.179 r  drone_block_design_i/processing_system7_0/inst/buffer_fclk_clk_0.FCLK_CLK_0_BUFG/O
                         net (fo=4104, routed)        1.480     2.659    drone_block_design_wrapper/drone_block_design/drone_block_design_axi_mem_intercon_0/s00_couplers_imp_1QUQC6S/drone_block_design_axi_mem_intercon_imp_auto_ds_0/drone_block_design_axi_mem_intercon_imp_auto_ds_0_axi_dwidth_converter_v2_1_37_top/drone_block_design_axi_mem_intercon_imp_auto_ds_0_axi_dwidth_converter_v2_1_37_axi_downsizer/drone_block_design_axi_mem_intercon_imp_auto_ds_0_axi_dwidth_converter_v2_1_37_a_downsizer/drone_block_design_axi_mem_intercon_imp_auto_ds_0_axi_data_fifo_v2_1_36_axic_fifo__parameterized1/drone_block_design_axi_mem_intercon_imp_auto_ds_0_axi_data_fifo_v2_1_36_fifo_gen__parameterized1/<hidden>/<hidden>/<hidden>/<hidden>/<hidden>/<hidden>
    SLICE_X39Y52         FDPE                                         r  drone_block_design_wrapper/drone_block_design/drone_block_design_axi_mem_intercon_0/s00_couplers_imp_1QUQC6S/drone_block_design_axi_mem_intercon_imp_auto_ds_0/drone_block_design_axi_mem_intercon_imp_auto_ds_0_axi_dwidth_converter_v2_1_37_top/drone_block_design_axi_mem_intercon_imp_auto_ds_0_axi_dwidth_converter_v2_1_37_axi_downsizer/drone_block_design_axi_mem_intercon_imp_auto_ds_0_axi_dwidth_converter_v2_1_37_a_downsizer/drone_block_design_axi_mem_intercon_imp_auto_ds_0_axi_data_fifo_v2_1_36_axic_fifo__parameterized1/drone_block_design_axi_mem_intercon_imp_auto_ds_0_axi_data_fifo_v2_1_36_fifo_gen__parameterized1/<hidden>/<hidden>/<hidden>/<hidden>/<hidden>/<hidden>

Slack:                    inf
  Source:                 drone_block_design_i/rst_ps7_0_100M/U0/ACTIVE_LOW_PR_OUT_DFF[0].FDRE_PER_N/C
                            (rising edge-triggered cell FDRE clocked by clk_fpga_0  {rise@0.000ns fall@5.000ns period=10.000ns})
  Destination:            drone_block_design_wrapper/drone_block_design/drone_block_design_axi_mem_intercon_0/s00_couplers_imp_1QUQC6S/drone_block_design_axi_mem_intercon_imp_auto_ds_0/drone_block_design_axi_mem_intercon_imp_auto_ds_0_axi_dwidth_converter_v2_1_37_top/drone_block_design_axi_mem_intercon_imp_auto_ds_0_axi_protocol_converter_v2_1_37_axi_protocol_converter/drone_block_design_axi_mem_intercon_imp_auto_ds_0_axi_protocol_converter_v2_1_37_axi3_conv/drone_block_design_axi_mem_intercon_imp_auto_ds_0_axi_protocol_converter_v2_1_37_a_axi3_conv/drone_block_design_axi_mem_intercon_imp_auto_ds_0_axi_data_fifo_v2_1_36_axic_fifo_0/drone_block_design_axi_mem_intercon_imp_auto_ds_0_axi_data_fifo_v2_1_36_fifo_gen/<hidden>/<hidden>/<hidden>/<hidden>/<hidden>/<hidden>
                            (recovery check against rising-edge clock clk_fpga_0  {rise@0.000ns fall@5.000ns period=10.000ns})
  Path Group:             (none)
  Path Type:              Recovery (Max at Slow Process Corner)
  Data Path Delay:        4.573ns  (logic 0.642ns (14.039%)  route 3.931ns (85.961%))
  Logic Levels:           1  (LUT1=1)
  Clock Path Skew:        -0.280ns (DCD - SCD + CPR)
    Destination Clock Delay (DCD):    2.657ns
    Source Clock Delay      (SCD):    2.937ns
    Clock Pessimism Removal (CPR):    0.000ns
  Clock Uncertainty:      0.154ns  ((TSJ^2 + TIJ^2)^1/2 + DJ) / 2 + PE
    Total System Jitter     (TSJ):    0.071ns
    Total Input Jitter      (TIJ):    0.300ns
    Discrete Jitter          (DJ):    0.000ns
    Phase Error              (PE):    0.000ns
  Timing Exception:       False Path

    Location             Delay type                Incr(ns)  Path(ns)    Netlist Resource(s)
  -------------------------------------------------------------------    -------------------
                         (clock clk_fpga_0 rise edge)
                                                      0.000     0.000 r  
    PS7_X0Y0             PS7                          0.000     0.000 r  drone_block_design_i/processing_system7_0/inst/PS7_i/FCLKCLK[0]
                         net (fo=1, routed)           1.193     1.193    drone_block_design_i/processing_system7_0/inst/FCLK_CLK_unbuffered[0]
    BUFGCTRL_X0Y16       BUFG (Prop_bufg_I_O)         0.101     1.294 r  drone_block_design_i/processing_system7_0/inst/buffer_fclk_clk_0.FCLK_CLK_0_BUFG/O
                         net (fo=4104, routed)        1.643     2.937    drone_block_design_i/rst_ps7_0_100M/U0/slowest_sync_clk
    SLICE_X36Y82         FDRE                                         r  drone_block_design_i/rst_ps7_0_100M/U0/ACTIVE_LOW_PR_OUT_DFF[0].FDRE_PER_N/C
  -------------------------------------------------------------------    -------------------
    SLICE_X36Y82         FDRE (Prop_fdre_C_Q)         0.518     3.455 r  drone_block_design_i/rst_ps7_0_100M/U0/ACTIVE_LOW_PR_OUT_DFF[0].FDRE_PER_N/Q
                         net (fo=22, routed)          3.115     6.570    drone_block_design_i/axi_mem_intercon/s00_couplers/auto_ds/inst/gen_downsizer.gen_cascaded_downsizer.first_downsizer_inst/USE_WRITE.write_addr_inst/USE_B_CHANNEL.cmd_b_queue/inst/arststages_ff_reg[1]
    SLICE_X47Y51         LUT1 (Prop_lut1_I0_O)        0.124     6.694 f  drone_block_design_i/axi_mem_intercon/s00_couplers/auto_ds/inst/gen_downsizer.gen_cascaded_downsizer.first_downsizer_inst/USE_WRITE.write_addr_inst/USE_B_CHANNEL.cmd_b_queue/inst/S_AXI_AREADY_I_i_1/O
                         net (fo=208, routed)         0.816     7.510    drone_block_design_wrapper/drone_block_design/drone_block_design_axi_mem_intercon_0/s00_couplers_imp_1QUQC6S/drone_block_design_axi_mem_intercon_imp_auto_ds_0/drone_block_design_axi_mem_intercon_imp_auto_ds_0_axi_dwidth_converter_v2_1_37_top/drone_block_design_axi_mem_intercon_imp_auto_ds_0_axi_protocol_converter_v2_1_37_axi_protocol_converter/drone_block_design_axi_mem_intercon_imp_auto_ds_0_axi_protocol_converter_v2_1_37_axi3_conv/drone_block_design_axi_mem_intercon_imp_auto_ds_0_axi_protocol_converter_v2_1_37_a_axi3_conv/drone_block_design_axi_mem_intercon_imp_auto_ds_0_axi_data_fifo_v2_1_36_axic_fifo_0/drone_block_design_axi_mem_intercon_imp_auto_ds_0_axi_data_fifo_v2_1_36_fifo_gen/<hidden>/<hidden>/<hidden>/<hidden>/<hidden>/<hidden>
    SLICE_X38Y57         FDPE                                         f  drone_block_design_wrapper/drone_block_design/drone_block_design_axi_mem_intercon_0/s00_couplers_imp_1QUQC6S/drone_block_design_axi_mem_intercon_imp_auto_ds_0/drone_block_design_axi_mem_intercon_imp_auto_ds_0_axi_dwidth_converter_v2_1_37_top/drone_block_design_axi_mem_intercon_imp_auto_ds_0_axi_protocol_converter_v2_1_37_axi_protocol_converter/drone_block_design_axi_mem_intercon_imp_auto_ds_0_axi_protocol_converter_v2_1_37_axi3_conv/drone_block_design_axi_mem_intercon_imp_auto_ds_0_axi_protocol_converter_v2_1_37_a_axi3_conv/drone_block_design_axi_mem_intercon_imp_auto_ds_0_axi_data_fifo_v2_1_36_axic_fifo_0/drone_block_design_axi_mem_intercon_imp_auto_ds_0_axi_data_fifo_v2_1_36_fifo_gen/<hidden>/<hidden>/<hidden>/<hidden>/<hidden>/<hidden>
  -------------------------------------------------------------------    -------------------

                         (clock clk_fpga_0 rise edge)
                                                      0.000     0.000 r  
    PS7_X0Y0             PS7                          0.000     0.000 r  drone_block_design_i/processing_system7_0/inst/PS7_i/FCLKCLK[0]
                         net (fo=1, routed)           1.088     1.088    drone_block_design_i/processing_system7_0/inst/FCLK_CLK_unbuffered[0]
    BUFGCTRL_X0Y16       BUFG (Prop_bufg_I_O)         0.091     1.179 r  drone_block_design_i/processing_system7_0/inst/buffer_fclk_clk_0.FCLK_CLK_0_BUFG/O
                         net (fo=4104, routed)        1.478     2.657    drone_block_design_wrapper/drone_block_design/drone_block_design_axi_mem_intercon_0/s00_couplers_imp_1QUQC6S/drone_block_design_axi_mem_intercon_imp_auto_ds_0/drone_block_design_axi_mem_intercon_imp_auto_ds_0_axi_dwidth_converter_v2_1_37_top/drone_block_design_axi_mem_intercon_imp_auto_ds_0_axi_protocol_converter_v2_1_37_axi_protocol_converter/drone_block_design_axi_mem_intercon_imp_auto_ds_0_axi_protocol_converter_v2_1_37_axi3_conv/drone_block_design_axi_mem_intercon_imp_auto_ds_0_axi_protocol_converter_v2_1_37_a_axi3_conv/drone_block_design_axi_mem_intercon_imp_auto_ds_0_axi_data_fifo_v2_1_36_axic_fifo_0/drone_block_design_axi_mem_intercon_imp_auto_ds_0_axi_data_fifo_v2_1_36_fifo_gen/<hidden>/<hidden>/<hidden>/<hidden>/<hidden>/<hidden>
    SLICE_X38Y57         FDPE                                         r  drone_block_design_wrapper/drone_block_design/drone_block_design_axi_mem_intercon_0/s00_couplers_imp_1QUQC6S/drone_block_design_axi_mem_intercon_imp_auto_ds_0/drone_block_design_axi_mem_intercon_imp_auto_ds_0_axi_dwidth_converter_v2_1_37_top/drone_block_design_axi_mem_intercon_imp_auto_ds_0_axi_protocol_converter_v2_1_37_axi_protocol_converter/drone_block_design_axi_mem_intercon_imp_auto_ds_0_axi_protocol_converter_v2_1_37_axi3_conv/drone_block_design_axi_mem_intercon_imp_auto_ds_0_axi_protocol_converter_v2_1_37_a_axi3_conv/drone_block_design_axi_mem_intercon_imp_auto_ds_0_axi_data_fifo_v2_1_36_axic_fifo_0/drone_block_design_axi_mem_intercon_imp_auto_ds_0_axi_data_fifo_v2_1_36_fifo_gen/<hidden>/<hidden>/<hidden>/<hidden>/<hidden>/<hidden>

Slack:                    inf
  Source:                 drone_block_design_i/rst_ps7_0_100M/U0/ACTIVE_LOW_PR_OUT_DFF[0].FDRE_PER_N/C
                            (rising edge-triggered cell FDRE clocked by clk_fpga_0  {rise@0.000ns fall@5.000ns period=10.000ns})
  Destination:            drone_block_design_wrapper/drone_block_design/drone_block_design_axi_mem_intercon_0/s00_couplers_imp_1QUQC6S/drone_block_design_axi_mem_intercon_imp_auto_ds_0/drone_block_design_axi_mem_intercon_imp_auto_ds_0_axi_dwidth_converter_v2_1_37_top/drone_block_design_axi_mem_intercon_imp_auto_ds_0_axi_protocol_converter_v2_1_37_axi_protocol_converter/drone_block_design_axi_mem_intercon_imp_auto_ds_0_axi_protocol_converter_v2_1_37_axi3_conv/drone_block_design_axi_mem_intercon_imp_auto_ds_0_axi_protocol_converter_v2_1_37_a_axi3_conv/drone_block_design_axi_mem_intercon_imp_auto_ds_0_axi_data_fifo_v2_1_36_axic_fifo_0/drone_block_design_axi_mem_intercon_imp_auto_ds_0_axi_data_fifo_v2_1_36_fifo_gen/<hidden>/<hidden>/<hidden>/<hidden>/<hidden>/<hidden>
                            (recovery check against rising-edge clock clk_fpga_0  {rise@0.000ns fall@5.000ns period=10.000ns})
  Path Group:             (none)
  Path Type:              Recovery (Max at Slow Process Corner)
  Data Path Delay:        4.573ns  (logic 0.642ns (14.039%)  route 3.931ns (85.961%))
  Logic Levels:           1  (LUT1=1)
  Clock Path Skew:        -0.280ns (DCD - SCD + CPR)
    Destination Clock Delay (DCD):    2.657ns
    Source Clock Delay      (SCD):    2.937ns
    Clock Pessimism Removal (CPR):    0.000ns
  Clock Uncertainty:      0.154ns  ((TSJ^2 + TIJ^2)^1/2 + DJ) / 2 + PE
    Total System Jitter     (TSJ):    0.071ns
    Total Input Jitter      (TIJ):    0.300ns
    Discrete Jitter          (DJ):    0.000ns
    Phase Error              (PE):    0.000ns
  Timing Exception:       False Path

    Location             Delay type                Incr(ns)  Path(ns)    Netlist Resource(s)
  -------------------------------------------------------------------    -------------------
                         (clock clk_fpga_0 rise edge)
                                                      0.000     0.000 r  
    PS7_X0Y0             PS7                          0.000     0.000 r  drone_block_design_i/processing_system7_0/inst/PS7_i/FCLKCLK[0]
                         net (fo=1, routed)           1.193     1.193    drone_block_design_i/processing_system7_0/inst/FCLK_CLK_unbuffered[0]
    BUFGCTRL_X0Y16       BUFG (Prop_bufg_I_O)         0.101     1.294 r  drone_block_design_i/processing_system7_0/inst/buffer_fclk_clk_0.FCLK_CLK_0_BUFG/O
                         net (fo=4104, routed)        1.643     2.937    drone_block_design_i/rst_ps7_0_100M/U0/slowest_sync_clk
    SLICE_X36Y82         FDRE                                         r  drone_block_design_i/rst_ps7_0_100M/U0/ACTIVE_LOW_PR_OUT_DFF[0].FDRE_PER_N/C
  -------------------------------------------------------------------    -------------------
    SLICE_X36Y82         FDRE (Prop_fdre_C_Q)         0.518     3.455 r  drone_block_design_i/rst_ps7_0_100M/U0/ACTIVE_LOW_PR_OUT_DFF[0].FDRE_PER_N/Q
                         net (fo=22, routed)          3.115     6.570    drone_block_design_i/axi_mem_intercon/s00_couplers/auto_ds/inst/gen_downsizer.gen_cascaded_downsizer.first_downsizer_inst/USE_WRITE.write_addr_inst/USE_B_CHANNEL.cmd_b_queue/inst/arststages_ff_reg[1]
    SLICE_X47Y51         LUT1 (Prop_lut1_I0_O)        0.124     6.694 f  drone_block_design_i/axi_mem_intercon/s00_couplers/auto_ds/inst/gen_downsizer.gen_cascaded_downsizer.first_downsizer_inst/USE_WRITE.write_addr_inst/USE_B_CHANNEL.cmd_b_queue/inst/S_AXI_AREADY_I_i_1/O
                         net (fo=208, routed)         0.816     7.510    drone_block_design_wrapper/drone_block_design/drone_block_design_axi_mem_intercon_0/s00_couplers_imp_1QUQC6S/drone_block_design_axi_mem_intercon_imp_auto_ds_0/drone_block_design_axi_mem_intercon_imp_auto_ds_0_axi_dwidth_converter_v2_1_37_top/drone_block_design_axi_mem_intercon_imp_auto_ds_0_axi_protocol_converter_v2_1_37_axi_protocol_converter/drone_block_design_axi_mem_intercon_imp_auto_ds_0_axi_protocol_converter_v2_1_37_axi3_conv/drone_block_design_axi_mem_intercon_imp_auto_ds_0_axi_protocol_converter_v2_1_37_a_axi3_conv/drone_block_design_axi_mem_intercon_imp_auto_ds_0_axi_data_fifo_v2_1_36_axic_fifo_0/drone_block_design_axi_mem_intercon_imp_auto_ds_0_axi_data_fifo_v2_1_36_fifo_gen/<hidden>/<hidden>/<hidden>/<hidden>/<hidden>/<hidden>
    SLICE_X38Y57         FDPE                                         f  drone_block_design_wrapper/drone_block_design/drone_block_design_axi_mem_intercon_0/s00_couplers_imp_1QUQC6S/drone_block_design_axi_mem_intercon_imp_auto_ds_0/drone_block_design_axi_mem_intercon_imp_auto_ds_0_axi_dwidth_converter_v2_1_37_top/drone_block_design_axi_mem_intercon_imp_auto_ds_0_axi_protocol_converter_v2_1_37_axi_protocol_converter/drone_block_design_axi_mem_intercon_imp_auto_ds_0_axi_protocol_converter_v2_1_37_axi3_conv/drone_block_design_axi_mem_intercon_imp_auto_ds_0_axi_protocol_converter_v2_1_37_a_axi3_conv/drone_block_design_axi_mem_intercon_imp_auto_ds_0_axi_data_fifo_v2_1_36_axic_fifo_0/drone_block_design_axi_mem_intercon_imp_auto_ds_0_axi_data_fifo_v2_1_36_fifo_gen/<hidden>/<hidden>/<hidden>/<hidden>/<hidden>/<hidden>
  -------------------------------------------------------------------    -------------------

                         (clock clk_fpga_0 rise edge)
                                                      0.000     0.000 r  
    PS7_X0Y0             PS7                          0.000     0.000 r  drone_block_design_i/processing_system7_0/inst/PS7_i/FCLKCLK[0]
                         net (fo=1, routed)           1.088     1.088    drone_block_design_i/processing_system7_0/inst/FCLK_CLK_unbuffered[0]
    BUFGCTRL_X0Y16       BUFG (Prop_bufg_I_O)         0.091     1.179 r  drone_block_design_i/processing_system7_0/inst/buffer_fclk_clk_0.FCLK_CLK_0_BUFG/O
                         net (fo=4104, routed)        1.478     2.657    drone_block_design_wrapper/drone_block_design/drone_block_design_axi_mem_intercon_0/s00_couplers_imp_1QUQC6S/drone_block_design_axi_mem_intercon_imp_auto_ds_0/drone_block_design_axi_mem_intercon_imp_auto_ds_0_axi_dwidth_converter_v2_1_37_top/drone_block_design_axi_mem_intercon_imp_auto_ds_0_axi_protocol_converter_v2_1_37_axi_protocol_converter/drone_block_design_axi_mem_intercon_imp_auto_ds_0_axi_protocol_converter_v2_1_37_axi3_conv/drone_block_design_axi_mem_intercon_imp_auto_ds_0_axi_protocol_converter_v2_1_37_a_axi3_conv/drone_block_design_axi_mem_intercon_imp_auto_ds_0_axi_data_fifo_v2_1_36_axic_fifo_0/drone_block_design_axi_mem_intercon_imp_auto_ds_0_axi_data_fifo_v2_1_36_fifo_gen/<hidden>/<hidden>/<hidden>/<hidden>/<hidden>/<hidden>
    SLICE_X38Y57         FDPE                                         r  drone_block_design_wrapper/drone_block_design/drone_block_design_axi_mem_intercon_0/s00_couplers_imp_1QUQC6S/drone_block_design_axi_mem_intercon_imp_auto_ds_0/drone_block_design_axi_mem_intercon_imp_auto_ds_0_axi_dwidth_converter_v2_1_37_top/drone_block_design_axi_mem_intercon_imp_auto_ds_0_axi_protocol_converter_v2_1_37_axi_protocol_converter/drone_block_design_axi_mem_intercon_imp_auto_ds_0_axi_protocol_converter_v2_1_37_axi3_conv/drone_block_design_axi_mem_intercon_imp_auto_ds_0_axi_protocol_converter_v2_1_37_a_axi3_conv/drone_block_design_axi_mem_intercon_imp_auto_ds_0_axi_data_fifo_v2_1_36_axic_fifo_0/drone_block_design_axi_mem_intercon_imp_auto_ds_0_axi_data_fifo_v2_1_36_fifo_gen/<hidden>/<hidden>/<hidden>/<hidden>/<hidden>/<hidden>

Slack:                    inf
  Source:                 drone_block_design_i/rst_ps7_0_100M/U0/ACTIVE_LOW_PR_OUT_DFF[0].FDRE_PER_N/C
                            (rising edge-triggered cell FDRE clocked by clk_fpga_0  {rise@0.000ns fall@5.000ns period=10.000ns})
  Destination:            drone_block_design_wrapper/drone_block_design/drone_block_design_axi_mem_intercon_0/s00_couplers_imp_1QUQC6S/drone_block_design_axi_mem_intercon_imp_auto_ds_0/drone_block_design_axi_mem_intercon_imp_auto_ds_0_axi_dwidth_converter_v2_1_37_top/drone_block_design_axi_mem_intercon_imp_auto_ds_0_axi_dwidth_converter_v2_1_37_axi_downsizer/drone_block_design_axi_mem_intercon_imp_auto_ds_0_axi_dwidth_converter_v2_1_37_a_downsizer/drone_block_design_axi_mem_intercon_imp_auto_ds_0_axi_data_fifo_v2_1_36_axic_fifo__parameterized0/drone_block_design_axi_mem_intercon_imp_auto_ds_0_axi_data_fifo_v2_1_36_fifo_gen__parameterized0/<hidden>/<hidden>/<hidden>/<hidden>/<hidden>/<hidden>
                            (recovery check against rising-edge clock clk_fpga_0  {rise@0.000ns fall@5.000ns period=10.000ns})
  Path Group:             (none)
  Path Type:              Recovery (Max at Slow Process Corner)
  Data Path Delay:        4.515ns  (logic 0.642ns (14.218%)  route 3.873ns (85.782%))
  Logic Levels:           1  (LUT1=1)
  Clock Path Skew:        -0.281ns (DCD - SCD + CPR)
    Destination Clock Delay (DCD):    2.656ns
    Source Clock Delay      (SCD):    2.937ns
    Clock Pessimism Removal (CPR):    0.000ns
  Clock Uncertainty:      0.154ns  ((TSJ^2 + TIJ^2)^1/2 + DJ) / 2 + PE
    Total System Jitter     (TSJ):    0.071ns
    Total Input Jitter      (TIJ):    0.300ns
    Discrete Jitter          (DJ):    0.000ns
    Phase Error              (PE):    0.000ns
  Timing Exception:       False Path

    Location             Delay type                Incr(ns)  Path(ns)    Netlist Resource(s)
  -------------------------------------------------------------------    -------------------
                         (clock clk_fpga_0 rise edge)
                                                      0.000     0.000 r  
    PS7_X0Y0             PS7                          0.000     0.000 r  drone_block_design_i/processing_system7_0/inst/PS7_i/FCLKCLK[0]
                         net (fo=1, routed)           1.193     1.193    drone_block_design_i/processing_system7_0/inst/FCLK_CLK_unbuffered[0]
    BUFGCTRL_X0Y16       BUFG (Prop_bufg_I_O)         0.101     1.294 r  drone_block_design_i/processing_system7_0/inst/buffer_fclk_clk_0.FCLK_CLK_0_BUFG/O
                         net (fo=4104, routed)        1.643     2.937    drone_block_design_i/rst_ps7_0_100M/U0/slowest_sync_clk
    SLICE_X36Y82         FDRE                                         r  drone_block_design_i/rst_ps7_0_100M/U0/ACTIVE_LOW_PR_OUT_DFF[0].FDRE_PER_N/C
  -------------------------------------------------------------------    -------------------
    SLICE_X36Y82         FDRE (Prop_fdre_C_Q)         0.518     3.455 r  drone_block_design_i/rst_ps7_0_100M/U0/ACTIVE_LOW_PR_OUT_DFF[0].FDRE_PER_N/Q
                         net (fo=22, routed)          3.115     6.570    drone_block_design_i/axi_mem_intercon/s00_couplers/auto_ds/inst/gen_downsizer.gen_cascaded_downsizer.first_downsizer_inst/USE_WRITE.write_addr_inst/USE_B_CHANNEL.cmd_b_queue/inst/arststages_ff_reg[1]
    SLICE_X47Y51         LUT1 (Prop_lut1_I0_O)        0.124     6.694 f  drone_block_design_i/axi_mem_intercon/s00_couplers/auto_ds/inst/gen_downsizer.gen_cascaded_downsizer.first_downsizer_inst/USE_WRITE.write_addr_inst/USE_B_CHANNEL.cmd_b_queue/inst/S_AXI_AREADY_I_i_1/O
                         net (fo=208, routed)         0.758     7.452    drone_block_design_wrapper/drone_block_design/drone_block_design_axi_mem_intercon_0/s00_couplers_imp_1QUQC6S/drone_block_design_axi_mem_intercon_imp_auto_ds_0/drone_block_design_axi_mem_intercon_imp_auto_ds_0_axi_dwidth_converter_v2_1_37_top/drone_block_design_axi_mem_intercon_imp_auto_ds_0_axi_dwidth_converter_v2_1_37_axi_downsizer/drone_block_design_axi_mem_intercon_imp_auto_ds_0_axi_dwidth_converter_v2_1_37_a_downsizer/drone_block_design_axi_mem_intercon_imp_auto_ds_0_axi_data_fifo_v2_1_36_axic_fifo__parameterized0/drone_block_design_axi_mem_intercon_imp_auto_ds_0_axi_data_fifo_v2_1_36_fifo_gen__parameterized0/<hidden>/<hidden>/<hidden>/<hidden>/<hidden>/<hidden>
    SLICE_X47Y58         FDPE                                         f  drone_block_design_wrapper/drone_block_design/drone_block_design_axi_mem_intercon_0/s00_couplers_imp_1QUQC6S/drone_block_design_axi_mem_intercon_imp_auto_ds_0/drone_block_design_axi_mem_intercon_imp_auto_ds_0_axi_dwidth_converter_v2_1_37_top/drone_block_design_axi_mem_intercon_imp_auto_ds_0_axi_dwidth_converter_v2_1_37_axi_downsizer/drone_block_design_axi_mem_intercon_imp_auto_ds_0_axi_dwidth_converter_v2_1_37_a_downsizer/drone_block_design_axi_mem_intercon_imp_auto_ds_0_axi_data_fifo_v2_1_36_axic_fifo__parameterized0/drone_block_design_axi_mem_intercon_imp_auto_ds_0_axi_data_fifo_v2_1_36_fifo_gen__parameterized0/<hidden>/<hidden>/<hidden>/<hidden>/<hidden>/<hidden>
  -------------------------------------------------------------------    -------------------

                         (clock clk_fpga_0 rise edge)
                                                      0.000     0.000 r  
    PS7_X0Y0             PS7                          0.000     0.000 r  drone_block_design_i/processing_system7_0/inst/PS7_i/FCLKCLK[0]
                         net (fo=1, routed)           1.088     1.088    drone_block_design_i/processing_system7_0/inst/FCLK_CLK_unbuffered[0]
    BUFGCTRL_X0Y16       BUFG (Prop_bufg_I_O)         0.091     1.179 r  drone_block_design_i/processing_system7_0/inst/buffer_fclk_clk_0.FCLK_CLK_0_BUFG/O
                         net (fo=4104, routed)        1.477     2.656    drone_block_design_wrapper/drone_block_design/drone_block_design_axi_mem_intercon_0/s00_couplers_imp_1QUQC6S/drone_block_design_axi_mem_intercon_imp_auto_ds_0/drone_block_design_axi_mem_intercon_imp_auto_ds_0_axi_dwidth_converter_v2_1_37_top/drone_block_design_axi_mem_intercon_imp_auto_ds_0_axi_dwidth_converter_v2_1_37_axi_downsizer/drone_block_design_axi_mem_intercon_imp_auto_ds_0_axi_dwidth_converter_v2_1_37_a_downsizer/drone_block_design_axi_mem_intercon_imp_auto_ds_0_axi_data_fifo_v2_1_36_axic_fifo__parameterized0/drone_block_design_axi_mem_intercon_imp_auto_ds_0_axi_data_fifo_v2_1_36_fifo_gen__parameterized0/<hidden>/<hidden>/<hidden>/<hidden>/<hidden>/<hidden>
    SLICE_X47Y58         FDPE                                         r  drone_block_design_wrapper/drone_block_design/drone_block_design_axi_mem_intercon_0/s00_couplers_imp_1QUQC6S/drone_block_design_axi_mem_intercon_imp_auto_ds_0/drone_block_design_axi_mem_intercon_imp_auto_ds_0_axi_dwidth_converter_v2_1_37_top/drone_block_design_axi_mem_intercon_imp_auto_ds_0_axi_dwidth_converter_v2_1_37_axi_downsizer/drone_block_design_axi_mem_intercon_imp_auto_ds_0_axi_dwidth_converter_v2_1_37_a_downsizer/drone_block_design_axi_mem_intercon_imp_auto_ds_0_axi_data_fifo_v2_1_36_axic_fifo__parameterized0/drone_block_design_axi_mem_intercon_imp_auto_ds_0_axi_data_fifo_v2_1_36_fifo_gen__parameterized0/<hidden>/<hidden>/<hidden>/<hidden>/<hidden>/<hidden>

Slack:                    inf
  Source:                 drone_block_design_i/rst_ps7_0_100M/U0/ACTIVE_LOW_PR_OUT_DFF[0].FDRE_PER_N/C
                            (rising edge-triggered cell FDRE clocked by clk_fpga_0  {rise@0.000ns fall@5.000ns period=10.000ns})
  Destination:            drone_block_design_wrapper/drone_block_design/drone_block_design_axi_mem_intercon_0/s00_couplers_imp_1QUQC6S/drone_block_design_axi_mem_intercon_imp_auto_ds_0/drone_block_design_axi_mem_intercon_imp_auto_ds_0_axi_dwidth_converter_v2_1_37_top/drone_block_design_axi_mem_intercon_imp_auto_ds_0_axi_dwidth_converter_v2_1_37_axi_downsizer/drone_block_design_axi_mem_intercon_imp_auto_ds_0_axi_dwidth_converter_v2_1_37_a_downsizer/drone_block_design_axi_mem_intercon_imp_auto_ds_0_axi_data_fifo_v2_1_36_axic_fifo__parameterized0/drone_block_design_axi_mem_intercon_imp_auto_ds_0_axi_data_fifo_v2_1_36_fifo_gen__parameterized0/<hidden>/<hidden>/<hidden>/<hidden>/<hidden>/<hidden>
                            (recovery check against rising-edge clock clk_fpga_0  {rise@0.000ns fall@5.000ns period=10.000ns})
  Path Group:             (none)
  Path Type:              Recovery (Max at Slow Process Corner)
  Data Path Delay:        4.515ns  (logic 0.642ns (14.218%)  route 3.873ns (85.782%))
  Logic Levels:           1  (LUT1=1)
  Clock Path Skew:        -0.281ns (DCD - SCD + CPR)
    Destination Clock Delay (DCD):    2.656ns
    Source Clock Delay      (SCD):    2.937ns
    Clock Pessimism Removal (CPR):    0.000ns
  Clock Uncertainty:      0.154ns  ((TSJ^2 + TIJ^2)^1/2 + DJ) / 2 + PE
    Total System Jitter     (TSJ):    0.071ns
    Total Input Jitter      (TIJ):    0.300ns
    Discrete Jitter          (DJ):    0.000ns
    Phase Error              (PE):    0.000ns
  Timing Exception:       False Path

    Location             Delay type                Incr(ns)  Path(ns)    Netlist Resource(s)
  -------------------------------------------------------------------    -------------------
                         (clock clk_fpga_0 rise edge)
                                                      0.000     0.000 r  
    PS7_X0Y0             PS7                          0.000     0.000 r  drone_block_design_i/processing_system7_0/inst/PS7_i/FCLKCLK[0]
                         net (fo=1, routed)           1.193     1.193    drone_block_design_i/processing_system7_0/inst/FCLK_CLK_unbuffered[0]
    BUFGCTRL_X0Y16       BUFG (Prop_bufg_I_O)         0.101     1.294 r  drone_block_design_i/processing_system7_0/inst/buffer_fclk_clk_0.FCLK_CLK_0_BUFG/O
                         net (fo=4104, routed)        1.643     2.937    drone_block_design_i/rst_ps7_0_100M/U0/slowest_sync_clk
    SLICE_X36Y82         FDRE                                         r  drone_block_design_i/rst_ps7_0_100M/U0/ACTIVE_LOW_PR_OUT_DFF[0].FDRE_PER_N/C
  -------------------------------------------------------------------    -------------------
    SLICE_X36Y82         FDRE (Prop_fdre_C_Q)         0.518     3.455 r  drone_block_design_i/rst_ps7_0_100M/U0/ACTIVE_LOW_PR_OUT_DFF[0].FDRE_PER_N/Q
                         net (fo=22, routed)          3.115     6.570    drone_block_design_i/axi_mem_intercon/s00_couplers/auto_ds/inst/gen_downsizer.gen_cascaded_downsizer.first_downsizer_inst/USE_WRITE.write_addr_inst/USE_B_CHANNEL.cmd_b_queue/inst/arststages_ff_reg[1]
    SLICE_X47Y51         LUT1 (Prop_lut1_I0_O)        0.124     6.694 f  drone_block_design_i/axi_mem_intercon/s00_couplers/auto_ds/inst/gen_downsizer.gen_cascaded_downsizer.first_downsizer_inst/USE_WRITE.write_addr_inst/USE_B_CHANNEL.cmd_b_queue/inst/S_AXI_AREADY_I_i_1/O
                         net (fo=208, routed)         0.758     7.452    drone_block_design_wrapper/drone_block_design/drone_block_design_axi_mem_intercon_0/s00_couplers_imp_1QUQC6S/drone_block_design_axi_mem_intercon_imp_auto_ds_0/drone_block_design_axi_mem_intercon_imp_auto_ds_0_axi_dwidth_converter_v2_1_37_top/drone_block_design_axi_mem_intercon_imp_auto_ds_0_axi_dwidth_converter_v2_1_37_axi_downsizer/drone_block_design_axi_mem_intercon_imp_auto_ds_0_axi_dwidth_converter_v2_1_37_a_downsizer/drone_block_design_axi_mem_intercon_imp_auto_ds_0_axi_data_fifo_v2_1_36_axic_fifo__parameterized0/drone_block_design_axi_mem_intercon_imp_auto_ds_0_axi_data_fifo_v2_1_36_fifo_gen__parameterized0/<hidden>/<hidden>/<hidden>/<hidden>/<hidden>/<hidden>
    SLICE_X47Y58         FDPE                                         f  drone_block_design_wrapper/drone_block_design/drone_block_design_axi_mem_intercon_0/s00_couplers_imp_1QUQC6S/drone_block_design_axi_mem_intercon_imp_auto_ds_0/drone_block_design_axi_mem_intercon_imp_auto_ds_0_axi_dwidth_converter_v2_1_37_top/drone_block_design_axi_mem_intercon_imp_auto_ds_0_axi_dwidth_converter_v2_1_37_axi_downsizer/drone_block_design_axi_mem_intercon_imp_auto_ds_0_axi_dwidth_converter_v2_1_37_a_downsizer/drone_block_design_axi_mem_intercon_imp_auto_ds_0_axi_data_fifo_v2_1_36_axic_fifo__parameterized0/drone_block_design_axi_mem_intercon_imp_auto_ds_0_axi_data_fifo_v2_1_36_fifo_gen__parameterized0/<hidden>/<hidden>/<hidden>/<hidden>/<hidden>/<hidden>
  -------------------------------------------------------------------    -------------------

                         (clock clk_fpga_0 rise edge)
                                                      0.000     0.000 r  
    PS7_X0Y0             PS7                          0.000     0.000 r  drone_block_design_i/processing_system7_0/inst/PS7_i/FCLKCLK[0]
                         net (fo=1, routed)           1.088     1.088    drone_block_design_i/processing_system7_0/inst/FCLK_CLK_unbuffered[0]
    BUFGCTRL_X0Y16       BUFG (Prop_bufg_I_O)         0.091     1.179 r  drone_block_design_i/processing_system7_0/inst/buffer_fclk_clk_0.FCLK_CLK_0_BUFG/O
                         net (fo=4104, routed)        1.477     2.656    drone_block_design_wrapper/drone_block_design/drone_block_design_axi_mem_intercon_0/s00_couplers_imp_1QUQC6S/drone_block_design_axi_mem_intercon_imp_auto_ds_0/drone_block_design_axi_mem_intercon_imp_auto_ds_0_axi_dwidth_converter_v2_1_37_top/drone_block_design_axi_mem_intercon_imp_auto_ds_0_axi_dwidth_converter_v2_1_37_axi_downsizer/drone_block_design_axi_mem_intercon_imp_auto_ds_0_axi_dwidth_converter_v2_1_37_a_downsizer/drone_block_design_axi_mem_intercon_imp_auto_ds_0_axi_data_fifo_v2_1_36_axic_fifo__parameterized0/drone_block_design_axi_mem_intercon_imp_auto_ds_0_axi_data_fifo_v2_1_36_fifo_gen__parameterized0/<hidden>/<hidden>/<hidden>/<hidden>/<hidden>/<hidden>
    SLICE_X47Y58         FDPE                                         r  drone_block_design_wrapper/drone_block_design/drone_block_design_axi_mem_intercon_0/s00_couplers_imp_1QUQC6S/drone_block_design_axi_mem_intercon_imp_auto_ds_0/drone_block_design_axi_mem_intercon_imp_auto_ds_0_axi_dwidth_converter_v2_1_37_top/drone_block_design_axi_mem_intercon_imp_auto_ds_0_axi_dwidth_converter_v2_1_37_axi_downsizer/drone_block_design_axi_mem_intercon_imp_auto_ds_0_axi_dwidth_converter_v2_1_37_a_downsizer/drone_block_design_axi_mem_intercon_imp_auto_ds_0_axi_data_fifo_v2_1_36_axic_fifo__parameterized0/drone_block_design_axi_mem_intercon_imp_auto_ds_0_axi_data_fifo_v2_1_36_fifo_gen__parameterized0/<hidden>/<hidden>/<hidden>/<hidden>/<hidden>/<hidden>





Min Delay Paths
--------------------------------------------------------------------------------------
Slack:                    inf
  Source:                 drone_block_design_i/rst_ps7_0_100M/U0/ACTIVE_LOW_PR_OUT_DFF[0].FDRE_PER_N/C
                            (rising edge-triggered cell FDRE clocked by clk_fpga_0  {rise@0.000ns fall@5.000ns period=10.000ns})
  Destination:            drone_block_design_i/axi_dma_0/U0/I_RST_MODULE/REG_HRD_RST/syncstages_ff_reg[0]/D
                            (rising edge-triggered cell FDRE clocked by clk_fpga_0  {rise@0.000ns fall@5.000ns period=10.000ns})
  Path Group:             (none)
  Path Type:              Hold (Min at Fast Process Corner)
  Data Path Delay:        0.350ns  (logic 0.164ns (46.811%)  route 0.186ns (53.189%))
  Logic Levels:           0  
  Clock Path Skew:        0.294ns (DCD - SCD - CPR)
    Destination Clock Delay (DCD):    1.180ns
    Source Clock Delay      (SCD):    0.886ns
    Clock Pessimism Removal (CPR):    -0.000ns
  Clock Uncertainty:      0.154ns  ((TSJ^2 + TIJ^2)^1/2 + DJ) / 2 + PE
    Total System Jitter     (TSJ):    0.071ns
    Total Input Jitter      (TIJ):    0.300ns
    Discrete Jitter          (DJ):    0.000ns
    Phase Error              (PE):    0.000ns
  Timing Exception:       False Path

    Location             Delay type                Incr(ns)  Path(ns)    Netlist Resource(s)
  -------------------------------------------------------------------    -------------------
                         (clock clk_fpga_0 rise edge)
                                                      0.000     0.000 r  
    PS7_X0Y0             PS7                          0.000     0.000 r  drone_block_design_i/processing_system7_0/inst/PS7_i/FCLKCLK[0]
                         net (fo=1, routed)           0.310     0.310    drone_block_design_i/processing_system7_0/inst/FCLK_CLK_unbuffered[0]
    BUFGCTRL_X0Y16       BUFG (Prop_bufg_I_O)         0.026     0.336 r  drone_block_design_i/processing_system7_0/inst/buffer_fclk_clk_0.FCLK_CLK_0_BUFG/O
                         net (fo=4104, routed)        0.550     0.886    drone_block_design_i/rst_ps7_0_100M/U0/slowest_sync_clk
    SLICE_X36Y82         FDRE                                         r  drone_block_design_i/rst_ps7_0_100M/U0/ACTIVE_LOW_PR_OUT_DFF[0].FDRE_PER_N/C
  -------------------------------------------------------------------    -------------------
    SLICE_X36Y82         FDRE (Prop_fdre_C_Q)         0.164     1.050 r  drone_block_design_i/rst_ps7_0_100M/U0/ACTIVE_LOW_PR_OUT_DFF[0].FDRE_PER_N/Q
                         net (fo=22, routed)          0.186     1.236    drone_block_design_i/axi_dma_0/U0/I_RST_MODULE/REG_HRD_RST/src_rst
    SLICE_X37Y80         FDRE                                         r  drone_block_design_i/axi_dma_0/U0/I_RST_MODULE/REG_HRD_RST/syncstages_ff_reg[0]/D
  -------------------------------------------------------------------    -------------------

                         (clock clk_fpga_0 rise edge)
                                                      0.000     0.000 r  
    PS7_X0Y0             PS7                          0.000     0.000 r  drone_block_design_i/processing_system7_0/inst/PS7_i/FCLKCLK[0]
                         net (fo=1, routed)           0.337     0.337    drone_block_design_i/processing_system7_0/inst/FCLK_CLK_unbuffered[0]
    BUFGCTRL_X0Y16       BUFG (Prop_bufg_I_O)         0.029     0.366 r  drone_block_design_i/processing_system7_0/inst/buffer_fclk_clk_0.FCLK_CLK_0_BUFG/O
                         net (fo=4104, routed)        0.814     1.180    drone_block_design_i/axi_dma_0/U0/I_RST_MODULE/REG_HRD_RST/dest_clk
    SLICE_X37Y80         FDRE                                         r  drone_block_design_i/axi_dma_0/U0/I_RST_MODULE/REG_HRD_RST/syncstages_ff_reg[0]/C

Slack:                    inf
  Source:                 drone_block_design_i/rst_ps7_0_100M/U0/ACTIVE_LOW_PR_OUT_DFF[0].FDRE_PER_N/C
                            (rising edge-triggered cell FDRE clocked by clk_fpga_0  {rise@0.000ns fall@5.000ns period=10.000ns})
  Destination:            drone_block_design_i/axi_dma_0/U0/I_RST_MODULE/REG_HRD_RST_OUT/syncstages_ff_reg[0]/D
                            (rising edge-triggered cell FDRE clocked by clk_fpga_0  {rise@0.000ns fall@5.000ns period=10.000ns})
  Path Group:             (none)
  Path Type:              Hold (Min at Fast Process Corner)
  Data Path Delay:        0.554ns  (logic 0.164ns (29.609%)  route 0.390ns (70.391%))
  Logic Levels:           0  
  Clock Path Skew:        0.304ns (DCD - SCD - CPR)
    Destination Clock Delay (DCD):    1.190ns
    Source Clock Delay      (SCD):    0.886ns
    Clock Pessimism Removal (CPR):    -0.000ns
  Clock Uncertainty:      0.154ns  ((TSJ^2 + TIJ^2)^1/2 + DJ) / 2 + PE
    Total System Jitter     (TSJ):    0.071ns
    Total Input Jitter      (TIJ):    0.300ns
    Discrete Jitter          (DJ):    0.000ns
    Phase Error              (PE):    0.000ns
  Timing Exception:       False Path

    Location             Delay type                Incr(ns)  Path(ns)    Netlist Resource(s)
  -------------------------------------------------------------------    -------------------
                         (clock clk_fpga_0 rise edge)
                                                      0.000     0.000 r  
    PS7_X0Y0             PS7                          0.000     0.000 r  drone_block_design_i/processing_system7_0/inst/PS7_i/FCLKCLK[0]
                         net (fo=1, routed)           0.310     0.310    drone_block_design_i/processing_system7_0/inst/FCLK_CLK_unbuffered[0]
    BUFGCTRL_X0Y16       BUFG (Prop_bufg_I_O)         0.026     0.336 r  drone_block_design_i/processing_system7_0/inst/buffer_fclk_clk_0.FCLK_CLK_0_BUFG/O
                         net (fo=4104, routed)        0.550     0.886    drone_block_design_i/rst_ps7_0_100M/U0/slowest_sync_clk
    SLICE_X36Y82         FDRE                                         r  drone_block_design_i/rst_ps7_0_100M/U0/ACTIVE_LOW_PR_OUT_DFF[0].FDRE_PER_N/C
  -------------------------------------------------------------------    -------------------
    SLICE_X36Y82         FDRE (Prop_fdre_C_Q)         0.164     1.050 r  drone_block_design_i/rst_ps7_0_100M/U0/ACTIVE_LOW_PR_OUT_DFF[0].FDRE_PER_N/Q
                         net (fo=22, routed)          0.390     1.439    drone_block_design_i/axi_dma_0/U0/I_RST_MODULE/REG_HRD_RST_OUT/src_rst
    SLICE_X36Y95         FDRE                                         r  drone_block_design_i/axi_dma_0/U0/I_RST_MODULE/REG_HRD_RST_OUT/syncstages_ff_reg[0]/D
  -------------------------------------------------------------------    -------------------

                         (clock clk_fpga_0 rise edge)
                                                      0.000     0.000 r  
    PS7_X0Y0             PS7                          0.000     0.000 r  drone_block_design_i/processing_system7_0/inst/PS7_i/FCLKCLK[0]
                         net (fo=1, routed)           0.337     0.337    drone_block_design_i/processing_system7_0/inst/FCLK_CLK_unbuffered[0]
    BUFGCTRL_X0Y16       BUFG (Prop_bufg_I_O)         0.029     0.366 r  drone_block_design_i/processing_system7_0/inst/buffer_fclk_clk_0.FCLK_CLK_0_BUFG/O
                         net (fo=4104, routed)        0.824     1.190    drone_block_design_i/axi_dma_0/U0/I_RST_MODULE/REG_HRD_RST_OUT/dest_clk
    SLICE_X36Y95         FDRE                                         r  drone_block_design_i/axi_dma_0/U0/I_RST_MODULE/REG_HRD_RST_OUT/syncstages_ff_reg[0]/C

Slack:                    inf
  Source:                 drone_block_design_i/axi_smc/inst/clk_map/psr_aclk/U0/ACTIVE_LOW_BSR_OUT_DFF[0].FDRE_BSR_N/C
                            (rising edge-triggered cell FDRE clocked by clk_fpga_0  {rise@0.000ns fall@5.000ns period=10.000ns})
  Destination:            drone_block_design_i/axi_smc/inst/s00_entry_pipeline/s00_si_converter/inst/xpm_cdc_async_rst_inst/arststages_ff_reg[0]/CLR
                            (removal check against rising-edge clock clk_fpga_0  {rise@0.000ns fall@5.000ns period=10.000ns})
  Path Group:             (none)
  Path Type:              Removal (Min at Fast Process Corner)
  Data Path Delay:        0.498ns  (logic 0.186ns (37.331%)  route 0.312ns (62.669%))
  Logic Levels:           1  (LUT1=1)
  Clock Path Skew:        0.303ns (DCD - SCD - CPR)
    Destination Clock Delay (DCD):    1.277ns
    Source Clock Delay      (SCD):    0.974ns
    Clock Pessimism Removal (CPR):    -0.000ns
  Clock Uncertainty:      0.154ns  ((TSJ^2 + TIJ^2)^1/2 + DJ) / 2 + PE
    Total System Jitter     (TSJ):    0.071ns
    Total Input Jitter      (TIJ):    0.300ns
    Discrete Jitter          (DJ):    0.000ns
    Phase Error              (PE):    0.000ns
  Timing Exception:       False Path

    Location             Delay type                Incr(ns)  Path(ns)    Netlist Resource(s)
  -------------------------------------------------------------------    -------------------
                         (clock clk_fpga_0 rise edge)
                                                      0.000     0.000 r  
    PS7_X0Y0             PS7                          0.000     0.000 r  drone_block_design_i/processing_system7_0/inst/PS7_i/FCLKCLK[0]
                         net (fo=1, routed)           0.310     0.310    drone_block_design_i/processing_system7_0/inst/FCLK_CLK_unbuffered[0]
    BUFGCTRL_X0Y16       BUFG (Prop_bufg_I_O)         0.026     0.336 r  drone_block_design_i/processing_system7_0/inst/buffer_fclk_clk_0.FCLK_CLK_0_BUFG/O
                         net (fo=4104, routed)        0.638     0.974    drone_block_design_i/axi_smc/inst/clk_map/psr_aclk/U0/aclk
    SLICE_X39Y103        FDRE                                         r  drone_block_design_i/axi_smc/inst/clk_map/psr_aclk/U0/ACTIVE_LOW_BSR_OUT_DFF[0].FDRE_BSR_N/C
  -------------------------------------------------------------------    -------------------
    SLICE_X39Y103        FDRE (Prop_fdre_C_Q)         0.141     1.115 r  drone_block_design_i/axi_smc/inst/clk_map/psr_aclk/U0/ACTIVE_LOW_BSR_OUT_DFF[0].FDRE_BSR_N/Q
                         net (fo=9, routed)           0.197     1.312    drone_block_design_i/axi_smc/inst/s00_entry_pipeline/s00_si_converter/inst/xpm_cdc_async_rst_inst/src_arst
    SLICE_X36Y101        LUT1 (Prop_lut1_I0_O)        0.045     1.357 f  drone_block_design_i/axi_smc/inst/s00_entry_pipeline/s00_si_converter/inst/xpm_cdc_async_rst_inst/arststages_ff[2]_i_1/O
                         net (fo=3, routed)           0.115     1.472    drone_block_design_i/axi_smc/inst/s00_entry_pipeline/s00_si_converter/inst/xpm_cdc_async_rst_inst/reset_pol
    SLICE_X36Y102        FDCE                                         f  drone_block_design_i/axi_smc/inst/s00_entry_pipeline/s00_si_converter/inst/xpm_cdc_async_rst_inst/arststages_ff_reg[0]/CLR
  -------------------------------------------------------------------    -------------------

                         (clock clk_fpga_0 rise edge)
                                                      0.000     0.000 r  
    PS7_X0Y0             PS7                          0.000     0.000 r  drone_block_design_i/processing_system7_0/inst/PS7_i/FCLKCLK[0]
                         net (fo=1, routed)           0.337     0.337    drone_block_design_i/processing_system7_0/inst/FCLK_CLK_unbuffered[0]
    BUFGCTRL_X0Y16       BUFG (Prop_bufg_I_O)         0.029     0.366 r  drone_block_design_i/processing_system7_0/inst/buffer_fclk_clk_0.FCLK_CLK_0_BUFG/O
                         net (fo=4104, routed)        0.911     1.277    drone_block_design_i/axi_smc/inst/s00_entry_pipeline/s00_si_converter/inst/xpm_cdc_async_rst_inst/dest_clk
    SLICE_X36Y102        FDCE                                         r  drone_block_design_i/axi_smc/inst/s00_entry_pipeline/s00_si_converter/inst/xpm_cdc_async_rst_inst/arststages_ff_reg[0]/C

Slack:                    inf
  Source:                 drone_block_design_i/axi_smc/inst/clk_map/psr_aclk/U0/ACTIVE_LOW_BSR_OUT_DFF[0].FDRE_BSR_N/C
                            (rising edge-triggered cell FDRE clocked by clk_fpga_0  {rise@0.000ns fall@5.000ns period=10.000ns})
  Destination:            drone_block_design_i/axi_smc/inst/s00_entry_pipeline/s00_si_converter/inst/xpm_cdc_async_rst_inst/arststages_ff_reg[1]/CLR
                            (removal check against rising-edge clock clk_fpga_0  {rise@0.000ns fall@5.000ns period=10.000ns})
  Path Group:             (none)
  Path Type:              Removal (Min at Fast Process Corner)
  Data Path Delay:        0.498ns  (logic 0.186ns (37.331%)  route 0.312ns (62.669%))
  Logic Levels:           1  (LUT1=1)
  Clock Path Skew:        0.303ns (DCD - SCD - CPR)
    Destination Clock Delay (DCD):    1.277ns
    Source Clock Delay      (SCD):    0.974ns
    Clock Pessimism Removal (CPR):    -0.000ns
  Clock Uncertainty:      0.154ns  ((TSJ^2 + TIJ^2)^1/2 + DJ) / 2 + PE
    Total System Jitter     (TSJ):    0.071ns
    Total Input Jitter      (TIJ):    0.300ns
    Discrete Jitter          (DJ):    0.000ns
    Phase Error              (PE):    0.000ns
  Timing Exception:       False Path

    Location             Delay type                Incr(ns)  Path(ns)    Netlist Resource(s)
  -------------------------------------------------------------------    -------------------
                         (clock clk_fpga_0 rise edge)
                                                      0.000     0.000 r  
    PS7_X0Y0             PS7                          0.000     0.000 r  drone_block_design_i/processing_system7_0/inst/PS7_i/FCLKCLK[0]
                         net (fo=1, routed)           0.310     0.310    drone_block_design_i/processing_system7_0/inst/FCLK_CLK_unbuffered[0]
    BUFGCTRL_X0Y16       BUFG (Prop_bufg_I_O)         0.026     0.336 r  drone_block_design_i/processing_system7_0/inst/buffer_fclk_clk_0.FCLK_CLK_0_BUFG/O
                         net (fo=4104, routed)        0.638     0.974    drone_block_design_i/axi_smc/inst/clk_map/psr_aclk/U0/aclk
    SLICE_X39Y103        FDRE                                         r  drone_block_design_i/axi_smc/inst/clk_map/psr_aclk/U0/ACTIVE_LOW_BSR_OUT_DFF[0].FDRE_BSR_N/C
  -------------------------------------------------------------------    -------------------
    SLICE_X39Y103        FDRE (Prop_fdre_C_Q)         0.141     1.115 r  drone_block_design_i/axi_smc/inst/clk_map/psr_aclk/U0/ACTIVE_LOW_BSR_OUT_DFF[0].FDRE_BSR_N/Q
                         net (fo=9, routed)           0.197     1.312    drone_block_design_i/axi_smc/inst/s00_entry_pipeline/s00_si_converter/inst/xpm_cdc_async_rst_inst/src_arst
    SLICE_X36Y101        LUT1 (Prop_lut1_I0_O)        0.045     1.357 f  drone_block_design_i/axi_smc/inst/s00_entry_pipeline/s00_si_converter/inst/xpm_cdc_async_rst_inst/arststages_ff[2]_i_1/O
                         net (fo=3, routed)           0.115     1.472    drone_block_design_i/axi_smc/inst/s00_entry_pipeline/s00_si_converter/inst/xpm_cdc_async_rst_inst/reset_pol
    SLICE_X36Y102        FDCE                                         f  drone_block_design_i/axi_smc/inst/s00_entry_pipeline/s00_si_converter/inst/xpm_cdc_async_rst_inst/arststages_ff_reg[1]/CLR
  -------------------------------------------------------------------    -------------------

                         (clock clk_fpga_0 rise edge)
                                                      0.000     0.000 r  
    PS7_X0Y0             PS7                          0.000     0.000 r  drone_block_design_i/processing_system7_0/inst/PS7_i/FCLKCLK[0]
                         net (fo=1, routed)           0.337     0.337    drone_block_design_i/processing_system7_0/inst/FCLK_CLK_unbuffered[0]
    BUFGCTRL_X0Y16       BUFG (Prop_bufg_I_O)         0.029     0.366 r  drone_block_design_i/processing_system7_0/inst/buffer_fclk_clk_0.FCLK_CLK_0_BUFG/O
                         net (fo=4104, routed)        0.911     1.277    drone_block_design_i/axi_smc/inst/s00_entry_pipeline/s00_si_converter/inst/xpm_cdc_async_rst_inst/dest_clk
    SLICE_X36Y102        FDCE                                         r  drone_block_design_i/axi_smc/inst/s00_entry_pipeline/s00_si_converter/inst/xpm_cdc_async_rst_inst/arststages_ff_reg[1]/C

Slack:                    inf
  Source:                 drone_block_design_i/axi_smc/inst/clk_map/psr_aclk/U0/ACTIVE_LOW_BSR_OUT_DFF[0].FDRE_BSR_N/C
                            (rising edge-triggered cell FDRE clocked by clk_fpga_0  {rise@0.000ns fall@5.000ns period=10.000ns})
  Destination:            drone_block_design_i/axi_smc/inst/s00_entry_pipeline/s00_si_converter/inst/xpm_cdc_async_rst_inst/arststages_ff_reg[2]/CLR
                            (removal check against rising-edge clock clk_fpga_0  {rise@0.000ns fall@5.000ns period=10.000ns})
  Path Group:             (none)
  Path Type:              Removal (Min at Fast Process Corner)
  Data Path Delay:        0.498ns  (logic 0.186ns (37.331%)  route 0.312ns (62.669%))
  Logic Levels:           1  (LUT1=1)
  Clock Path Skew:        0.303ns (DCD - SCD - CPR)
    Destination Clock Delay (DCD):    1.277ns
    Source Clock Delay      (SCD):    0.974ns
    Clock Pessimism Removal (CPR):    -0.000ns
  Clock Uncertainty:      0.154ns  ((TSJ^2 + TIJ^2)^1/2 + DJ) / 2 + PE
    Total System Jitter     (TSJ):    0.071ns
    Total Input Jitter      (TIJ):    0.300ns
    Discrete Jitter          (DJ):    0.000ns
    Phase Error              (PE):    0.000ns
  Timing Exception:       False Path

    Location             Delay type                Incr(ns)  Path(ns)    Netlist Resource(s)
  -------------------------------------------------------------------    -------------------
                         (clock clk_fpga_0 rise edge)
                                                      0.000     0.000 r  
    PS7_X0Y0             PS7                          0.000     0.000 r  drone_block_design_i/processing_system7_0/inst/PS7_i/FCLKCLK[0]
                         net (fo=1, routed)           0.310     0.310    drone_block_design_i/processing_system7_0/inst/FCLK_CLK_unbuffered[0]
    BUFGCTRL_X0Y16       BUFG (Prop_bufg_I_O)         0.026     0.336 r  drone_block_design_i/processing_system7_0/inst/buffer_fclk_clk_0.FCLK_CLK_0_BUFG/O
                         net (fo=4104, routed)        0.638     0.974    drone_block_design_i/axi_smc/inst/clk_map/psr_aclk/U0/aclk
    SLICE_X39Y103        FDRE                                         r  drone_block_design_i/axi_smc/inst/clk_map/psr_aclk/U0/ACTIVE_LOW_BSR_OUT_DFF[0].FDRE_BSR_N/C
  -------------------------------------------------------------------    -------------------
    SLICE_X39Y103        FDRE (Prop_fdre_C_Q)         0.141     1.115 r  drone_block_design_i/axi_smc/inst/clk_map/psr_aclk/U0/ACTIVE_LOW_BSR_OUT_DFF[0].FDRE_BSR_N/Q
                         net (fo=9, routed)           0.197     1.312    drone_block_design_i/axi_smc/inst/s00_entry_pipeline/s00_si_converter/inst/xpm_cdc_async_rst_inst/src_arst
    SLICE_X36Y101        LUT1 (Prop_lut1_I0_O)        0.045     1.357 f  drone_block_design_i/axi_smc/inst/s00_entry_pipeline/s00_si_converter/inst/xpm_cdc_async_rst_inst/arststages_ff[2]_i_1/O
                         net (fo=3, routed)           0.115     1.472    drone_block_design_i/axi_smc/inst/s00_entry_pipeline/s00_si_converter/inst/xpm_cdc_async_rst_inst/reset_pol
    SLICE_X36Y102        FDCE                                         f  drone_block_design_i/axi_smc/inst/s00_entry_pipeline/s00_si_converter/inst/xpm_cdc_async_rst_inst/arststages_ff_reg[2]/CLR
  -------------------------------------------------------------------    -------------------

                         (clock clk_fpga_0 rise edge)
                                                      0.000     0.000 r  
    PS7_X0Y0             PS7                          0.000     0.000 r  drone_block_design_i/processing_system7_0/inst/PS7_i/FCLKCLK[0]
                         net (fo=1, routed)           0.337     0.337    drone_block_design_i/processing_system7_0/inst/FCLK_CLK_unbuffered[0]
    BUFGCTRL_X0Y16       BUFG (Prop_bufg_I_O)         0.029     0.366 r  drone_block_design_i/processing_system7_0/inst/buffer_fclk_clk_0.FCLK_CLK_0_BUFG/O
                         net (fo=4104, routed)        0.911     1.277    drone_block_design_i/axi_smc/inst/s00_entry_pipeline/s00_si_converter/inst/xpm_cdc_async_rst_inst/dest_clk
    SLICE_X36Y102        FDCE                                         r  drone_block_design_i/axi_smc/inst/s00_entry_pipeline/s00_si_converter/inst/xpm_cdc_async_rst_inst/arststages_ff_reg[2]/C

Slack:                    inf
  Source:                 drone_block_design_i/axi_smc/inst/clk_map/psr_aclk/U0/ACTIVE_LOW_BSR_OUT_DFF[0].FDRE_BSR_N/C
                            (rising edge-triggered cell FDRE clocked by clk_fpga_0  {rise@0.000ns fall@5.000ns period=10.000ns})
  Destination:            drone_block_design_i/axi_smc/inst/s00_entry_pipeline/s00_transaction_regulator/inst/xpm_cdc_async_rst_inst/arststages_ff_reg[0]/CLR
                            (removal check against rising-edge clock clk_fpga_0  {rise@0.000ns fall@5.000ns period=10.000ns})
  Path Group:             (none)
  Path Type:              Removal (Min at Fast Process Corner)
  Data Path Delay:        0.644ns  (logic 0.190ns (29.519%)  route 0.454ns (70.481%))
  Logic Levels:           1  (LUT1=1)
  Clock Path Skew:        0.303ns (DCD - SCD - CPR)
    Destination Clock Delay (DCD):    1.277ns
    Source Clock Delay      (SCD):    0.974ns
    Clock Pessimism Removal (CPR):    -0.000ns
  Clock Uncertainty:      0.154ns  ((TSJ^2 + TIJ^2)^1/2 + DJ) / 2 + PE
    Total System Jitter     (TSJ):    0.071ns
    Total Input Jitter      (TIJ):    0.300ns
    Discrete Jitter          (DJ):    0.000ns
    Phase Error              (PE):    0.000ns
  Timing Exception:       False Path

    Location             Delay type                Incr(ns)  Path(ns)    Netlist Resource(s)
  -------------------------------------------------------------------    -------------------
                         (clock clk_fpga_0 rise edge)
                                                      0.000     0.000 r  
    PS7_X0Y0             PS7                          0.000     0.000 r  drone_block_design_i/processing_system7_0/inst/PS7_i/FCLKCLK[0]
                         net (fo=1, routed)           0.310     0.310    drone_block_design_i/processing_system7_0/inst/FCLK_CLK_unbuffered[0]
    BUFGCTRL_X0Y16       BUFG (Prop_bufg_I_O)         0.026     0.336 r  drone_block_design_i/processing_system7_0/inst/buffer_fclk_clk_0.FCLK_CLK_0_BUFG/O
                         net (fo=4104, routed)        0.638     0.974    drone_block_design_i/axi_smc/inst/clk_map/psr_aclk/U0/aclk
    SLICE_X39Y103        FDRE                                         r  drone_block_design_i/axi_smc/inst/clk_map/psr_aclk/U0/ACTIVE_LOW_BSR_OUT_DFF[0].FDRE_BSR_N/C
  -------------------------------------------------------------------    -------------------
    SLICE_X39Y103        FDRE (Prop_fdre_C_Q)         0.141     1.115 r  drone_block_design_i/axi_smc/inst/clk_map/psr_aclk/U0/ACTIVE_LOW_BSR_OUT_DFF[0].FDRE_BSR_N/Q
                         net (fo=9, routed)           0.197     1.312    drone_block_design_i/axi_smc/inst/s00_entry_pipeline/s00_transaction_regulator/inst/xpm_cdc_async_rst_inst/src_arst
    SLICE_X36Y101        LUT1 (Prop_lut1_I0_O)        0.049     1.361 f  drone_block_design_i/axi_smc/inst/s00_entry_pipeline/s00_transaction_regulator/inst/xpm_cdc_async_rst_inst/arststages_ff[2]_i_1/O
                         net (fo=3, routed)           0.257     1.618    drone_block_design_i/axi_smc/inst/s00_entry_pipeline/s00_transaction_regulator/inst/xpm_cdc_async_rst_inst/reset_pol
    SLICE_X36Y101        FDCE                                         f  drone_block_design_i/axi_smc/inst/s00_entry_pipeline/s00_transaction_regulator/inst/xpm_cdc_async_rst_inst/arststages_ff_reg[0]/CLR
  -------------------------------------------------------------------    -------------------

                         (clock clk_fpga_0 rise edge)
                                                      0.000     0.000 r  
    PS7_X0Y0             PS7                          0.000     0.000 r  drone_block_design_i/processing_system7_0/inst/PS7_i/FCLKCLK[0]
                         net (fo=1, routed)           0.337     0.337    drone_block_design_i/processing_system7_0/inst/FCLK_CLK_unbuffered[0]
    BUFGCTRL_X0Y16       BUFG (Prop_bufg_I_O)         0.029     0.366 r  drone_block_design_i/processing_system7_0/inst/buffer_fclk_clk_0.FCLK_CLK_0_BUFG/O
                         net (fo=4104, routed)        0.911     1.277    drone_block_design_i/axi_smc/inst/s00_entry_pipeline/s00_transaction_regulator/inst/xpm_cdc_async_rst_inst/dest_clk
    SLICE_X36Y101        FDCE                                         r  drone_block_design_i/axi_smc/inst/s00_entry_pipeline/s00_transaction_regulator/inst/xpm_cdc_async_rst_inst/arststages_ff_reg[0]/C

Slack:                    inf
  Source:                 drone_block_design_i/axi_smc/inst/clk_map/psr_aclk/U0/ACTIVE_LOW_BSR_OUT_DFF[0].FDRE_BSR_N/C
                            (rising edge-triggered cell FDRE clocked by clk_fpga_0  {rise@0.000ns fall@5.000ns period=10.000ns})
  Destination:            drone_block_design_i/axi_smc/inst/s00_entry_pipeline/s00_transaction_regulator/inst/xpm_cdc_async_rst_inst/arststages_ff_reg[1]/CLR
                            (removal check against rising-edge clock clk_fpga_0  {rise@0.000ns fall@5.000ns period=10.000ns})
  Path Group:             (none)
  Path Type:              Removal (Min at Fast Process Corner)
  Data Path Delay:        0.644ns  (logic 0.190ns (29.519%)  route 0.454ns (70.481%))
  Logic Levels:           1  (LUT1=1)
  Clock Path Skew:        0.303ns (DCD - SCD - CPR)
    Destination Clock Delay (DCD):    1.277ns
    Source Clock Delay      (SCD):    0.974ns
    Clock Pessimism Removal (CPR):    -0.000ns
  Clock Uncertainty:      0.154ns  ((TSJ^2 + TIJ^2)^1/2 + DJ) / 2 + PE
    Total System Jitter     (TSJ):    0.071ns
    Total Input Jitter      (TIJ):    0.300ns
    Discrete Jitter          (DJ):    0.000ns
    Phase Error              (PE):    0.000ns
  Timing Exception:       False Path

    Location             Delay type                Incr(ns)  Path(ns)    Netlist Resource(s)
  -------------------------------------------------------------------    -------------------
                         (clock clk_fpga_0 rise edge)
                                                      0.000     0.000 r  
    PS7_X0Y0             PS7                          0.000     0.000 r  drone_block_design_i/processing_system7_0/inst/PS7_i/FCLKCLK[0]
                         net (fo=1, routed)           0.310     0.310    drone_block_design_i/processing_system7_0/inst/FCLK_CLK_unbuffered[0]
    BUFGCTRL_X0Y16       BUFG (Prop_bufg_I_O)         0.026     0.336 r  drone_block_design_i/processing_system7_0/inst/buffer_fclk_clk_0.FCLK_CLK_0_BUFG/O
                         net (fo=4104, routed)        0.638     0.974    drone_block_design_i/axi_smc/inst/clk_map/psr_aclk/U0/aclk
    SLICE_X39Y103        FDRE                                         r  drone_block_design_i/axi_smc/inst/clk_map/psr_aclk/U0/ACTIVE_LOW_BSR_OUT_DFF[0].FDRE_BSR_N/C
  -------------------------------------------------------------------    -------------------
    SLICE_X39Y103        FDRE (Prop_fdre_C_Q)         0.141     1.115 r  drone_block_design_i/axi_smc/inst/clk_map/psr_aclk/U0/ACTIVE_LOW_BSR_OUT_DFF[0].FDRE_BSR_N/Q
                         net (fo=9, routed)           0.197     1.312    drone_block_design_i/axi_smc/inst/s00_entry_pipeline/s00_transaction_regulator/inst/xpm_cdc_async_rst_inst/src_arst
    SLICE_X36Y101        LUT1 (Prop_lut1_I0_O)        0.049     1.361 f  drone_block_design_i/axi_smc/inst/s00_entry_pipeline/s00_transaction_regulator/inst/xpm_cdc_async_rst_inst/arststages_ff[2]_i_1/O
                         net (fo=3, routed)           0.257     1.618    drone_block_design_i/axi_smc/inst/s00_entry_pipeline/s00_transaction_regulator/inst/xpm_cdc_async_rst_inst/reset_pol
    SLICE_X36Y101        FDCE                                         f  drone_block_design_i/axi_smc/inst/s00_entry_pipeline/s00_transaction_regulator/inst/xpm_cdc_async_rst_inst/arststages_ff_reg[1]/CLR
  -------------------------------------------------------------------    -------------------

                         (clock clk_fpga_0 rise edge)
                                                      0.000     0.000 r  
    PS7_X0Y0             PS7                          0.000     0.000 r  drone_block_design_i/processing_system7_0/inst/PS7_i/FCLKCLK[0]
                         net (fo=1, routed)           0.337     0.337    drone_block_design_i/processing_system7_0/inst/FCLK_CLK_unbuffered[0]
    BUFGCTRL_X0Y16       BUFG (Prop_bufg_I_O)         0.029     0.366 r  drone_block_design_i/processing_system7_0/inst/buffer_fclk_clk_0.FCLK_CLK_0_BUFG/O
                         net (fo=4104, routed)        0.911     1.277    drone_block_design_i/axi_smc/inst/s00_entry_pipeline/s00_transaction_regulator/inst/xpm_cdc_async_rst_inst/dest_clk
    SLICE_X36Y101        FDCE                                         r  drone_block_design_i/axi_smc/inst/s00_entry_pipeline/s00_transaction_regulator/inst/xpm_cdc_async_rst_inst/arststages_ff_reg[1]/C

Slack:                    inf
  Source:                 drone_block_design_i/axi_smc/inst/clk_map/psr_aclk/U0/ACTIVE_LOW_BSR_OUT_DFF[0].FDRE_BSR_N/C
                            (rising edge-triggered cell FDRE clocked by clk_fpga_0  {rise@0.000ns fall@5.000ns period=10.000ns})
  Destination:            drone_block_design_i/axi_smc/inst/s00_entry_pipeline/s00_transaction_regulator/inst/xpm_cdc_async_rst_inst/arststages_ff_reg[2]/CLR
                            (removal check against rising-edge clock clk_fpga_0  {rise@0.000ns fall@5.000ns period=10.000ns})
  Path Group:             (none)
  Path Type:              Removal (Min at Fast Process Corner)
  Data Path Delay:        0.644ns  (logic 0.190ns (29.519%)  route 0.454ns (70.481%))
  Logic Levels:           1  (LUT1=1)
  Clock Path Skew:        0.303ns (DCD - SCD - CPR)
    Destination Clock Delay (DCD):    1.277ns
    Source Clock Delay      (SCD):    0.974ns
    Clock Pessimism Removal (CPR):    -0.000ns
  Clock Uncertainty:      0.154ns  ((TSJ^2 + TIJ^2)^1/2 + DJ) / 2 + PE
    Total System Jitter     (TSJ):    0.071ns
    Total Input Jitter      (TIJ):    0.300ns
    Discrete Jitter          (DJ):    0.000ns
    Phase Error              (PE):    0.000ns
  Timing Exception:       False Path

    Location             Delay type                Incr(ns)  Path(ns)    Netlist Resource(s)
  -------------------------------------------------------------------    -------------------
                         (clock clk_fpga_0 rise edge)
                                                      0.000     0.000 r  
    PS7_X0Y0             PS7                          0.000     0.000 r  drone_block_design_i/processing_system7_0/inst/PS7_i/FCLKCLK[0]
                         net (fo=1, routed)           0.310     0.310    drone_block_design_i/processing_system7_0/inst/FCLK_CLK_unbuffered[0]
    BUFGCTRL_X0Y16       BUFG (Prop_bufg_I_O)         0.026     0.336 r  drone_block_design_i/processing_system7_0/inst/buffer_fclk_clk_0.FCLK_CLK_0_BUFG/O
                         net (fo=4104, routed)        0.638     0.974    drone_block_design_i/axi_smc/inst/clk_map/psr_aclk/U0/aclk
    SLICE_X39Y103        FDRE                                         r  drone_block_design_i/axi_smc/inst/clk_map/psr_aclk/U0/ACTIVE_LOW_BSR_OUT_DFF[0].FDRE_BSR_N/C
  -------------------------------------------------------------------    -------------------
    SLICE_X39Y103        FDRE (Prop_fdre_C_Q)         0.141     1.115 r  drone_block_design_i/axi_smc/inst/clk_map/psr_aclk/U0/ACTIVE_LOW_BSR_OUT_DFF[0].FDRE_BSR_N/Q
                         net (fo=9, routed)           0.197     1.312    drone_block_design_i/axi_smc/inst/s00_entry_pipeline/s00_transaction_regulator/inst/xpm_cdc_async_rst_inst/src_arst
    SLICE_X36Y101        LUT1 (Prop_lut1_I0_O)        0.049     1.361 f  drone_block_design_i/axi_smc/inst/s00_entry_pipeline/s00_transaction_regulator/inst/xpm_cdc_async_rst_inst/arststages_ff[2]_i_1/O
                         net (fo=3, routed)           0.257     1.618    drone_block_design_i/axi_smc/inst/s00_entry_pipeline/s00_transaction_regulator/inst/xpm_cdc_async_rst_inst/reset_pol
    SLICE_X36Y101        FDCE                                         f  drone_block_design_i/axi_smc/inst/s00_entry_pipeline/s00_transaction_regulator/inst/xpm_cdc_async_rst_inst/arststages_ff_reg[2]/CLR
  -------------------------------------------------------------------    -------------------

                         (clock clk_fpga_0 rise edge)
                                                      0.000     0.000 r  
    PS7_X0Y0             PS7                          0.000     0.000 r  drone_block_design_i/processing_system7_0/inst/PS7_i/FCLKCLK[0]
                         net (fo=1, routed)           0.337     0.337    drone_block_design_i/processing_system7_0/inst/FCLK_CLK_unbuffered[0]
    BUFGCTRL_X0Y16       BUFG (Prop_bufg_I_O)         0.029     0.366 r  drone_block_design_i/processing_system7_0/inst/buffer_fclk_clk_0.FCLK_CLK_0_BUFG/O
                         net (fo=4104, routed)        0.911     1.277    drone_block_design_i/axi_smc/inst/s00_entry_pipeline/s00_transaction_regulator/inst/xpm_cdc_async_rst_inst/dest_clk
    SLICE_X36Y101        FDCE                                         r  drone_block_design_i/axi_smc/inst/s00_entry_pipeline/s00_transaction_regulator/inst/xpm_cdc_async_rst_inst/arststages_ff_reg[2]/C

Slack:                    inf
  Source:                 drone_block_design_i/rst_ps7_0_100M/U0/ACTIVE_LOW_PR_OUT_DFF[0].FDRE_PER_N/C
                            (rising edge-triggered cell FDRE clocked by clk_fpga_0  {rise@0.000ns fall@5.000ns period=10.000ns})
  Destination:            drone_block_design_i/axi_smc/inst/clk_map/psr_aclk/U0/EXT_LPF/ACTIVE_LOW_AUX.ACT_LO_AUX/syncstages_ff_reg[0]/D
                            (rising edge-triggered cell FDRE clocked by clk_fpga_0  {rise@0.000ns fall@5.000ns period=10.000ns})
  Path Group:             (none)
  Path Type:              Hold (Min at Fast Process Corner)
  Data Path Delay:        0.763ns  (logic 0.209ns (27.407%)  route 0.554ns (72.593%))
  Logic Levels:           1  (LUT1=1)
  Clock Path Skew:        0.305ns (DCD - SCD - CPR)
    Destination Clock Delay (DCD):    1.191ns
    Source Clock Delay      (SCD):    0.886ns
    Clock Pessimism Removal (CPR):    -0.000ns
  Clock Uncertainty:      0.154ns  ((TSJ^2 + TIJ^2)^1/2 + DJ) / 2 + PE
    Total System Jitter     (TSJ):    0.071ns
    Total Input Jitter      (TIJ):    0.300ns
    Discrete Jitter          (DJ):    0.000ns
    Phase Error              (PE):    0.000ns
  Timing Exception:       False Path

    Location             Delay type                Incr(ns)  Path(ns)    Netlist Resource(s)
  -------------------------------------------------------------------    -------------------
                         (clock clk_fpga_0 rise edge)
                                                      0.000     0.000 r  
    PS7_X0Y0             PS7                          0.000     0.000 r  drone_block_design_i/processing_system7_0/inst/PS7_i/FCLKCLK[0]
                         net (fo=1, routed)           0.310     0.310    drone_block_design_i/processing_system7_0/inst/FCLK_CLK_unbuffered[0]
    BUFGCTRL_X0Y16       BUFG (Prop_bufg_I_O)         0.026     0.336 r  drone_block_design_i/processing_system7_0/inst/buffer_fclk_clk_0.FCLK_CLK_0_BUFG/O
                         net (fo=4104, routed)        0.550     0.886    drone_block_design_i/rst_ps7_0_100M/U0/slowest_sync_clk
    SLICE_X36Y82         FDRE                                         r  drone_block_design_i/rst_ps7_0_100M/U0/ACTIVE_LOW_PR_OUT_DFF[0].FDRE_PER_N/C
  -------------------------------------------------------------------    -------------------
    SLICE_X36Y82         FDRE (Prop_fdre_C_Q)         0.164     1.050 f  drone_block_design_i/rst_ps7_0_100M/U0/ACTIVE_LOW_PR_OUT_DFF[0].FDRE_PER_N/Q
                         net (fo=22, routed)          0.554     1.603    drone_block_design_i/axi_smc/inst/clk_map/psr_aclk/U0/EXT_LPF/aresetn
    SLICE_X40Y98         LUT1 (Prop_lut1_I0_O)        0.045     1.648 r  drone_block_design_i/axi_smc/inst/clk_map/psr_aclk/U0/EXT_LPF/ACTIVE_LOW_AUX.ACT_LO_AUX_i_1/O
                         net (fo=1, routed)           0.000     1.648    drone_block_design_i/axi_smc/inst/clk_map/psr_aclk/U0/EXT_LPF/ACTIVE_LOW_AUX.ACT_LO_AUX/src_in
    SLICE_X40Y98         FDRE                                         r  drone_block_design_i/axi_smc/inst/clk_map/psr_aclk/U0/EXT_LPF/ACTIVE_LOW_AUX.ACT_LO_AUX/syncstages_ff_reg[0]/D
  -------------------------------------------------------------------    -------------------

                         (clock clk_fpga_0 rise edge)
                                                      0.000     0.000 r  
    PS7_X0Y0             PS7                          0.000     0.000 r  drone_block_design_i/processing_system7_0/inst/PS7_i/FCLKCLK[0]
                         net (fo=1, routed)           0.337     0.337    drone_block_design_i/processing_system7_0/inst/FCLK_CLK_unbuffered[0]
    BUFGCTRL_X0Y16       BUFG (Prop_bufg_I_O)         0.029     0.366 r  drone_block_design_i/processing_system7_0/inst/buffer_fclk_clk_0.FCLK_CLK_0_BUFG/O
                         net (fo=4104, routed)        0.825     1.191    drone_block_design_i/axi_smc/inst/clk_map/psr_aclk/U0/EXT_LPF/ACTIVE_LOW_AUX.ACT_LO_AUX/dest_clk
    SLICE_X40Y98         FDRE                                         r  drone_block_design_i/axi_smc/inst/clk_map/psr_aclk/U0/EXT_LPF/ACTIVE_LOW_AUX.ACT_LO_AUX/syncstages_ff_reg[0]/C

Slack:                    inf
  Source:                 drone_block_design_i/axi_smc/inst/clk_map/psr_aclk/U0/ACTIVE_LOW_BSR_OUT_DFF[0].FDRE_BSR_N/C
                            (rising edge-triggered cell FDRE clocked by clk_fpga_0  {rise@0.000ns fall@5.000ns period=10.000ns})
  Destination:            drone_block_design_i/axi_smc/inst/s00_nodes/s00_ar_node/inst/s_sc_xpm_cdc_async_rst_inst/arststages_ff_reg[0]/CLR
                            (removal check against rising-edge clock clk_fpga_0  {rise@0.000ns fall@5.000ns period=10.000ns})
  Path Group:             (none)
  Path Type:              Removal (Min at Fast Process Corner)
  Data Path Delay:        0.749ns  (logic 0.186ns (24.844%)  route 0.563ns (75.156%))
  Logic Levels:           1  (LUT1=1)
  Clock Path Skew:        0.217ns (DCD - SCD - CPR)
    Destination Clock Delay (DCD):    1.191ns
    Source Clock Delay      (SCD):    0.974ns
    Clock Pessimism Removal (CPR):    -0.000ns
  Clock Uncertainty:      0.154ns  ((TSJ^2 + TIJ^2)^1/2 + DJ) / 2 + PE
    Total System Jitter     (TSJ):    0.071ns
    Total Input Jitter      (TIJ):    0.300ns
    Discrete Jitter          (DJ):    0.000ns
    Phase Error              (PE):    0.000ns
  Timing Exception:       False Path

    Location             Delay type                Incr(ns)  Path(ns)    Netlist Resource(s)
  -------------------------------------------------------------------    -------------------
                         (clock clk_fpga_0 rise edge)
                                                      0.000     0.000 r  
    PS7_X0Y0             PS7                          0.000     0.000 r  drone_block_design_i/processing_system7_0/inst/PS7_i/FCLKCLK[0]
                         net (fo=1, routed)           0.310     0.310    drone_block_design_i/processing_system7_0/inst/FCLK_CLK_unbuffered[0]
    BUFGCTRL_X0Y16       BUFG (Prop_bufg_I_O)         0.026     0.336 r  drone_block_design_i/processing_system7_0/inst/buffer_fclk_clk_0.FCLK_CLK_0_BUFG/O
                         net (fo=4104, routed)        0.638     0.974    drone_block_design_i/axi_smc/inst/clk_map/psr_aclk/U0/aclk
    SLICE_X39Y103        FDRE                                         r  drone_block_design_i/axi_smc/inst/clk_map/psr_aclk/U0/ACTIVE_LOW_BSR_OUT_DFF[0].FDRE_BSR_N/C
  -------------------------------------------------------------------    -------------------
    SLICE_X39Y103        FDRE (Prop_fdre_C_Q)         0.141     1.115 r  drone_block_design_i/axi_smc/inst/clk_map/psr_aclk/U0/ACTIVE_LOW_BSR_OUT_DFF[0].FDRE_BSR_N/Q
                         net (fo=9, routed)           0.397     1.512    drone_block_design_i/axi_smc/inst/s00_nodes/s00_ar_node/inst/s_sc_xpm_cdc_async_rst_inst/src_arst
    SLICE_X36Y99         LUT1 (Prop_lut1_I0_O)        0.045     1.557 f  drone_block_design_i/axi_smc/inst/s00_nodes/s00_ar_node/inst/s_sc_xpm_cdc_async_rst_inst/arststages_ff[2]_i_1/O
                         net (fo=3, routed)           0.166     1.723    drone_block_design_i/axi_smc/inst/s00_nodes/s00_ar_node/inst/s_sc_xpm_cdc_async_rst_inst/reset_pol
    SLICE_X38Y97         FDCE                                         f  drone_block_design_i/axi_smc/inst/s00_nodes/s00_ar_node/inst/s_sc_xpm_cdc_async_rst_inst/arststages_ff_reg[0]/CLR
  -------------------------------------------------------------------    -------------------

                         (clock clk_fpga_0 rise edge)
                                                      0.000     0.000 r  
    PS7_X0Y0             PS7                          0.000     0.000 r  drone_block_design_i/processing_system7_0/inst/PS7_i/FCLKCLK[0]
                         net (fo=1, routed)           0.337     0.337    drone_block_design_i/processing_system7_0/inst/FCLK_CLK_unbuffered[0]
    BUFGCTRL_X0Y16       BUFG (Prop_bufg_I_O)         0.029     0.366 r  drone_block_design_i/processing_system7_0/inst/buffer_fclk_clk_0.FCLK_CLK_0_BUFG/O
                         net (fo=4104, routed)        0.825     1.191    drone_block_design_i/axi_smc/inst/s00_nodes/s00_ar_node/inst/s_sc_xpm_cdc_async_rst_inst/dest_clk
    SLICE_X38Y97         FDCE                                         r  drone_block_design_i/axi_smc/inst/s00_nodes/s00_ar_node/inst/s_sc_xpm_cdc_async_rst_inst/arststages_ff_reg[0]/C





--------------------------------------------------------------------------------------
Path Group:  (none)
From Clock:  clk_fpga_0
  To Clock:  

Max Delay             2 Endpoints
Min Delay             2 Endpoints
--------------------------------------------------------------------------------------


Max Delay Paths
--------------------------------------------------------------------------------------
Slack:                    inf
  Source:                 drone_block_design_i/mpu6050_axis_ip_0/U0/u_i2c_master/sda_out_reg/C
                            (rising edge-triggered cell FDSE clocked by clk_fpga_0  {rise@0.000ns fall@5.000ns period=10.000ns})
  Destination:            i2c_sda[0]
                            (output port)
  Path Group:             (none)
  Path Type:              Max at Slow Process Corner
  Data Path Delay:        7.998ns  (logic 4.078ns (50.992%)  route 3.920ns (49.008%))
  Logic Levels:           1  (OBUFT=1)
  Clock Uncertainty:      0.152ns  ((TSJ^2 + TIJ^2)^1/2 + DJ) / 2 + PE
    Total System Jitter     (TSJ):    0.050ns
    Total Input Jitter      (TIJ):    0.300ns
    Discrete Jitter          (DJ):    0.000ns
    Phase Error              (PE):    0.000ns

    Location             Delay type                Incr(ns)  Path(ns)    Netlist Resource(s)
  -------------------------------------------------------------------    -------------------
                         (clock clk_fpga_0 rise edge)
                                                      0.000     0.000 r  
    PS7_X0Y0             PS7                          0.000     0.000 r  drone_block_design_i/processing_system7_0/inst/PS7_i/FCLKCLK[0]
                         net (fo=1, routed)           1.193     1.193    drone_block_design_i/processing_system7_0/inst/FCLK_CLK_unbuffered[0]
    BUFGCTRL_X0Y16       BUFG (Prop_bufg_I_O)         0.101     1.294 r  drone_block_design_i/processing_system7_0/inst/buffer_fclk_clk_0.FCLK_CLK_0_BUFG/O
                         net (fo=4104, routed)        1.652     2.946    drone_block_design_i/mpu6050_axis_ip_0/U0/u_i2c_master/clk
    SLICE_X42Y50         FDSE                                         r  drone_block_design_i/mpu6050_axis_ip_0/U0/u_i2c_master/sda_out_reg/C
  -------------------------------------------------------------------    -------------------
    SLICE_X42Y50         FDSE (Prop_fdse_C_Q)         0.518     3.464 f  drone_block_design_i/mpu6050_axis_ip_0/U0/u_i2c_master/sda_out_reg/Q
                         net (fo=2, routed)           3.920     7.384    drone_block_design_i/util_ds_buf_1/U0/USE_IOBUF.GEN_IOBUF[0].IOBUF_I/T
    W18                  OBUFT (TriStatE_obuft_T_O)
                                                      3.560    10.944 r  drone_block_design_i/util_ds_buf_1/U0/USE_IOBUF.GEN_IOBUF[0].IOBUF_I/OBUFT/O
                         net (fo=1, unset)            0.000    10.944    i2c_sda[0]
    W18                                                               r  i2c_sda[0] (INOUT)
  -------------------------------------------------------------------    -------------------

Slack:                    inf
  Source:                 drone_block_design_i/mpu6050_axis_ip_0/U0/u_i2c_master/scl_out_reg/C
                            (rising edge-triggered cell FDSE clocked by clk_fpga_0  {rise@0.000ns fall@5.000ns period=10.000ns})
  Destination:            i2c_scl[0]
                            (output port)
  Path Group:             (none)
  Path Type:              Max at Slow Process Corner
  Data Path Delay:        7.795ns  (logic 4.013ns (51.481%)  route 3.782ns (48.519%))
  Logic Levels:           1  (OBUFT=1)
  Clock Uncertainty:      0.152ns  ((TSJ^2 + TIJ^2)^1/2 + DJ) / 2 + PE
    Total System Jitter     (TSJ):    0.050ns
    Total Input Jitter      (TIJ):    0.300ns
    Discrete Jitter          (DJ):    0.000ns
    Phase Error              (PE):    0.000ns

    Location             Delay type                Incr(ns)  Path(ns)    Netlist Resource(s)
  -------------------------------------------------------------------    -------------------
                         (clock clk_fpga_0 rise edge)
                                                      0.000     0.000 r  
    PS7_X0Y0             PS7                          0.000     0.000 r  drone_block_design_i/processing_system7_0/inst/PS7_i/FCLKCLK[0]
                         net (fo=1, routed)           1.193     1.193    drone_block_design_i/processing_system7_0/inst/FCLK_CLK_unbuffered[0]
    BUFGCTRL_X0Y16       BUFG (Prop_bufg_I_O)         0.101     1.294 r  drone_block_design_i/processing_system7_0/inst/buffer_fclk_clk_0.FCLK_CLK_0_BUFG/O
                         net (fo=4104, routed)        1.652     2.946    drone_block_design_i/mpu6050_axis_ip_0/U0/u_i2c_master/clk
    SLICE_X43Y50         FDSE                                         r  drone_block_design_i/mpu6050_axis_ip_0/U0/u_i2c_master/scl_out_reg/C
  -------------------------------------------------------------------    -------------------
    SLICE_X43Y50         FDSE (Prop_fdse_C_Q)         0.456     3.402 f  drone_block_design_i/mpu6050_axis_ip_0/U0/u_i2c_master/scl_out_reg/Q
                         net (fo=2, routed)           3.782     7.184    drone_block_design_i/util_ds_buf_0/U0/USE_IOBUF.GEN_IOBUF[0].IOBUF_I/T
    W19                  OBUFT (TriStatE_obuft_T_O)
                                                      3.557    10.741 r  drone_block_design_i/util_ds_buf_0/U0/USE_IOBUF.GEN_IOBUF[0].IOBUF_I/OBUFT/O
                         net (fo=1, unset)            0.000    10.741    i2c_scl[0]
    W19                                                               r  i2c_scl[0] (INOUT)
  -------------------------------------------------------------------    -------------------





Min Delay Paths
--------------------------------------------------------------------------------------
Slack:                    inf
  Source:                 drone_block_design_i/mpu6050_axis_ip_0/U0/u_i2c_master/scl_out_reg/C
                            (rising edge-triggered cell FDSE clocked by clk_fpga_0  {rise@0.000ns fall@5.000ns period=10.000ns})
  Destination:            i2c_scl[0]
                            (output port)
  Path Group:             (none)
  Path Type:              Min at Fast Process Corner
  Data Path Delay:        2.637ns  (logic 0.965ns (36.595%)  route 1.672ns (63.406%))
  Logic Levels:           1  (OBUFT=1)
  Clock Uncertainty:      0.152ns  ((TSJ^2 + TIJ^2)^1/2 + DJ) / 2 + PE
    Total System Jitter     (TSJ):    0.050ns
    Total Input Jitter      (TIJ):    0.300ns
    Discrete Jitter          (DJ):    0.000ns
    Phase Error              (PE):    0.000ns

    Location             Delay type                Incr(ns)  Path(ns)    Netlist Resource(s)
  -------------------------------------------------------------------    -------------------
                         (clock clk_fpga_0 rise edge)
                                                      0.000     0.000 r  
    PS7_X0Y0             PS7                          0.000     0.000 r  drone_block_design_i/processing_system7_0/inst/PS7_i/FCLKCLK[0]
                         net (fo=1, routed)           0.310     0.310    drone_block_design_i/processing_system7_0/inst/FCLK_CLK_unbuffered[0]
    BUFGCTRL_X0Y16       BUFG (Prop_bufg_I_O)         0.026     0.336 r  drone_block_design_i/processing_system7_0/inst/buffer_fclk_clk_0.FCLK_CLK_0_BUFG/O
                         net (fo=4104, routed)        0.557     0.893    drone_block_design_i/mpu6050_axis_ip_0/U0/u_i2c_master/clk
    SLICE_X43Y50         FDSE                                         r  drone_block_design_i/mpu6050_axis_ip_0/U0/u_i2c_master/scl_out_reg/C
  -------------------------------------------------------------------    -------------------
    SLICE_X43Y50         FDSE (Prop_fdse_C_Q)         0.141     1.034 r  drone_block_design_i/mpu6050_axis_ip_0/U0/u_i2c_master/scl_out_reg/Q
                         net (fo=2, routed)           1.672     2.706    drone_block_design_i/util_ds_buf_0/U0/USE_IOBUF.GEN_IOBUF[0].IOBUF_I/T
    W19                  OBUFT (TriStatD_obuft_T_O)
                                                      0.824     3.530 r  drone_block_design_i/util_ds_buf_0/U0/USE_IOBUF.GEN_IOBUF[0].IOBUF_I/OBUFT/O
                         net (fo=1, unset)            0.000     3.530    i2c_scl[0]
    W19                                                               r  i2c_scl[0] (INOUT)
  -------------------------------------------------------------------    -------------------

Slack:                    inf
  Source:                 drone_block_design_i/mpu6050_axis_ip_0/U0/u_i2c_master/sda_out_reg/C
                            (rising edge-triggered cell FDSE clocked by clk_fpga_0  {rise@0.000ns fall@5.000ns period=10.000ns})
  Destination:            i2c_sda[0]
                            (output port)
  Path Group:             (none)
  Path Type:              Min at Fast Process Corner
  Data Path Delay:        2.708ns  (logic 0.988ns (36.488%)  route 1.720ns (63.512%))
  Logic Levels:           1  (OBUFT=1)
  Clock Uncertainty:      0.152ns  ((TSJ^2 + TIJ^2)^1/2 + DJ) / 2 + PE
    Total System Jitter     (TSJ):    0.050ns
    Total Input Jitter      (TIJ):    0.300ns
    Discrete Jitter          (DJ):    0.000ns
    Phase Error              (PE):    0.000ns

    Location             Delay type                Incr(ns)  Path(ns)    Netlist Resource(s)
  -------------------------------------------------------------------    -------------------
                         (clock clk_fpga_0 rise edge)
                                                      0.000     0.000 r  
    PS7_X0Y0             PS7                          0.000     0.000 r  drone_block_design_i/processing_system7_0/inst/PS7_i/FCLKCLK[0]
                         net (fo=1, routed)           0.310     0.310    drone_block_design_i/processing_system7_0/inst/FCLK_CLK_unbuffered[0]
    BUFGCTRL_X0Y16       BUFG (Prop_bufg_I_O)         0.026     0.336 r  drone_block_design_i/processing_system7_0/inst/buffer_fclk_clk_0.FCLK_CLK_0_BUFG/O
                         net (fo=4104, routed)        0.557     0.893    drone_block_design_i/mpu6050_axis_ip_0/U0/u_i2c_master/clk
    SLICE_X42Y50         FDSE                                         r  drone_block_design_i/mpu6050_axis_ip_0/U0/u_i2c_master/sda_out_reg/C
  -------------------------------------------------------------------    -------------------
    SLICE_X42Y50         FDSE (Prop_fdse_C_Q)         0.164     1.057 r  drone_block_design_i/mpu6050_axis_ip_0/U0/u_i2c_master/sda_out_reg/Q
                         net (fo=2, routed)           1.720     2.776    drone_block_design_i/util_ds_buf_1/U0/USE_IOBUF.GEN_IOBUF[0].IOBUF_I/T
    W18                  OBUFT (TriStatD_obuft_T_O)
                                                      0.824     3.600 r  drone_block_design_i/util_ds_buf_1/U0/USE_IOBUF.GEN_IOBUF[0].IOBUF_I/OBUFT/O
                         net (fo=1, unset)            0.000     3.600    i2c_sda[0]
    W18                                                               r  i2c_sda[0] (INOUT)
  -------------------------------------------------------------------    -------------------





--------------------------------------------------------------------------------------
Path Group:  (none)
From Clock:  
  To Clock:  clk_fpga_0

Max Delay             9 Endpoints
Min Delay             9 Endpoints
--------------------------------------------------------------------------------------


Max Delay Paths
--------------------------------------------------------------------------------------
Slack:                    inf
  Source:                 i2c_sda[0]
                            (input port)
  Destination:            drone_block_design_i/mpu6050_axis_ip_0/U0/u_i2c_master/shift_reg_reg[7]/D
                            (rising edge-triggered cell FDRE clocked by clk_fpga_0  {rise@0.000ns fall@5.000ns period=10.000ns})
  Path Group:             (none)
  Path Type:              Setup (Max at Slow Process Corner)
  Data Path Delay:        7.455ns  (logic 2.098ns (28.148%)  route 5.356ns (71.852%))
  Logic Levels:           4  (IBUF=1 LUT5=1 LUT6=2)
  Clock Path Skew:        2.674ns (DCD - SCD + CPR)
    Destination Clock Delay (DCD):    2.674ns
    Source Clock Delay      (SCD):    0.000ns
    Clock Pessimism Removal (CPR):    0.000ns
  Clock Uncertainty:      0.152ns  ((TSJ^2 + TIJ^2)^1/2 + DJ) / 2 + PE
    Total System Jitter     (TSJ):    0.050ns
    Total Input Jitter      (TIJ):    0.300ns
    Discrete Jitter          (DJ):    0.000ns
    Phase Error              (PE):    0.000ns

    Location             Delay type                Incr(ns)  Path(ns)    Netlist Resource(s)
  -------------------------------------------------------------------    -------------------
    W18                                               0.000     0.000 r  i2c_sda[0] (INOUT)
                         net (fo=1, unset)            0.000     0.000    drone_block_design_i/util_ds_buf_1/U0/USE_IOBUF.GEN_IOBUF[0].IOBUF_I/IO
    W18                  IBUF (Prop_ibuf_I_O)         1.490     1.490 r  drone_block_design_i/util_ds_buf_1/U0/USE_IOBUF.GEN_IOBUF[0].IOBUF_I/IBUF/O
                         net (fo=6, routed)           3.616     5.107    drone_block_design_i/mpu6050_axis_ip_0/U0/u_i2c_master/sda_i
    SLICE_X43Y47         LUT6 (Prop_lut6_I5_O)        0.124     5.231 r  drone_block_design_i/mpu6050_axis_ip_0/U0/u_i2c_master/shift_reg[6]_i_3/O
                         net (fo=3, routed)           1.010     6.241    drone_block_design_i/mpu6050_axis_ip_0/U0/u_i2c_master/shift_reg[6]_i_3_n_0
    SLICE_X40Y47         LUT5 (Prop_lut5_I4_O)        0.152     6.393 r  drone_block_design_i/mpu6050_axis_ip_0/U0/u_i2c_master/shift_reg[7]_i_2/O
                         net (fo=1, routed)           0.730     7.123    drone_block_design_i/mpu6050_axis_ip_0/U0/u_i2c_master/shift_reg[7]_i_2_n_0
    SLICE_X40Y46         LUT6 (Prop_lut6_I0_O)        0.332     7.455 r  drone_block_design_i/mpu6050_axis_ip_0/U0/u_i2c_master/shift_reg[7]_i_1/O
                         net (fo=1, routed)           0.000     7.455    drone_block_design_i/mpu6050_axis_ip_0/U0/u_i2c_master/shift_reg[7]_i_1_n_0
    SLICE_X40Y46         FDRE                                         r  drone_block_design_i/mpu6050_axis_ip_0/U0/u_i2c_master/shift_reg_reg[7]/D
  -------------------------------------------------------------------    -------------------

                         (clock clk_fpga_0 rise edge)
                                                      0.000     0.000 r  
    PS7_X0Y0             PS7                          0.000     0.000 r  drone_block_design_i/processing_system7_0/inst/PS7_i/FCLKCLK[0]
                         net (fo=1, routed)           1.088     1.088    drone_block_design_i/processing_system7_0/inst/FCLK_CLK_unbuffered[0]
    BUFGCTRL_X0Y16       BUFG (Prop_bufg_I_O)         0.091     1.179 r  drone_block_design_i/processing_system7_0/inst/buffer_fclk_clk_0.FCLK_CLK_0_BUFG/O
                         net (fo=4104, routed)        1.495     2.674    drone_block_design_i/mpu6050_axis_ip_0/U0/u_i2c_master/clk
    SLICE_X40Y46         FDRE                                         r  drone_block_design_i/mpu6050_axis_ip_0/U0/u_i2c_master/shift_reg_reg[7]/C

Slack:                    inf
  Source:                 i2c_sda[0]
                            (input port)
  Destination:            drone_block_design_i/mpu6050_axis_ip_0/U0/u_i2c_master/shift_reg_reg[4]/D
                            (rising edge-triggered cell FDRE clocked by clk_fpga_0  {rise@0.000ns fall@5.000ns period=10.000ns})
  Path Group:             (none)
  Path Type:              Setup (Max at Slow Process Corner)
  Data Path Delay:        6.768ns  (logic 1.862ns (27.516%)  route 4.906ns (72.484%))
  Logic Levels:           4  (IBUF=1 LUT6=3)
  Clock Path Skew:        2.674ns (DCD - SCD + CPR)
    Destination Clock Delay (DCD):    2.674ns
    Source Clock Delay      (SCD):    0.000ns
    Clock Pessimism Removal (CPR):    0.000ns
  Clock Uncertainty:      0.152ns  ((TSJ^2 + TIJ^2)^1/2 + DJ) / 2 + PE
    Total System Jitter     (TSJ):    0.050ns
    Total Input Jitter      (TIJ):    0.300ns
    Discrete Jitter          (DJ):    0.000ns
    Phase Error              (PE):    0.000ns

    Location             Delay type                Incr(ns)  Path(ns)    Netlist Resource(s)
  -------------------------------------------------------------------    -------------------
    W18                                               0.000     0.000 r  i2c_sda[0] (INOUT)
                         net (fo=1, unset)            0.000     0.000    drone_block_design_i/util_ds_buf_1/U0/USE_IOBUF.GEN_IOBUF[0].IOBUF_I/IO
    W18                  IBUF (Prop_ibuf_I_O)         1.490     1.490 r  drone_block_design_i/util_ds_buf_1/U0/USE_IOBUF.GEN_IOBUF[0].IOBUF_I/IBUF/O
                         net (fo=6, routed)           3.616     5.107    drone_block_design_i/mpu6050_axis_ip_0/U0/u_i2c_master/sda_i
    SLICE_X43Y47         LUT6 (Prop_lut6_I5_O)        0.124     5.231 r  drone_block_design_i/mpu6050_axis_ip_0/U0/u_i2c_master/shift_reg[6]_i_3/O
                         net (fo=3, routed)           0.275     5.506    drone_block_design_i/mpu6050_axis_ip_0/U0/u_i2c_master/shift_reg[6]_i_3_n_0
    SLICE_X43Y47         LUT6 (Prop_lut6_I0_O)        0.124     5.630 r  drone_block_design_i/mpu6050_axis_ip_0/U0/u_i2c_master/shift_reg[4]_i_2/O
                         net (fo=1, routed)           1.015     6.644    drone_block_design_i/mpu6050_axis_ip_0/U0/u_i2c_master/shift_reg[4]_i_2_n_0
    SLICE_X40Y46         LUT6 (Prop_lut6_I0_O)        0.124     6.768 r  drone_block_design_i/mpu6050_axis_ip_0/U0/u_i2c_master/shift_reg[4]_i_1/O
                         net (fo=1, routed)           0.000     6.768    drone_block_design_i/mpu6050_axis_ip_0/U0/u_i2c_master/shift_reg[4]_i_1_n_0
    SLICE_X40Y46         FDRE                                         r  drone_block_design_i/mpu6050_axis_ip_0/U0/u_i2c_master/shift_reg_reg[4]/D
  -------------------------------------------------------------------    -------------------

                         (clock clk_fpga_0 rise edge)
                                                      0.000     0.000 r  
    PS7_X0Y0             PS7                          0.000     0.000 r  drone_block_design_i/processing_system7_0/inst/PS7_i/FCLKCLK[0]
                         net (fo=1, routed)           1.088     1.088    drone_block_design_i/processing_system7_0/inst/FCLK_CLK_unbuffered[0]
    BUFGCTRL_X0Y16       BUFG (Prop_bufg_I_O)         0.091     1.179 r  drone_block_design_i/processing_system7_0/inst/buffer_fclk_clk_0.FCLK_CLK_0_BUFG/O
                         net (fo=4104, routed)        1.495     2.674    drone_block_design_i/mpu6050_axis_ip_0/U0/u_i2c_master/clk
    SLICE_X40Y46         FDRE                                         r  drone_block_design_i/mpu6050_axis_ip_0/U0/u_i2c_master/shift_reg_reg[4]/C

Slack:                    inf
  Source:                 i2c_sda[0]
                            (input port)
  Destination:            drone_block_design_i/mpu6050_axis_ip_0/U0/u_i2c_master/shift_reg_reg[0]/D
                            (rising edge-triggered cell FDRE clocked by clk_fpga_0  {rise@0.000ns fall@5.000ns period=10.000ns})
  Path Group:             (none)
  Path Type:              Setup (Max at Slow Process Corner)
  Data Path Delay:        6.560ns  (logic 2.058ns (31.377%)  route 4.502ns (68.623%))
  Logic Levels:           4  (IBUF=1 LUT4=1 LUT5=1 LUT6=1)
  Clock Path Skew:        2.674ns (DCD - SCD + CPR)
    Destination Clock Delay (DCD):    2.674ns
    Source Clock Delay      (SCD):    0.000ns
    Clock Pessimism Removal (CPR):    0.000ns
  Clock Uncertainty:      0.152ns  ((TSJ^2 + TIJ^2)^1/2 + DJ) / 2 + PE
    Total System Jitter     (TSJ):    0.050ns
    Total Input Jitter      (TIJ):    0.300ns
    Discrete Jitter          (DJ):    0.000ns
    Phase Error              (PE):    0.000ns

    Location             Delay type                Incr(ns)  Path(ns)    Netlist Resource(s)
  -------------------------------------------------------------------    -------------------
    W18                                               0.000     0.000 r  i2c_sda[0] (INOUT)
                         net (fo=1, unset)            0.000     0.000    drone_block_design_i/util_ds_buf_1/U0/USE_IOBUF.GEN_IOBUF[0].IOBUF_I/IO
    W18                  IBUF (Prop_ibuf_I_O)         1.490     1.490 r  drone_block_design_i/util_ds_buf_1/U0/USE_IOBUF.GEN_IOBUF[0].IOBUF_I/IBUF/O
                         net (fo=6, routed)           3.060     4.551    drone_block_design_i/mpu6050_axis_ip_0/U0/u_i2c_master/sda_i
    SLICE_X43Y48         LUT4 (Prop_lut4_I0_O)        0.118     4.669 r  drone_block_design_i/mpu6050_axis_ip_0/U0/u_i2c_master/shift_reg[0]_i_3/O
                         net (fo=1, routed)           0.436     5.105    drone_block_design_i/mpu6050_axis_ip_0/U0/u_i2c_master/shift_reg[0]_i_3_n_0
    SLICE_X43Y48         LUT6 (Prop_lut6_I0_O)        0.326     5.431 r  drone_block_design_i/mpu6050_axis_ip_0/U0/u_i2c_master/shift_reg[0]_i_2/O
                         net (fo=1, routed)           1.005     6.436    drone_block_design_i/mpu6050_axis_ip_0/U0/u_i2c_master/shift_reg[0]_i_2_n_0
    SLICE_X42Y46         LUT5 (Prop_lut5_I0_O)        0.124     6.560 r  drone_block_design_i/mpu6050_axis_ip_0/U0/u_i2c_master/shift_reg[0]_i_1/O
                         net (fo=1, routed)           0.000     6.560    drone_block_design_i/mpu6050_axis_ip_0/U0/u_i2c_master/shift_reg[0]_i_1_n_0
    SLICE_X42Y46         FDRE                                         r  drone_block_design_i/mpu6050_axis_ip_0/U0/u_i2c_master/shift_reg_reg[0]/D
  -------------------------------------------------------------------    -------------------

                         (clock clk_fpga_0 rise edge)
                                                      0.000     0.000 r  
    PS7_X0Y0             PS7                          0.000     0.000 r  drone_block_design_i/processing_system7_0/inst/PS7_i/FCLKCLK[0]
                         net (fo=1, routed)           1.088     1.088    drone_block_design_i/processing_system7_0/inst/FCLK_CLK_unbuffered[0]
    BUFGCTRL_X0Y16       BUFG (Prop_bufg_I_O)         0.091     1.179 r  drone_block_design_i/processing_system7_0/inst/buffer_fclk_clk_0.FCLK_CLK_0_BUFG/O
                         net (fo=4104, routed)        1.495     2.674    drone_block_design_i/mpu6050_axis_ip_0/U0/u_i2c_master/clk
    SLICE_X42Y46         FDRE                                         r  drone_block_design_i/mpu6050_axis_ip_0/U0/u_i2c_master/shift_reg_reg[0]/C

Slack:                    inf
  Source:                 i2c_sda[0]
                            (input port)
  Destination:            drone_block_design_i/mpu6050_axis_ip_0/U0/u_i2c_master/shift_reg_reg[6]/D
                            (rising edge-triggered cell FDRE clocked by clk_fpga_0  {rise@0.000ns fall@5.000ns period=10.000ns})
  Path Group:             (none)
  Path Type:              Setup (Max at Slow Process Corner)
  Data Path Delay:        6.167ns  (logic 1.738ns (28.190%)  route 4.428ns (71.810%))
  Logic Levels:           3  (IBUF=1 LUT6=2)
  Clock Path Skew:        2.675ns (DCD - SCD + CPR)
    Destination Clock Delay (DCD):    2.675ns
    Source Clock Delay      (SCD):    0.000ns
    Clock Pessimism Removal (CPR):    0.000ns
  Clock Uncertainty:      0.152ns  ((TSJ^2 + TIJ^2)^1/2 + DJ) / 2 + PE
    Total System Jitter     (TSJ):    0.050ns
    Total Input Jitter      (TIJ):    0.300ns
    Discrete Jitter          (DJ):    0.000ns
    Phase Error              (PE):    0.000ns

    Location             Delay type                Incr(ns)  Path(ns)    Netlist Resource(s)
  -------------------------------------------------------------------    -------------------
    W18                                               0.000     0.000 r  i2c_sda[0] (INOUT)
                         net (fo=1, unset)            0.000     0.000    drone_block_design_i/util_ds_buf_1/U0/USE_IOBUF.GEN_IOBUF[0].IOBUF_I/IO
    W18                  IBUF (Prop_ibuf_I_O)         1.490     1.490 r  drone_block_design_i/util_ds_buf_1/U0/USE_IOBUF.GEN_IOBUF[0].IOBUF_I/IBUF/O
                         net (fo=6, routed)           3.616     5.107    drone_block_design_i/mpu6050_axis_ip_0/U0/u_i2c_master/sda_i
    SLICE_X43Y47         LUT6 (Prop_lut6_I5_O)        0.124     5.231 r  drone_block_design_i/mpu6050_axis_ip_0/U0/u_i2c_master/shift_reg[6]_i_3/O
                         net (fo=3, routed)           0.812     6.043    drone_block_design_i/mpu6050_axis_ip_0/U0/u_i2c_master/shift_reg[6]_i_3_n_0
    SLICE_X41Y47         LUT6 (Prop_lut6_I3_O)        0.124     6.167 r  drone_block_design_i/mpu6050_axis_ip_0/U0/u_i2c_master/shift_reg[6]_i_1/O
                         net (fo=1, routed)           0.000     6.167    drone_block_design_i/mpu6050_axis_ip_0/U0/u_i2c_master/shift_reg[6]_i_1_n_0
    SLICE_X41Y47         FDRE                                         r  drone_block_design_i/mpu6050_axis_ip_0/U0/u_i2c_master/shift_reg_reg[6]/D
  -------------------------------------------------------------------    -------------------

                         (clock clk_fpga_0 rise edge)
                                                      0.000     0.000 r  
    PS7_X0Y0             PS7                          0.000     0.000 r  drone_block_design_i/processing_system7_0/inst/PS7_i/FCLKCLK[0]
                         net (fo=1, routed)           1.088     1.088    drone_block_design_i/processing_system7_0/inst/FCLK_CLK_unbuffered[0]
    BUFGCTRL_X0Y16       BUFG (Prop_bufg_I_O)         0.091     1.179 r  drone_block_design_i/processing_system7_0/inst/buffer_fclk_clk_0.FCLK_CLK_0_BUFG/O
                         net (fo=4104, routed)        1.496     2.675    drone_block_design_i/mpu6050_axis_ip_0/U0/u_i2c_master/clk
    SLICE_X41Y47         FDRE                                         r  drone_block_design_i/mpu6050_axis_ip_0/U0/u_i2c_master/shift_reg_reg[6]/C

Slack:                    inf
  Source:                 i2c_sda[0]
                            (input port)
  Destination:            drone_block_design_i/mpu6050_axis_ip_0/U0/u_i2c_master/shift_reg_reg[2]/D
                            (rising edge-triggered cell FDRE clocked by clk_fpga_0  {rise@0.000ns fall@5.000ns period=10.000ns})
  Path Group:             (none)
  Path Type:              Setup (Max at Slow Process Corner)
  Data Path Delay:        6.098ns  (logic 1.738ns (28.508%)  route 4.359ns (71.492%))
  Logic Levels:           3  (IBUF=1 LUT6=2)
  Clock Path Skew:        2.674ns (DCD - SCD + CPR)
    Destination Clock Delay (DCD):    2.674ns
    Source Clock Delay      (SCD):    0.000ns
    Clock Pessimism Removal (CPR):    0.000ns
  Clock Uncertainty:      0.152ns  ((TSJ^2 + TIJ^2)^1/2 + DJ) / 2 + PE
    Total System Jitter     (TSJ):    0.050ns
    Total Input Jitter      (TIJ):    0.300ns
    Discrete Jitter          (DJ):    0.000ns
    Phase Error              (PE):    0.000ns

    Location             Delay type                Incr(ns)  Path(ns)    Netlist Resource(s)
  -------------------------------------------------------------------    -------------------
    W18                                               0.000     0.000 r  i2c_sda[0] (INOUT)
                         net (fo=1, unset)            0.000     0.000    drone_block_design_i/util_ds_buf_1/U0/USE_IOBUF.GEN_IOBUF[0].IOBUF_I/IO
    W18                  IBUF (Prop_ibuf_I_O)         1.490     1.490 r  drone_block_design_i/util_ds_buf_1/U0/USE_IOBUF.GEN_IOBUF[0].IOBUF_I/IBUF/O
                         net (fo=6, routed)           3.773     5.263    drone_block_design_i/mpu6050_axis_ip_0/U0/u_i2c_master/sda_i
    SLICE_X42Y47         LUT6 (Prop_lut6_I1_O)        0.124     5.387 r  drone_block_design_i/mpu6050_axis_ip_0/U0/u_i2c_master/shift_reg[2]_i_2/O
                         net (fo=1, routed)           0.586     5.974    drone_block_design_i/mpu6050_axis_ip_0/U0/u_i2c_master/shift_reg[2]_i_2_n_0
    SLICE_X40Y46         LUT6 (Prop_lut6_I0_O)        0.124     6.098 r  drone_block_design_i/mpu6050_axis_ip_0/U0/u_i2c_master/shift_reg[2]_i_1/O
                         net (fo=1, routed)           0.000     6.098    drone_block_design_i/mpu6050_axis_ip_0/U0/u_i2c_master/shift_reg[2]_i_1_n_0
    SLICE_X40Y46         FDRE                                         r  drone_block_design_i/mpu6050_axis_ip_0/U0/u_i2c_master/shift_reg_reg[2]/D
  -------------------------------------------------------------------    -------------------

                         (clock clk_fpga_0 rise edge)
                                                      0.000     0.000 r  
    PS7_X0Y0             PS7                          0.000     0.000 r  drone_block_design_i/processing_system7_0/inst/PS7_i/FCLKCLK[0]
                         net (fo=1, routed)           1.088     1.088    drone_block_design_i/processing_system7_0/inst/FCLK_CLK_unbuffered[0]
    BUFGCTRL_X0Y16       BUFG (Prop_bufg_I_O)         0.091     1.179 r  drone_block_design_i/processing_system7_0/inst/buffer_fclk_clk_0.FCLK_CLK_0_BUFG/O
                         net (fo=4104, routed)        1.495     2.674    drone_block_design_i/mpu6050_axis_ip_0/U0/u_i2c_master/clk
    SLICE_X40Y46         FDRE                                         r  drone_block_design_i/mpu6050_axis_ip_0/U0/u_i2c_master/shift_reg_reg[2]/C

Slack:                    inf
  Source:                 i2c_sda[0]
                            (input port)
  Destination:            drone_block_design_i/mpu6050_axis_ip_0/U0/u_i2c_master/shift_reg_reg[1]/D
                            (rising edge-triggered cell FDRE clocked by clk_fpga_0  {rise@0.000ns fall@5.000ns period=10.000ns})
  Path Group:             (none)
  Path Type:              Setup (Max at Slow Process Corner)
  Data Path Delay:        5.879ns  (logic 1.738ns (29.567%)  route 4.141ns (70.433%))
  Logic Levels:           3  (IBUF=1 LUT6=2)
  Clock Path Skew:        2.674ns (DCD - SCD + CPR)
    Destination Clock Delay (DCD):    2.674ns
    Source Clock Delay      (SCD):    0.000ns
    Clock Pessimism Removal (CPR):    0.000ns
  Clock Uncertainty:      0.152ns  ((TSJ^2 + TIJ^2)^1/2 + DJ) / 2 + PE
    Total System Jitter     (TSJ):    0.050ns
    Total Input Jitter      (TIJ):    0.300ns
    Discrete Jitter          (DJ):    0.000ns
    Phase Error              (PE):    0.000ns

    Location             Delay type                Incr(ns)  Path(ns)    Netlist Resource(s)
  -------------------------------------------------------------------    -------------------
    W18                                               0.000     0.000 r  i2c_sda[0] (INOUT)
                         net (fo=1, unset)            0.000     0.000    drone_block_design_i/util_ds_buf_1/U0/USE_IOBUF.GEN_IOBUF[0].IOBUF_I/IO
    W18                  IBUF (Prop_ibuf_I_O)         1.490     1.490 r  drone_block_design_i/util_ds_buf_1/U0/USE_IOBUF.GEN_IOBUF[0].IOBUF_I/IBUF/O
                         net (fo=6, routed)           3.551     5.041    drone_block_design_i/mpu6050_axis_ip_0/U0/u_i2c_master/sda_i
    SLICE_X43Y47         LUT6 (Prop_lut6_I1_O)        0.124     5.165 r  drone_block_design_i/mpu6050_axis_ip_0/U0/u_i2c_master/shift_reg[1]_i_2/O
                         net (fo=1, routed)           0.590     5.755    drone_block_design_i/mpu6050_axis_ip_0/U0/u_i2c_master/shift_reg[1]_i_2_n_0
    SLICE_X42Y46         LUT6 (Prop_lut6_I0_O)        0.124     5.879 r  drone_block_design_i/mpu6050_axis_ip_0/U0/u_i2c_master/shift_reg[1]_i_1/O
                         net (fo=1, routed)           0.000     5.879    drone_block_design_i/mpu6050_axis_ip_0/U0/u_i2c_master/shift_reg[1]_i_1_n_0
    SLICE_X42Y46         FDRE                                         r  drone_block_design_i/mpu6050_axis_ip_0/U0/u_i2c_master/shift_reg_reg[1]/D
  -------------------------------------------------------------------    -------------------

                         (clock clk_fpga_0 rise edge)
                                                      0.000     0.000 r  
    PS7_X0Y0             PS7                          0.000     0.000 r  drone_block_design_i/processing_system7_0/inst/PS7_i/FCLKCLK[0]
                         net (fo=1, routed)           1.088     1.088    drone_block_design_i/processing_system7_0/inst/FCLK_CLK_unbuffered[0]
    BUFGCTRL_X0Y16       BUFG (Prop_bufg_I_O)         0.091     1.179 r  drone_block_design_i/processing_system7_0/inst/buffer_fclk_clk_0.FCLK_CLK_0_BUFG/O
                         net (fo=4104, routed)        1.495     2.674    drone_block_design_i/mpu6050_axis_ip_0/U0/u_i2c_master/clk
    SLICE_X42Y46         FDRE                                         r  drone_block_design_i/mpu6050_axis_ip_0/U0/u_i2c_master/shift_reg_reg[1]/C

Slack:                    inf
  Source:                 i2c_sda[0]
                            (input port)
  Destination:            drone_block_design_i/mpu6050_axis_ip_0/U0/u_i2c_master/shift_reg_reg[5]/D
                            (rising edge-triggered cell FDRE clocked by clk_fpga_0  {rise@0.000ns fall@5.000ns period=10.000ns})
  Path Group:             (none)
  Path Type:              Setup (Max at Slow Process Corner)
  Data Path Delay:        5.535ns  (logic 1.738ns (31.408%)  route 3.796ns (68.592%))
  Logic Levels:           3  (IBUF=1 LUT6=2)
  Clock Path Skew:        2.674ns (DCD - SCD + CPR)
    Destination Clock Delay (DCD):    2.674ns
    Source Clock Delay      (SCD):    0.000ns
    Clock Pessimism Removal (CPR):    0.000ns
  Clock Uncertainty:      0.152ns  ((TSJ^2 + TIJ^2)^1/2 + DJ) / 2 + PE
    Total System Jitter     (TSJ):    0.050ns
    Total Input Jitter      (TIJ):    0.300ns
    Discrete Jitter          (DJ):    0.000ns
    Phase Error              (PE):    0.000ns

    Location             Delay type                Incr(ns)  Path(ns)    Netlist Resource(s)
  -------------------------------------------------------------------    -------------------
    W18                                               0.000     0.000 r  i2c_sda[0] (INOUT)
                         net (fo=1, unset)            0.000     0.000    drone_block_design_i/util_ds_buf_1/U0/USE_IOBUF.GEN_IOBUF[0].IOBUF_I/IO
    W18                  IBUF (Prop_ibuf_I_O)         1.490     1.490 r  drone_block_design_i/util_ds_buf_1/U0/USE_IOBUF.GEN_IOBUF[0].IOBUF_I/IBUF/O
                         net (fo=6, routed)           3.129     4.620    drone_block_design_i/mpu6050_axis_ip_0/U0/u_i2c_master/sda_i
    SLICE_X42Y47         LUT6 (Prop_lut6_I1_O)        0.124     4.744 r  drone_block_design_i/mpu6050_axis_ip_0/U0/u_i2c_master/shift_reg[5]_i_2/O
                         net (fo=1, routed)           0.667     5.411    drone_block_design_i/mpu6050_axis_ip_0/U0/u_i2c_master/shift_reg[5]_i_2_n_0
    SLICE_X42Y46         LUT6 (Prop_lut6_I0_O)        0.124     5.535 r  drone_block_design_i/mpu6050_axis_ip_0/U0/u_i2c_master/shift_reg[5]_i_1/O
                         net (fo=1, routed)           0.000     5.535    drone_block_design_i/mpu6050_axis_ip_0/U0/u_i2c_master/shift_reg[5]_i_1_n_0
    SLICE_X42Y46         FDRE                                         r  drone_block_design_i/mpu6050_axis_ip_0/U0/u_i2c_master/shift_reg_reg[5]/D
  -------------------------------------------------------------------    -------------------

                         (clock clk_fpga_0 rise edge)
                                                      0.000     0.000 r  
    PS7_X0Y0             PS7                          0.000     0.000 r  drone_block_design_i/processing_system7_0/inst/PS7_i/FCLKCLK[0]
                         net (fo=1, routed)           1.088     1.088    drone_block_design_i/processing_system7_0/inst/FCLK_CLK_unbuffered[0]
    BUFGCTRL_X0Y16       BUFG (Prop_bufg_I_O)         0.091     1.179 r  drone_block_design_i/processing_system7_0/inst/buffer_fclk_clk_0.FCLK_CLK_0_BUFG/O
                         net (fo=4104, routed)        1.495     2.674    drone_block_design_i/mpu6050_axis_ip_0/U0/u_i2c_master/clk
    SLICE_X42Y46         FDRE                                         r  drone_block_design_i/mpu6050_axis_ip_0/U0/u_i2c_master/shift_reg_reg[5]/C

Slack:                    inf
  Source:                 i2c_sda[0]
                            (input port)
  Destination:            drone_block_design_i/mpu6050_axis_ip_0/U0/u_i2c_master/shift_reg_reg[3]/D
                            (rising edge-triggered cell FDRE clocked by clk_fpga_0  {rise@0.000ns fall@5.000ns period=10.000ns})
  Path Group:             (none)
  Path Type:              Setup (Max at Slow Process Corner)
  Data Path Delay:        5.448ns  (logic 1.738ns (31.910%)  route 3.709ns (68.090%))
  Logic Levels:           3  (IBUF=1 LUT6=2)
  Clock Path Skew:        2.674ns (DCD - SCD + CPR)
    Destination Clock Delay (DCD):    2.674ns
    Source Clock Delay      (SCD):    0.000ns
    Clock Pessimism Removal (CPR):    0.000ns
  Clock Uncertainty:      0.152ns  ((TSJ^2 + TIJ^2)^1/2 + DJ) / 2 + PE
    Total System Jitter     (TSJ):    0.050ns
    Total Input Jitter      (TIJ):    0.300ns
    Discrete Jitter          (DJ):    0.000ns
    Phase Error              (PE):    0.000ns

    Location             Delay type                Incr(ns)  Path(ns)    Netlist Resource(s)
  -------------------------------------------------------------------    -------------------
    W18                                               0.000     0.000 r  i2c_sda[0] (INOUT)
                         net (fo=1, unset)            0.000     0.000    drone_block_design_i/util_ds_buf_1/U0/USE_IOBUF.GEN_IOBUF[0].IOBUF_I/IO
    W18                  IBUF (Prop_ibuf_I_O)         1.490     1.490 r  drone_block_design_i/util_ds_buf_1/U0/USE_IOBUF.GEN_IOBUF[0].IOBUF_I/IBUF/O
                         net (fo=6, routed)           3.119     4.610    drone_block_design_i/mpu6050_axis_ip_0/U0/u_i2c_master/sda_i
    SLICE_X42Y47         LUT6 (Prop_lut6_I1_O)        0.124     4.734 r  drone_block_design_i/mpu6050_axis_ip_0/U0/u_i2c_master/shift_reg[3]_i_2/O
                         net (fo=1, routed)           0.590     5.324    drone_block_design_i/mpu6050_axis_ip_0/U0/u_i2c_master/shift_reg[3]_i_2_n_0
    SLICE_X42Y46         LUT6 (Prop_lut6_I0_O)        0.124     5.448 r  drone_block_design_i/mpu6050_axis_ip_0/U0/u_i2c_master/shift_reg[3]_i_1/O
                         net (fo=1, routed)           0.000     5.448    drone_block_design_i/mpu6050_axis_ip_0/U0/u_i2c_master/shift_reg[3]_i_1_n_0
    SLICE_X42Y46         FDRE                                         r  drone_block_design_i/mpu6050_axis_ip_0/U0/u_i2c_master/shift_reg_reg[3]/D
  -------------------------------------------------------------------    -------------------

                         (clock clk_fpga_0 rise edge)
                                                      0.000     0.000 r  
    PS7_X0Y0             PS7                          0.000     0.000 r  drone_block_design_i/processing_system7_0/inst/PS7_i/FCLKCLK[0]
                         net (fo=1, routed)           1.088     1.088    drone_block_design_i/processing_system7_0/inst/FCLK_CLK_unbuffered[0]
    BUFGCTRL_X0Y16       BUFG (Prop_bufg_I_O)         0.091     1.179 r  drone_block_design_i/processing_system7_0/inst/buffer_fclk_clk_0.FCLK_CLK_0_BUFG/O
                         net (fo=4104, routed)        1.495     2.674    drone_block_design_i/mpu6050_axis_ip_0/U0/u_i2c_master/clk
    SLICE_X42Y46         FDRE                                         r  drone_block_design_i/mpu6050_axis_ip_0/U0/u_i2c_master/shift_reg_reg[3]/C

Slack:                    inf
  Source:                 mpu_int_0
                            (input port)
  Destination:            drone_block_design_i/mpu6050_axis_ip_0/U0/mpu_int_m_reg/D
                            (rising edge-triggered cell FDRE clocked by clk_fpga_0  {rise@0.000ns fall@5.000ns period=10.000ns})
  Path Group:             (none)
  Path Type:              Setup (Max at Slow Process Corner)
  Data Path Delay:        5.147ns  (logic 1.525ns (29.625%)  route 3.622ns (70.375%))
  Logic Levels:           1  (IBUF=1)
  Clock Path Skew:        2.673ns (DCD - SCD + CPR)
    Destination Clock Delay (DCD):    2.673ns
    Source Clock Delay      (SCD):    0.000ns
    Clock Pessimism Removal (CPR):    0.000ns
  Clock Uncertainty:      0.152ns  ((TSJ^2 + TIJ^2)^1/2 + DJ) / 2 + PE
    Total System Jitter     (TSJ):    0.050ns
    Total Input Jitter      (TIJ):    0.300ns
    Discrete Jitter          (DJ):    0.000ns
    Phase Error              (PE):    0.000ns

    Location             Delay type                Incr(ns)  Path(ns)    Netlist Resource(s)
  -------------------------------------------------------------------    -------------------
    Y18                                               0.000     0.000 r  mpu_int_0 (IN)
                         net (fo=0)                   0.000     0.000    mpu_int_0
    Y18                  IBUF (Prop_ibuf_I_O)         1.525     1.525 r  mpu_int_0_IBUF_inst/O
                         net (fo=1, routed)           3.622     5.147    drone_block_design_i/mpu6050_axis_ip_0/U0/mpu_int
    SLICE_X48Y48         FDRE                                         r  drone_block_design_i/mpu6050_axis_ip_0/U0/mpu_int_m_reg/D
  -------------------------------------------------------------------    -------------------

                         (clock clk_fpga_0 rise edge)
                                                      0.000     0.000 r  
    PS7_X0Y0             PS7                          0.000     0.000 r  drone_block_design_i/processing_system7_0/inst/PS7_i/FCLKCLK[0]
                         net (fo=1, routed)           1.088     1.088    drone_block_design_i/processing_system7_0/inst/FCLK_CLK_unbuffered[0]
    BUFGCTRL_X0Y16       BUFG (Prop_bufg_I_O)         0.091     1.179 r  drone_block_design_i/processing_system7_0/inst/buffer_fclk_clk_0.FCLK_CLK_0_BUFG/O
                         net (fo=4104, routed)        1.494     2.673    drone_block_design_i/mpu6050_axis_ip_0/U0/clk
    SLICE_X48Y48         FDRE                                         r  drone_block_design_i/mpu6050_axis_ip_0/U0/mpu_int_m_reg/C





Min Delay Paths
--------------------------------------------------------------------------------------
Slack:                    inf
  Source:                 mpu_int_0
                            (input port)
  Destination:            drone_block_design_i/mpu6050_axis_ip_0/U0/mpu_int_m_reg/D
                            (rising edge-triggered cell FDRE clocked by clk_fpga_0  {rise@0.000ns fall@5.000ns period=10.000ns})
  Path Group:             (none)
  Path Type:              Hold (Min at Fast Process Corner)
  Data Path Delay:        1.879ns  (logic 0.292ns (15.544%)  route 1.587ns (84.456%))
  Logic Levels:           1  (IBUF=1)
  Clock Path Skew:        1.196ns (DCD - SCD - CPR)
    Destination Clock Delay (DCD):    1.196ns
    Source Clock Delay      (SCD):    0.000ns
    Clock Pessimism Removal (CPR):    -0.000ns

    Location             Delay type                Incr(ns)  Path(ns)    Netlist Resource(s)
  -------------------------------------------------------------------    -------------------
    Y18                                               0.000     0.000 r  mpu_int_0 (IN)
                         net (fo=0)                   0.000     0.000    mpu_int_0
    Y18                  IBUF (Prop_ibuf_I_O)         0.292     0.292 r  mpu_int_0_IBUF_inst/O
                         net (fo=1, routed)           1.587     1.879    drone_block_design_i/mpu6050_axis_ip_0/U0/mpu_int
    SLICE_X48Y48         FDRE                                         r  drone_block_design_i/mpu6050_axis_ip_0/U0/mpu_int_m_reg/D
  -------------------------------------------------------------------    -------------------

                         (clock clk_fpga_0 rise edge)
                                                      0.000     0.000 r  
    PS7_X0Y0             PS7                          0.000     0.000 r  drone_block_design_i/processing_system7_0/inst/PS7_i/FCLKCLK[0]
                         net (fo=1, routed)           0.337     0.337    drone_block_design_i/processing_system7_0/inst/FCLK_CLK_unbuffered[0]
    BUFGCTRL_X0Y16       BUFG (Prop_bufg_I_O)         0.029     0.366 r  drone_block_design_i/processing_system7_0/inst/buffer_fclk_clk_0.FCLK_CLK_0_BUFG/O
                         net (fo=4104, routed)        0.830     1.196    drone_block_design_i/mpu6050_axis_ip_0/U0/clk
    SLICE_X48Y48         FDRE                                         r  drone_block_design_i/mpu6050_axis_ip_0/U0/mpu_int_m_reg/C

Slack:                    inf
  Source:                 i2c_sda[0]
                            (input port)
  Destination:            drone_block_design_i/mpu6050_axis_ip_0/U0/u_i2c_master/shift_reg_reg[5]/D
                            (rising edge-triggered cell FDRE clocked by clk_fpga_0  {rise@0.000ns fall@5.000ns period=10.000ns})
  Path Group:             (none)
  Path Type:              Hold (Min at Fast Process Corner)
  Data Path Delay:        2.038ns  (logic 0.348ns (17.084%)  route 1.689ns (82.916%))
  Logic Levels:           3  (IBUF=1 LUT6=2)
  Clock Path Skew:        1.195ns (DCD - SCD - CPR)
    Destination Clock Delay (DCD):    1.195ns
    Source Clock Delay      (SCD):    0.000ns
    Clock Pessimism Removal (CPR):    -0.000ns

    Location             Delay type                Incr(ns)  Path(ns)    Netlist Resource(s)
  -------------------------------------------------------------------    -------------------
    W18                                               0.000     0.000 r  i2c_sda[0] (INOUT)
                         net (fo=1, unset)            0.000     0.000    drone_block_design_i/util_ds_buf_1/U0/USE_IOBUF.GEN_IOBUF[0].IOBUF_I/IO
    W18                  IBUF (Prop_ibuf_I_O)         0.258     0.258 r  drone_block_design_i/util_ds_buf_1/U0/USE_IOBUF.GEN_IOBUF[0].IOBUF_I/IBUF/O
                         net (fo=6, routed)           1.498     1.756    drone_block_design_i/mpu6050_axis_ip_0/U0/u_i2c_master/sda_i
    SLICE_X42Y47         LUT6 (Prop_lut6_I1_O)        0.045     1.801 r  drone_block_design_i/mpu6050_axis_ip_0/U0/u_i2c_master/shift_reg[5]_i_2/O
                         net (fo=1, routed)           0.191     1.993    drone_block_design_i/mpu6050_axis_ip_0/U0/u_i2c_master/shift_reg[5]_i_2_n_0
    SLICE_X42Y46         LUT6 (Prop_lut6_I0_O)        0.045     2.038 r  drone_block_design_i/mpu6050_axis_ip_0/U0/u_i2c_master/shift_reg[5]_i_1/O
                         net (fo=1, routed)           0.000     2.038    drone_block_design_i/mpu6050_axis_ip_0/U0/u_i2c_master/shift_reg[5]_i_1_n_0
    SLICE_X42Y46         FDRE                                         r  drone_block_design_i/mpu6050_axis_ip_0/U0/u_i2c_master/shift_reg_reg[5]/D
  -------------------------------------------------------------------    -------------------

                         (clock clk_fpga_0 rise edge)
                                                      0.000     0.000 r  
    PS7_X0Y0             PS7                          0.000     0.000 r  drone_block_design_i/processing_system7_0/inst/PS7_i/FCLKCLK[0]
                         net (fo=1, routed)           0.337     0.337    drone_block_design_i/processing_system7_0/inst/FCLK_CLK_unbuffered[0]
    BUFGCTRL_X0Y16       BUFG (Prop_bufg_I_O)         0.029     0.366 r  drone_block_design_i/processing_system7_0/inst/buffer_fclk_clk_0.FCLK_CLK_0_BUFG/O
                         net (fo=4104, routed)        0.829     1.195    drone_block_design_i/mpu6050_axis_ip_0/U0/u_i2c_master/clk
    SLICE_X42Y46         FDRE                                         r  drone_block_design_i/mpu6050_axis_ip_0/U0/u_i2c_master/shift_reg_reg[5]/C

Slack:                    inf
  Source:                 i2c_sda[0]
                            (input port)
  Destination:            drone_block_design_i/mpu6050_axis_ip_0/U0/u_i2c_master/shift_reg_reg[3]/D
                            (rising edge-triggered cell FDRE clocked by clk_fpga_0  {rise@0.000ns fall@5.000ns period=10.000ns})
  Path Group:             (none)
  Path Type:              Hold (Min at Fast Process Corner)
  Data Path Delay:        2.040ns  (logic 0.348ns (17.060%)  route 1.692ns (82.940%))
  Logic Levels:           3  (IBUF=1 LUT6=2)
  Clock Path Skew:        1.195ns (DCD - SCD - CPR)
    Destination Clock Delay (DCD):    1.195ns
    Source Clock Delay      (SCD):    0.000ns
    Clock Pessimism Removal (CPR):    -0.000ns

    Location             Delay type                Incr(ns)  Path(ns)    Netlist Resource(s)
  -------------------------------------------------------------------    -------------------
    W18                                               0.000     0.000 r  i2c_sda[0] (INOUT)
                         net (fo=1, unset)            0.000     0.000    drone_block_design_i/util_ds_buf_1/U0/USE_IOBUF.GEN_IOBUF[0].IOBUF_I/IO
    W18                  IBUF (Prop_ibuf_I_O)         0.258     0.258 r  drone_block_design_i/util_ds_buf_1/U0/USE_IOBUF.GEN_IOBUF[0].IOBUF_I/IBUF/O
                         net (fo=6, routed)           1.500     1.758    drone_block_design_i/mpu6050_axis_ip_0/U0/u_i2c_master/sda_i
    SLICE_X42Y47         LUT6 (Prop_lut6_I1_O)        0.045     1.803 r  drone_block_design_i/mpu6050_axis_ip_0/U0/u_i2c_master/shift_reg[3]_i_2/O
                         net (fo=1, routed)           0.192     1.995    drone_block_design_i/mpu6050_axis_ip_0/U0/u_i2c_master/shift_reg[3]_i_2_n_0
    SLICE_X42Y46         LUT6 (Prop_lut6_I0_O)        0.045     2.040 r  drone_block_design_i/mpu6050_axis_ip_0/U0/u_i2c_master/shift_reg[3]_i_1/O
                         net (fo=1, routed)           0.000     2.040    drone_block_design_i/mpu6050_axis_ip_0/U0/u_i2c_master/shift_reg[3]_i_1_n_0
    SLICE_X42Y46         FDRE                                         r  drone_block_design_i/mpu6050_axis_ip_0/U0/u_i2c_master/shift_reg_reg[3]/D
  -------------------------------------------------------------------    -------------------

                         (clock clk_fpga_0 rise edge)
                                                      0.000     0.000 r  
    PS7_X0Y0             PS7                          0.000     0.000 r  drone_block_design_i/processing_system7_0/inst/PS7_i/FCLKCLK[0]
                         net (fo=1, routed)           0.337     0.337    drone_block_design_i/processing_system7_0/inst/FCLK_CLK_unbuffered[0]
    BUFGCTRL_X0Y16       BUFG (Prop_bufg_I_O)         0.029     0.366 r  drone_block_design_i/processing_system7_0/inst/buffer_fclk_clk_0.FCLK_CLK_0_BUFG/O
                         net (fo=4104, routed)        0.829     1.195    drone_block_design_i/mpu6050_axis_ip_0/U0/u_i2c_master/clk
    SLICE_X42Y46         FDRE                                         r  drone_block_design_i/mpu6050_axis_ip_0/U0/u_i2c_master/shift_reg_reg[3]/C

Slack:                    inf
  Source:                 i2c_sda[0]
                            (input port)
  Destination:            drone_block_design_i/mpu6050_axis_ip_0/U0/u_i2c_master/shift_reg_reg[1]/D
                            (rising edge-triggered cell FDRE clocked by clk_fpga_0  {rise@0.000ns fall@5.000ns period=10.000ns})
  Path Group:             (none)
  Path Type:              Hold (Min at Fast Process Corner)
  Data Path Delay:        2.152ns  (logic 0.348ns (16.174%)  route 1.804ns (83.826%))
  Logic Levels:           3  (IBUF=1 LUT6=2)
  Clock Path Skew:        1.195ns (DCD - SCD - CPR)
    Destination Clock Delay (DCD):    1.195ns
    Source Clock Delay      (SCD):    0.000ns
    Clock Pessimism Removal (CPR):    -0.000ns

    Location             Delay type                Incr(ns)  Path(ns)    Netlist Resource(s)
  -------------------------------------------------------------------    -------------------
    W18                                               0.000     0.000 r  i2c_sda[0] (INOUT)
                         net (fo=1, unset)            0.000     0.000    drone_block_design_i/util_ds_buf_1/U0/USE_IOBUF.GEN_IOBUF[0].IOBUF_I/IO
    W18                  IBUF (Prop_ibuf_I_O)         0.258     0.258 r  drone_block_design_i/util_ds_buf_1/U0/USE_IOBUF.GEN_IOBUF[0].IOBUF_I/IBUF/O
                         net (fo=6, routed)           1.611     1.869    drone_block_design_i/mpu6050_axis_ip_0/U0/u_i2c_master/sda_i
    SLICE_X43Y47         LUT6 (Prop_lut6_I1_O)        0.045     1.914 r  drone_block_design_i/mpu6050_axis_ip_0/U0/u_i2c_master/shift_reg[1]_i_2/O
                         net (fo=1, routed)           0.193     2.107    drone_block_design_i/mpu6050_axis_ip_0/U0/u_i2c_master/shift_reg[1]_i_2_n_0
    SLICE_X42Y46         LUT6 (Prop_lut6_I0_O)        0.045     2.152 r  drone_block_design_i/mpu6050_axis_ip_0/U0/u_i2c_master/shift_reg[1]_i_1/O
                         net (fo=1, routed)           0.000     2.152    drone_block_design_i/mpu6050_axis_ip_0/U0/u_i2c_master/shift_reg[1]_i_1_n_0
    SLICE_X42Y46         FDRE                                         r  drone_block_design_i/mpu6050_axis_ip_0/U0/u_i2c_master/shift_reg_reg[1]/D
  -------------------------------------------------------------------    -------------------

                         (clock clk_fpga_0 rise edge)
                                                      0.000     0.000 r  
    PS7_X0Y0             PS7                          0.000     0.000 r  drone_block_design_i/processing_system7_0/inst/PS7_i/FCLKCLK[0]
                         net (fo=1, routed)           0.337     0.337    drone_block_design_i/processing_system7_0/inst/FCLK_CLK_unbuffered[0]
    BUFGCTRL_X0Y16       BUFG (Prop_bufg_I_O)         0.029     0.366 r  drone_block_design_i/processing_system7_0/inst/buffer_fclk_clk_0.FCLK_CLK_0_BUFG/O
                         net (fo=4104, routed)        0.829     1.195    drone_block_design_i/mpu6050_axis_ip_0/U0/u_i2c_master/clk
    SLICE_X42Y46         FDRE                                         r  drone_block_design_i/mpu6050_axis_ip_0/U0/u_i2c_master/shift_reg_reg[1]/C

Slack:                    inf
  Source:                 i2c_sda[0]
                            (input port)
  Destination:            drone_block_design_i/mpu6050_axis_ip_0/U0/u_i2c_master/shift_reg_reg[2]/D
                            (rising edge-triggered cell FDRE clocked by clk_fpga_0  {rise@0.000ns fall@5.000ns period=10.000ns})
  Path Group:             (none)
  Path Type:              Hold (Min at Fast Process Corner)
  Data Path Delay:        2.235ns  (logic 0.348ns (15.578%)  route 1.886ns (84.422%))
  Logic Levels:           3  (IBUF=1 LUT6=2)
  Clock Path Skew:        1.195ns (DCD - SCD - CPR)
    Destination Clock Delay (DCD):    1.195ns
    Source Clock Delay      (SCD):    0.000ns
    Clock Pessimism Removal (CPR):    -0.000ns

    Location             Delay type                Incr(ns)  Path(ns)    Netlist Resource(s)
  -------------------------------------------------------------------    -------------------
    W18                                               0.000     0.000 r  i2c_sda[0] (INOUT)
                         net (fo=1, unset)            0.000     0.000    drone_block_design_i/util_ds_buf_1/U0/USE_IOBUF.GEN_IOBUF[0].IOBUF_I/IO
    W18                  IBUF (Prop_ibuf_I_O)         0.258     0.258 r  drone_block_design_i/util_ds_buf_1/U0/USE_IOBUF.GEN_IOBUF[0].IOBUF_I/IBUF/O
                         net (fo=6, routed)           1.697     1.955    drone_block_design_i/mpu6050_axis_ip_0/U0/u_i2c_master/sda_i
    SLICE_X42Y47         LUT6 (Prop_lut6_I1_O)        0.045     2.000 r  drone_block_design_i/mpu6050_axis_ip_0/U0/u_i2c_master/shift_reg[2]_i_2/O
                         net (fo=1, routed)           0.189     2.190    drone_block_design_i/mpu6050_axis_ip_0/U0/u_i2c_master/shift_reg[2]_i_2_n_0
    SLICE_X40Y46         LUT6 (Prop_lut6_I0_O)        0.045     2.235 r  drone_block_design_i/mpu6050_axis_ip_0/U0/u_i2c_master/shift_reg[2]_i_1/O
                         net (fo=1, routed)           0.000     2.235    drone_block_design_i/mpu6050_axis_ip_0/U0/u_i2c_master/shift_reg[2]_i_1_n_0
    SLICE_X40Y46         FDRE                                         r  drone_block_design_i/mpu6050_axis_ip_0/U0/u_i2c_master/shift_reg_reg[2]/D
  -------------------------------------------------------------------    -------------------

                         (clock clk_fpga_0 rise edge)
                                                      0.000     0.000 r  
    PS7_X0Y0             PS7                          0.000     0.000 r  drone_block_design_i/processing_system7_0/inst/PS7_i/FCLKCLK[0]
                         net (fo=1, routed)           0.337     0.337    drone_block_design_i/processing_system7_0/inst/FCLK_CLK_unbuffered[0]
    BUFGCTRL_X0Y16       BUFG (Prop_bufg_I_O)         0.029     0.366 r  drone_block_design_i/processing_system7_0/inst/buffer_fclk_clk_0.FCLK_CLK_0_BUFG/O
                         net (fo=4104, routed)        0.829     1.195    drone_block_design_i/mpu6050_axis_ip_0/U0/u_i2c_master/clk
    SLICE_X40Y46         FDRE                                         r  drone_block_design_i/mpu6050_axis_ip_0/U0/u_i2c_master/shift_reg_reg[2]/C

Slack:                    inf
  Source:                 i2c_sda[0]
                            (input port)
  Destination:            drone_block_design_i/mpu6050_axis_ip_0/U0/u_i2c_master/shift_reg_reg[6]/D
                            (rising edge-triggered cell FDRE clocked by clk_fpga_0  {rise@0.000ns fall@5.000ns period=10.000ns})
  Path Group:             (none)
  Path Type:              Hold (Min at Fast Process Corner)
  Data Path Delay:        2.298ns  (logic 0.348ns (15.145%)  route 1.950ns (84.855%))
  Logic Levels:           3  (IBUF=1 LUT6=2)
  Clock Path Skew:        1.196ns (DCD - SCD - CPR)
    Destination Clock Delay (DCD):    1.196ns
    Source Clock Delay      (SCD):    0.000ns
    Clock Pessimism Removal (CPR):    -0.000ns

    Location             Delay type                Incr(ns)  Path(ns)    Netlist Resource(s)
  -------------------------------------------------------------------    -------------------
    W18                                               0.000     0.000 r  i2c_sda[0] (INOUT)
                         net (fo=1, unset)            0.000     0.000    drone_block_design_i/util_ds_buf_1/U0/USE_IOBUF.GEN_IOBUF[0].IOBUF_I/IO
    W18                  IBUF (Prop_ibuf_I_O)         0.258     0.258 r  drone_block_design_i/util_ds_buf_1/U0/USE_IOBUF.GEN_IOBUF[0].IOBUF_I/IBUF/O
                         net (fo=6, routed)           1.666     1.924    drone_block_design_i/mpu6050_axis_ip_0/U0/u_i2c_master/sda_i
    SLICE_X43Y47         LUT6 (Prop_lut6_I5_O)        0.045     1.969 r  drone_block_design_i/mpu6050_axis_ip_0/U0/u_i2c_master/shift_reg[6]_i_3/O
                         net (fo=3, routed)           0.284     2.253    drone_block_design_i/mpu6050_axis_ip_0/U0/u_i2c_master/shift_reg[6]_i_3_n_0
    SLICE_X41Y47         LUT6 (Prop_lut6_I3_O)        0.045     2.298 r  drone_block_design_i/mpu6050_axis_ip_0/U0/u_i2c_master/shift_reg[6]_i_1/O
                         net (fo=1, routed)           0.000     2.298    drone_block_design_i/mpu6050_axis_ip_0/U0/u_i2c_master/shift_reg[6]_i_1_n_0
    SLICE_X41Y47         FDRE                                         r  drone_block_design_i/mpu6050_axis_ip_0/U0/u_i2c_master/shift_reg_reg[6]/D
  -------------------------------------------------------------------    -------------------

                         (clock clk_fpga_0 rise edge)
                                                      0.000     0.000 r  
    PS7_X0Y0             PS7                          0.000     0.000 r  drone_block_design_i/processing_system7_0/inst/PS7_i/FCLKCLK[0]
                         net (fo=1, routed)           0.337     0.337    drone_block_design_i/processing_system7_0/inst/FCLK_CLK_unbuffered[0]
    BUFGCTRL_X0Y16       BUFG (Prop_bufg_I_O)         0.029     0.366 r  drone_block_design_i/processing_system7_0/inst/buffer_fclk_clk_0.FCLK_CLK_0_BUFG/O
                         net (fo=4104, routed)        0.830     1.196    drone_block_design_i/mpu6050_axis_ip_0/U0/u_i2c_master/clk
    SLICE_X41Y47         FDRE                                         r  drone_block_design_i/mpu6050_axis_ip_0/U0/u_i2c_master/shift_reg_reg[6]/C

Slack:                    inf
  Source:                 i2c_sda[0]
                            (input port)
  Destination:            drone_block_design_i/mpu6050_axis_ip_0/U0/u_i2c_master/shift_reg_reg[0]/D
                            (rising edge-triggered cell FDRE clocked by clk_fpga_0  {rise@0.000ns fall@5.000ns period=10.000ns})
  Path Group:             (none)
  Path Type:              Hold (Min at Fast Process Corner)
  Data Path Delay:        2.400ns  (logic 0.458ns (19.089%)  route 1.942ns (80.911%))
  Logic Levels:           4  (IBUF=1 LUT4=1 LUT5=1 LUT6=1)
  Clock Path Skew:        1.195ns (DCD - SCD - CPR)
    Destination Clock Delay (DCD):    1.195ns
    Source Clock Delay      (SCD):    0.000ns
    Clock Pessimism Removal (CPR):    -0.000ns

    Location             Delay type                Incr(ns)  Path(ns)    Netlist Resource(s)
  -------------------------------------------------------------------    -------------------
    W18                                               0.000     0.000 r  i2c_sda[0] (INOUT)
                         net (fo=1, unset)            0.000     0.000    drone_block_design_i/util_ds_buf_1/U0/USE_IOBUF.GEN_IOBUF[0].IOBUF_I/IO
    W18                  IBUF (Prop_ibuf_I_O)         0.258     0.258 r  drone_block_design_i/util_ds_buf_1/U0/USE_IOBUF.GEN_IOBUF[0].IOBUF_I/IBUF/O
                         net (fo=6, routed)           1.455     1.713    drone_block_design_i/mpu6050_axis_ip_0/U0/u_i2c_master/sda_i
    SLICE_X43Y48         LUT4 (Prop_lut4_I0_O)        0.048     1.761 r  drone_block_design_i/mpu6050_axis_ip_0/U0/u_i2c_master/shift_reg[0]_i_3/O
                         net (fo=1, routed)           0.140     1.902    drone_block_design_i/mpu6050_axis_ip_0/U0/u_i2c_master/shift_reg[0]_i_3_n_0
    SLICE_X43Y48         LUT6 (Prop_lut6_I0_O)        0.107     2.009 r  drone_block_design_i/mpu6050_axis_ip_0/U0/u_i2c_master/shift_reg[0]_i_2/O
                         net (fo=1, routed)           0.346     2.355    drone_block_design_i/mpu6050_axis_ip_0/U0/u_i2c_master/shift_reg[0]_i_2_n_0
    SLICE_X42Y46         LUT5 (Prop_lut5_I0_O)        0.045     2.400 r  drone_block_design_i/mpu6050_axis_ip_0/U0/u_i2c_master/shift_reg[0]_i_1/O
                         net (fo=1, routed)           0.000     2.400    drone_block_design_i/mpu6050_axis_ip_0/U0/u_i2c_master/shift_reg[0]_i_1_n_0
    SLICE_X42Y46         FDRE                                         r  drone_block_design_i/mpu6050_axis_ip_0/U0/u_i2c_master/shift_reg_reg[0]/D
  -------------------------------------------------------------------    -------------------

                         (clock clk_fpga_0 rise edge)
                                                      0.000     0.000 r  
    PS7_X0Y0             PS7                          0.000     0.000 r  drone_block_design_i/processing_system7_0/inst/PS7_i/FCLKCLK[0]
                         net (fo=1, routed)           0.337     0.337    drone_block_design_i/processing_system7_0/inst/FCLK_CLK_unbuffered[0]
    BUFGCTRL_X0Y16       BUFG (Prop_bufg_I_O)         0.029     0.366 r  drone_block_design_i/processing_system7_0/inst/buffer_fclk_clk_0.FCLK_CLK_0_BUFG/O
                         net (fo=4104, routed)        0.829     1.195    drone_block_design_i/mpu6050_axis_ip_0/U0/u_i2c_master/clk
    SLICE_X42Y46         FDRE                                         r  drone_block_design_i/mpu6050_axis_ip_0/U0/u_i2c_master/shift_reg_reg[0]/C

Slack:                    inf
  Source:                 i2c_sda[0]
                            (input port)
  Destination:            drone_block_design_i/mpu6050_axis_ip_0/U0/u_i2c_master/shift_reg_reg[4]/D
                            (rising edge-triggered cell FDRE clocked by clk_fpga_0  {rise@0.000ns fall@5.000ns period=10.000ns})
  Path Group:             (none)
  Path Type:              Hold (Min at Fast Process Corner)
  Data Path Delay:        2.492ns  (logic 0.393ns (15.775%)  route 2.099ns (84.225%))
  Logic Levels:           4  (IBUF=1 LUT6=3)
  Clock Path Skew:        1.195ns (DCD - SCD - CPR)
    Destination Clock Delay (DCD):    1.195ns
    Source Clock Delay      (SCD):    0.000ns
    Clock Pessimism Removal (CPR):    -0.000ns

    Location             Delay type                Incr(ns)  Path(ns)    Netlist Resource(s)
  -------------------------------------------------------------------    -------------------
    W18                                               0.000     0.000 r  i2c_sda[0] (INOUT)
                         net (fo=1, unset)            0.000     0.000    drone_block_design_i/util_ds_buf_1/U0/USE_IOBUF.GEN_IOBUF[0].IOBUF_I/IO
    W18                  IBUF (Prop_ibuf_I_O)         0.258     0.258 r  drone_block_design_i/util_ds_buf_1/U0/USE_IOBUF.GEN_IOBUF[0].IOBUF_I/IBUF/O
                         net (fo=6, routed)           1.666     1.924    drone_block_design_i/mpu6050_axis_ip_0/U0/u_i2c_master/sda_i
    SLICE_X43Y47         LUT6 (Prop_lut6_I5_O)        0.045     1.969 r  drone_block_design_i/mpu6050_axis_ip_0/U0/u_i2c_master/shift_reg[6]_i_3/O
                         net (fo=3, routed)           0.094     2.063    drone_block_design_i/mpu6050_axis_ip_0/U0/u_i2c_master/shift_reg[6]_i_3_n_0
    SLICE_X43Y47         LUT6 (Prop_lut6_I0_O)        0.045     2.108 r  drone_block_design_i/mpu6050_axis_ip_0/U0/u_i2c_master/shift_reg[4]_i_2/O
                         net (fo=1, routed)           0.339     2.447    drone_block_design_i/mpu6050_axis_ip_0/U0/u_i2c_master/shift_reg[4]_i_2_n_0
    SLICE_X40Y46         LUT6 (Prop_lut6_I0_O)        0.045     2.492 r  drone_block_design_i/mpu6050_axis_ip_0/U0/u_i2c_master/shift_reg[4]_i_1/O
                         net (fo=1, routed)           0.000     2.492    drone_block_design_i/mpu6050_axis_ip_0/U0/u_i2c_master/shift_reg[4]_i_1_n_0
    SLICE_X40Y46         FDRE                                         r  drone_block_design_i/mpu6050_axis_ip_0/U0/u_i2c_master/shift_reg_reg[4]/D
  -------------------------------------------------------------------    -------------------

                         (clock clk_fpga_0 rise edge)
                                                      0.000     0.000 r  
    PS7_X0Y0             PS7                          0.000     0.000 r  drone_block_design_i/processing_system7_0/inst/PS7_i/FCLKCLK[0]
                         net (fo=1, routed)           0.337     0.337    drone_block_design_i/processing_system7_0/inst/FCLK_CLK_unbuffered[0]
    BUFGCTRL_X0Y16       BUFG (Prop_bufg_I_O)         0.029     0.366 r  drone_block_design_i/processing_system7_0/inst/buffer_fclk_clk_0.FCLK_CLK_0_BUFG/O
                         net (fo=4104, routed)        0.829     1.195    drone_block_design_i/mpu6050_axis_ip_0/U0/u_i2c_master/clk
    SLICE_X40Y46         FDRE                                         r  drone_block_design_i/mpu6050_axis_ip_0/U0/u_i2c_master/shift_reg_reg[4]/C

Slack:                    inf
  Source:                 i2c_sda[0]
                            (input port)
  Destination:            drone_block_design_i/mpu6050_axis_ip_0/U0/u_i2c_master/shift_reg_reg[7]/D
                            (rising edge-triggered cell FDRE clocked by clk_fpga_0  {rise@0.000ns fall@5.000ns period=10.000ns})
  Path Group:             (none)
  Path Type:              Hold (Min at Fast Process Corner)
  Data Path Delay:        2.734ns  (logic 0.460ns (16.825%)  route 2.274ns (83.175%))
  Logic Levels:           4  (IBUF=1 LUT5=1 LUT6=2)
  Clock Path Skew:        1.195ns (DCD - SCD - CPR)
    Destination Clock Delay (DCD):    1.195ns
    Source Clock Delay      (SCD):    0.000ns
    Clock Pessimism Removal (CPR):    -0.000ns

    Location             Delay type                Incr(ns)  Path(ns)    Netlist Resource(s)
  -------------------------------------------------------------------    -------------------
    W18                                               0.000     0.000 r  i2c_sda[0] (INOUT)
                         net (fo=1, unset)            0.000     0.000    drone_block_design_i/util_ds_buf_1/U0/USE_IOBUF.GEN_IOBUF[0].IOBUF_I/IO
    W18                  IBUF (Prop_ibuf_I_O)         0.258     0.258 r  drone_block_design_i/util_ds_buf_1/U0/USE_IOBUF.GEN_IOBUF[0].IOBUF_I/IBUF/O
                         net (fo=6, routed)           1.666     1.924    drone_block_design_i/mpu6050_axis_ip_0/U0/u_i2c_master/sda_i
    SLICE_X43Y47         LUT6 (Prop_lut6_I5_O)        0.045     1.969 r  drone_block_design_i/mpu6050_axis_ip_0/U0/u_i2c_master/shift_reg[6]_i_3/O
                         net (fo=3, routed)           0.344     2.314    drone_block_design_i/mpu6050_axis_ip_0/U0/u_i2c_master/shift_reg[6]_i_3_n_0
    SLICE_X40Y47         LUT5 (Prop_lut5_I4_O)        0.045     2.359 r  drone_block_design_i/mpu6050_axis_ip_0/U0/u_i2c_master/shift_reg[7]_i_2/O
                         net (fo=1, routed)           0.264     2.622    drone_block_design_i/mpu6050_axis_ip_0/U0/u_i2c_master/shift_reg[7]_i_2_n_0
    SLICE_X40Y46         LUT6 (Prop_lut6_I0_O)        0.112     2.734 r  drone_block_design_i/mpu6050_axis_ip_0/U0/u_i2c_master/shift_reg[7]_i_1/O
                         net (fo=1, routed)           0.000     2.734    drone_block_design_i/mpu6050_axis_ip_0/U0/u_i2c_master/shift_reg[7]_i_1_n_0
    SLICE_X40Y46         FDRE                                         r  drone_block_design_i/mpu6050_axis_ip_0/U0/u_i2c_master/shift_reg_reg[7]/D
  -------------------------------------------------------------------    -------------------

                         (clock clk_fpga_0 rise edge)
                                                      0.000     0.000 r  
    PS7_X0Y0             PS7                          0.000     0.000 r  drone_block_design_i/processing_system7_0/inst/PS7_i/FCLKCLK[0]
                         net (fo=1, routed)           0.337     0.337    drone_block_design_i/processing_system7_0/inst/FCLK_CLK_unbuffered[0]
    BUFGCTRL_X0Y16       BUFG (Prop_bufg_I_O)         0.029     0.366 r  drone_block_design_i/processing_system7_0/inst/buffer_fclk_clk_0.FCLK_CLK_0_BUFG/O
                         net (fo=4104, routed)        0.829     1.195    drone_block_design_i/mpu6050_axis_ip_0/U0/u_i2c_master/clk
    SLICE_X40Y46         FDRE                                         r  drone_block_design_i/mpu6050_axis_ip_0/U0/u_i2c_master/shift_reg_reg[7]/C





