

================================================================
== Vitis HLS Report for 'hardware_pid_engine'
================================================================
* Date:           Thu May  7 15:44:04 2026

* Version:        2025.2 (Build 6295257 on Nov 14 2025)
* Project:        pid_controller
* Solution:       hls (Vivado IP Flow Target)
* Product family: zynq
* Target device:  xc7z020-clg400-1


================================================================
== Performance Estimates
================================================================
+ Timing: 
    * Summary: 
    +--------+----------+----------+------------+
    |  Clock |  Target  | Estimated| Uncertainty|
    +--------+----------+----------+------------+
    |ap_clk  |  10.00 ns|  6.923 ns|     2.70 ns|
    +--------+----------+----------+------------+

+ Latency: 
    * Summary: 
    +---------+---------+-----------+----------+-----+-----+---------+
    |  Latency (cycles) |  Latency (absolute)  |  Interval | Pipeline|
    |   min   |   max   |    min    |    max   | min | max |   Type  |
    +---------+---------+-----------+----------+-----+-----+---------+
    |        8|       60|  80.000 ns|  0.600 us|    9|   61|       no|
    +---------+---------+-----------+----------+-----+-----+---------+

    + Detail: 
        * Instance: 
        N/A

        * Loop: 
        N/A



================================================================
== Utilization Estimates
================================================================
* Summary: 
+-----------------+---------+-----+--------+-------+-----+
|       Name      | BRAM_18K| DSP |   FF   |  LUT  | URAM|
+-----------------+---------+-----+--------+-------+-----+
|DSP              |        -|    -|       -|      -|    -|
|Expression       |        -|    -|       0|    966|    -|
|FIFO             |        -|    -|       -|      -|    -|
|Instance         |        0|   24|    3316|   2295|    -|
|Memory           |        -|    -|       -|      -|    -|
|Multiplexer      |        -|    -|       0|    412|    -|
|Register         |        -|    -|    1169|      -|    -|
+-----------------+---------+-----+--------+-------+-----+
|Total            |        0|   24|    4485|   3673|    0|
+-----------------+---------+-----+--------+-------+-----+
|Available        |      280|  220|  106400|  53200|    0|
+-----------------+---------+-----+--------+-------+-----+
|Utilization (%)  |        0|   10|       4|      6|    0|
+-----------------+---------+-----+--------+-------+-----+

+ Detail: 
    * Instance: 
    +------------------------------+---------------------------+---------+----+-----+-----+-----+
    |           Instance           |           Module          | BRAM_18K| DSP|  FF | LUT | URAM|
    +------------------------------+---------------------------+---------+----+-----+-----+-----+
    |CTRL_BUS_s_axi_U              |CTRL_BUS_s_axi             |        0|   0|  568|  936|    0|
    |mul_32s_32s_48_2_1_U1         |mul_32s_32s_48_2_1         |        0|   4|  165|   50|    0|
    |mul_32s_32s_48_2_1_U2         |mul_32s_32s_48_2_1         |        0|   4|  165|   50|    0|
    |mul_32s_32s_48_2_1_U3         |mul_32s_32s_48_2_1         |        0|   4|  165|   50|    0|
    |mul_32s_32s_48_2_1_U4         |mul_32s_32s_48_2_1         |        0|   4|  165|   50|    0|
    |mul_32s_32s_48_2_1_U5         |mul_32s_32s_48_2_1         |        0|   4|  165|   50|    0|
    |mul_32s_32s_48_2_1_U6         |mul_32s_32s_48_2_1         |        0|   4|  165|   50|    0|
    |sdiv_48ns_32s_32_52_seq_1_U7  |sdiv_48ns_32s_32_52_seq_1  |        0|   0|  586|  353|    0|
    |sdiv_48ns_32s_32_52_seq_1_U8  |sdiv_48ns_32s_32_52_seq_1  |        0|   0|  586|  353|    0|
    |sdiv_48ns_32s_32_52_seq_1_U9  |sdiv_48ns_32s_32_52_seq_1  |        0|   0|  586|  353|    0|
    +------------------------------+---------------------------+---------+----+-----+-----+-----+
    |Total                         |                           |        0|  24| 3316| 2295|    0|
    +------------------------------+---------------------------+---------+----+-----+-----+-----+

    * DSP: 
    N/A

    * Memory: 
    N/A

    * FIFO: 
    N/A

    * Expression: 
    +-----------------------+----------+----+---+----+------------+------------+
    |     Variable Name     | Operation| DSP| FF| LUT| Bitwidth P0| Bitwidth P1|
    +-----------------------+----------+----+---+----+------------+------------+
    |add_ln20_1_fu_444_p2   |         +|   0|  0|  39|          32|          32|
    |add_ln20_2_fu_460_p2   |         +|   0|  0|  39|          32|          32|
    |add_ln20_fu_428_p2     |         +|   0|  0|  39|          32|          32|
    |add_ln26_2_fu_562_p2   |         +|   0|  0|  32|          32|          32|
    |add_ln26_4_fu_578_p2   |         +|   0|  0|  32|          32|          32|
    |add_ln26_fu_546_p2     |         +|   0|  0|  32|          32|          32|
    |out_12_fu_567_p2       |         +|   0|  0|  32|          32|          32|
    |out_9_fu_551_p2        |         +|   0|  0|  32|          32|          32|
    |out_fu_583_p2          |         +|   0|  0|  32|          32|          32|
    |diff_1_fu_346_p2       |         -|   0|  0|  39|          32|          32|
    |diff_2_fu_419_p2       |         -|   0|  0|  39|          32|          32|
    |diff_fu_327_p2         |         -|   0|  0|  39|          32|          32|
    |err_1_fu_294_p2        |         -|   0|  0|  39|          32|          32|
    |err_2_fu_300_p2        |         -|   0|  0|  39|          32|          32|
    |err_fu_288_p2          |         -|   0|  0|  39|          32|          32|
    |icmp_ln23_fu_402_p2    |      icmp|   0|  0|  39|          32|           1|
    |icmp_ln28_1_fu_572_p2  |      icmp|   0|  0|  39|          32|          17|
    |icmp_ln28_2_fu_588_p2  |      icmp|   0|  0|  39|          32|          17|
    |icmp_ln28_fu_556_p2    |      icmp|   0|  0|  39|          32|          17|
    |icmp_ln29_1_fu_633_p2  |      icmp|   0|  0|  39|          32|          18|
    |icmp_ln29_2_fu_662_p2  |      icmp|   0|  0|  39|          32|          18|
    |icmp_ln29_fu_604_p2    |      icmp|   0|  0|  39|          32|          18|
    |out_10_fu_594_p3       |    select|   0|  0|  32|           1|          17|
    |out_11_fu_610_p3       |    select|   0|  0|  18|           1|          18|
    |out_13_fu_623_p3       |    select|   0|  0|  32|           1|          17|
    |out_14_fu_639_p3       |    select|   0|  0|  18|           1|          18|
    |out_7_fu_652_p3        |    select|   0|  0|  32|           1|          17|
    |out_8_fu_668_p3        |    select|   0|  0|  18|           1|          18|
    +-----------------------+----------+----+---+----+------------+------------+
    |Total                  |          |   0|  0| 966|         710|         691|
    +-----------------------+----------+----+---+----+------------+------------+

    * Multiplexer: 
    +--------------------+-----+-----------+-----+-----------+
    |        Name        | LUT | Input Size| Bits| Total Bits|
    +--------------------+-----+-----------+-----+-----------+
    |D_reg_211           |    9|          2|   32|         64|
    |ap_NS_fsm           |  265|         62|    1|         62|
    |cond_i2773_reg_189  |    9|          2|   32|         64|
    |cond_i6971_reg_200  |    9|          2|   32|         64|
    |grp_fu_222_p0       |   20|          4|   32|        128|
    |grp_fu_222_p1       |   20|          4|   32|        128|
    |grp_fu_226_p0       |   20|          4|   32|        128|
    |grp_fu_226_p1       |   20|          4|   32|        128|
    |grp_fu_230_p0       |   20|          4|   32|        128|
    |grp_fu_230_p1       |   20|          4|   32|        128|
    +--------------------+-----+-----------+-----+-----------+
    |Total               |  412|         92|  289|       1022|
    +--------------------+-----+-----------+-----+-----------+

    * Register: 
    +---------------------+----+----+-----+-----------+
    |         Name        | FF | LUT| Bits| Const Bits|
    +---------------------+----+----+-----+-----------+
    |D_reg_211            |  32|   0|   32|          0|
    |P_1_reg_770          |  32|   0|   32|          0|
    |P_2_reg_780          |  32|   0|   32|          0|
    |P_reg_765            |  32|   0|   32|          0|
    |a_assign_1_reg_775   |  32|   0|   32|          0|
    |a_assign_2_reg_785   |  32|   0|   32|          0|
    |add_ln20_1_reg_829   |  32|   0|   32|          0|
    |add_ln20_2_reg_834   |  32|   0|   32|          0|
    |add_ln20_reg_824     |  32|   0|   32|          0|
    |ap_CS_fsm            |  61|   0|   61|          0|
    |cond_i2773_reg_189   |  32|   0|   32|          0|
    |cond_i6971_reg_200   |  32|   0|   32|          0|
    |diff_1_reg_754       |  32|   0|   32|          0|
    |diff_2_reg_819       |  32|   0|   32|          0|
    |diff_reg_743         |  32|   0|   32|          0|
    |dt_read_reg_681      |  32|   0|   32|          0|
    |err_1_reg_709        |  32|   0|   32|          0|
    |err_2_reg_716        |  32|   0|   32|          0|
    |err_reg_702          |  32|   0|   32|          0|
    |icmp_ln23_reg_805    |   1|   0|    1|          0|
    |icmp_ln28_1_reg_906  |   1|   0|    1|          0|
    |icmp_ln28_2_reg_916  |   1|   0|    1|          0|
    |icmp_ln28_reg_896    |   1|   0|    1|          0|
    |kd_read_reg_687      |  32|   0|   32|          0|
    |ki_read_reg_692      |  32|   0|   32|          0|
    |kp_read_reg_697      |  32|   0|   32|          0|
    |out_12_reg_901       |  32|   0|   32|          0|
    |out_9_reg_891        |  32|   0|   32|          0|
    |out_reg_911          |  32|   0|   32|          0|
    |pitch_st_integ       |  32|   0|   32|          0|
    |pitch_st_last_err    |  32|   0|   32|          0|
    |reg_276              |  32|   0|   32|          0|
    |reg_280              |  32|   0|   32|          0|
    |reg_284              |  32|   0|   32|          0|
    |roll_st_integ        |  32|   0|   32|          0|
    |roll_st_last_err     |  32|   0|   32|          0|
    |sext_ln7_4_reg_795   |  48|   0|   48|          0|
    |yaw_st_integ         |  32|   0|   32|          0|
    |yaw_st_last_err      |  32|   0|   32|          0|
    +---------------------+----+----+-----+-----------+
    |Total                |1169|   0| 1169|          0|
    +---------------------+----+----+-----+-----------+



================================================================
== Interface
================================================================
* Summary: 
+------------------------+-----+-----+------------+---------------------+--------------+
|        RTL Ports       | Dir | Bits|  Protocol  |    Source Object    |    C Type    |
+------------------------+-----+-----+------------+---------------------+--------------+
|s_axi_CTRL_BUS_AWVALID  |   in|    1|       s_axi|             CTRL_BUS|       pointer|
|s_axi_CTRL_BUS_AWREADY  |  out|    1|       s_axi|             CTRL_BUS|       pointer|
|s_axi_CTRL_BUS_AWADDR   |   in|    8|       s_axi|             CTRL_BUS|       pointer|
|s_axi_CTRL_BUS_WVALID   |   in|    1|       s_axi|             CTRL_BUS|       pointer|
|s_axi_CTRL_BUS_WREADY   |  out|    1|       s_axi|             CTRL_BUS|       pointer|
|s_axi_CTRL_BUS_WDATA    |   in|   32|       s_axi|             CTRL_BUS|       pointer|
|s_axi_CTRL_BUS_WSTRB    |   in|    4|       s_axi|             CTRL_BUS|       pointer|
|s_axi_CTRL_BUS_ARVALID  |   in|    1|       s_axi|             CTRL_BUS|       pointer|
|s_axi_CTRL_BUS_ARREADY  |  out|    1|       s_axi|             CTRL_BUS|       pointer|
|s_axi_CTRL_BUS_ARADDR   |   in|    8|       s_axi|             CTRL_BUS|       pointer|
|s_axi_CTRL_BUS_RVALID   |  out|    1|       s_axi|             CTRL_BUS|       pointer|
|s_axi_CTRL_BUS_RREADY   |   in|    1|       s_axi|             CTRL_BUS|       pointer|
|s_axi_CTRL_BUS_RDATA    |  out|   32|       s_axi|             CTRL_BUS|       pointer|
|s_axi_CTRL_BUS_RRESP    |  out|    2|       s_axi|             CTRL_BUS|       pointer|
|s_axi_CTRL_BUS_BVALID   |  out|    1|       s_axi|             CTRL_BUS|       pointer|
|s_axi_CTRL_BUS_BREADY   |   in|    1|       s_axi|             CTRL_BUS|       pointer|
|s_axi_CTRL_BUS_BRESP    |  out|    2|       s_axi|             CTRL_BUS|       pointer|
|ap_clk                  |   in|    1|  ap_ctrl_hs|  hardware_pid_engine|  return value|
|ap_rst_n                |   in|    1|  ap_ctrl_hs|  hardware_pid_engine|  return value|
|interrupt               |  out|    1|  ap_ctrl_hs|  hardware_pid_engine|  return value|
+------------------------+-----+-----+------------+---------------------+--------------+

============================================================
+ Verbose Summary: Synthesis Manager
============================================================
InlineROM: 1
ExposeGlobal: 0
============================================================
+ Verbose Summary: CDFG Model
============================================================
IsTopModel: 1
ResetActiveHigh: 1
IsCombinational: 2
IsDatapathOnly: 2
HasWiredReturn: 1
HasMFsm: 0
HasVarLatency: 1
IsPipeline: 0
IsRtlPipelined: 0
IsInstanceOverlapped: 0
IsDontTouch: 0
HasImplIP: 0
IsGatedGlobalClock: 0


============================================================
+ Verbose Summary: Schedule
============================================================
* Number of FSM states : 61
* Pipeline : 0
* Dataflow Pipeline: 0

* FSM state transitions: 
1 --> 2 
2 --> 3 
3 --> 4 
4 --> 5 
5 --> 6 
6 --> 7 59 
7 --> 8 
8 --> 9 
9 --> 10 
10 --> 11 
11 --> 12 
12 --> 13 
13 --> 14 
14 --> 15 
15 --> 16 
16 --> 17 
17 --> 18 
18 --> 19 
19 --> 20 
20 --> 21 
21 --> 22 
22 --> 23 
23 --> 24 
24 --> 25 
25 --> 26 
26 --> 27 
27 --> 28 
28 --> 29 
29 --> 30 
30 --> 31 
31 --> 32 
32 --> 33 
33 --> 34 
34 --> 35 
35 --> 36 
36 --> 37 
37 --> 38 
38 --> 39 
39 --> 40 
40 --> 41 
41 --> 42 
42 --> 43 
43 --> 44 
44 --> 45 
45 --> 46 
46 --> 47 
47 --> 48 
48 --> 49 
49 --> 50 
50 --> 51 
51 --> 52 
52 --> 53 
53 --> 54 
54 --> 55 
55 --> 56 
56 --> 57 
57 --> 58 
58 --> 59 
59 --> 60 
60 --> 61 
61 --> 

* FSM state operations: 

State 1 <SV = 0> <Delay = 3.55>
ST_1 : Operation 62 [1/1] (1.00ns)   --->   "%dt_read = read i32 @_ssdm_op_Read.s_axilite.i32, i32 %dt" [pid.cpp:36]   --->   Operation 62 'read' 'dt_read' <Predicate = true> <Delay = 1.00> <CoreInst = "s_axilite">   --->   Core 112 's_axilite' <Latency = 0> <II = 1> <Delay = 1.00> <Adapter> <Opcode : 'read' 'write'>
ST_1 : Operation 63 [1/1] (1.00ns)   --->   "%kd_read = read i32 @_ssdm_op_Read.s_axilite.i32, i32 %kd" [pid.cpp:36]   --->   Operation 63 'read' 'kd_read' <Predicate = true> <Delay = 1.00> <CoreInst = "s_axilite">   --->   Core 112 's_axilite' <Latency = 0> <II = 1> <Delay = 1.00> <Adapter> <Opcode : 'read' 'write'>
ST_1 : Operation 64 [1/1] (1.00ns)   --->   "%ki_read = read i32 @_ssdm_op_Read.s_axilite.i32, i32 %ki" [pid.cpp:36]   --->   Operation 64 'read' 'ki_read' <Predicate = true> <Delay = 1.00> <CoreInst = "s_axilite">   --->   Core 112 's_axilite' <Latency = 0> <II = 1> <Delay = 1.00> <Adapter> <Opcode : 'read' 'write'>
ST_1 : Operation 65 [1/1] (1.00ns)   --->   "%kp_read = read i32 @_ssdm_op_Read.s_axilite.i32, i32 %kp" [pid.cpp:36]   --->   Operation 65 'read' 'kp_read' <Predicate = true> <Delay = 1.00> <CoreInst = "s_axilite">   --->   Core 112 's_axilite' <Latency = 0> <II = 1> <Delay = 1.00> <Adapter> <Opcode : 'read' 'write'>
ST_1 : Operation 66 [1/1] (1.00ns)   --->   "%gyro_z_read = read i32 @_ssdm_op_Read.s_axilite.i32, i32 %gyro_z" [pid.cpp:36]   --->   Operation 66 'read' 'gyro_z_read' <Predicate = true> <Delay = 1.00> <CoreInst = "s_axilite">   --->   Core 112 's_axilite' <Latency = 0> <II = 1> <Delay = 1.00> <Adapter> <Opcode : 'read' 'write'>
ST_1 : Operation 67 [1/1] (1.00ns)   --->   "%gyro_y_read = read i32 @_ssdm_op_Read.s_axilite.i32, i32 %gyro_y" [pid.cpp:36]   --->   Operation 67 'read' 'gyro_y_read' <Predicate = true> <Delay = 1.00> <CoreInst = "s_axilite">   --->   Core 112 's_axilite' <Latency = 0> <II = 1> <Delay = 1.00> <Adapter> <Opcode : 'read' 'write'>
ST_1 : Operation 68 [1/1] (1.00ns)   --->   "%gyro_x_read = read i32 @_ssdm_op_Read.s_axilite.i32, i32 %gyro_x" [pid.cpp:36]   --->   Operation 68 'read' 'gyro_x_read' <Predicate = true> <Delay = 1.00> <CoreInst = "s_axilite">   --->   Core 112 's_axilite' <Latency = 0> <II = 1> <Delay = 1.00> <Adapter> <Opcode : 'read' 'write'>
ST_1 : Operation 69 [1/1] (1.00ns)   --->   "%set_yaw_read = read i32 @_ssdm_op_Read.s_axilite.i32, i32 %set_yaw" [pid.cpp:36]   --->   Operation 69 'read' 'set_yaw_read' <Predicate = true> <Delay = 1.00> <CoreInst = "s_axilite">   --->   Core 112 's_axilite' <Latency = 0> <II = 1> <Delay = 1.00> <Adapter> <Opcode : 'read' 'write'>
ST_1 : Operation 70 [1/1] (1.00ns)   --->   "%set_pitch_read = read i32 @_ssdm_op_Read.s_axilite.i32, i32 %set_pitch" [pid.cpp:36]   --->   Operation 70 'read' 'set_pitch_read' <Predicate = true> <Delay = 1.00> <CoreInst = "s_axilite">   --->   Core 112 's_axilite' <Latency = 0> <II = 1> <Delay = 1.00> <Adapter> <Opcode : 'read' 'write'>
ST_1 : Operation 71 [1/1] (1.00ns)   --->   "%set_roll_read = read i32 @_ssdm_op_Read.s_axilite.i32, i32 %set_roll" [pid.cpp:36]   --->   Operation 71 'read' 'set_roll_read' <Predicate = true> <Delay = 1.00> <CoreInst = "s_axilite">   --->   Core 112 's_axilite' <Latency = 0> <II = 1> <Delay = 1.00> <Adapter> <Opcode : 'read' 'write'>
ST_1 : Operation 72 [1/1] (2.55ns)   --->   "%err = sub i32 %set_roll_read, i32 %gyro_y_read" [pid.cpp:16->pid.cpp:63]   --->   Operation 72 'sub' 'err' <Predicate = true> <Delay = 2.55> <CoreInst = "Adder">   --->   Core 1 'Adder' <Latency = 0> <II = 1> <Delay = 2.55> <FuncUnit> <Opcode : 'add' 'sub'> <InPorts = 2> <OutPorts = 1>
ST_1 : Operation 73 [1/1] (2.55ns)   --->   "%err_1 = sub i32 %set_pitch_read, i32 %gyro_x_read" [pid.cpp:16->pid.cpp:64]   --->   Operation 73 'sub' 'err_1' <Predicate = true> <Delay = 2.55> <CoreInst = "Adder">   --->   Core 1 'Adder' <Latency = 0> <II = 1> <Delay = 2.55> <FuncUnit> <Opcode : 'add' 'sub'> <InPorts = 2> <OutPorts = 1>
ST_1 : Operation 74 [1/1] (2.55ns)   --->   "%err_2 = sub i32 %set_yaw_read, i32 %gyro_z_read" [pid.cpp:16->pid.cpp:65]   --->   Operation 74 'sub' 'err_2' <Predicate = true> <Delay = 2.55> <CoreInst = "Adder">   --->   Core 1 'Adder' <Latency = 0> <II = 1> <Delay = 2.55> <FuncUnit> <Opcode : 'add' 'sub'> <InPorts = 2> <OutPorts = 1>

State 2 <SV = 1> <Delay = 6.91>
ST_2 : Operation 75 [1/1] (0.00ns)   --->   "%sext_ln7 = sext i32 %kp_read" [pid.cpp:7->pid.cpp:17->pid.cpp:63]   --->   Operation 75 'sext' 'sext_ln7' <Predicate = true> <Delay = 0.00>
ST_2 : Operation 76 [1/1] (0.00ns)   --->   "%sext_ln7_1 = sext i32 %err" [pid.cpp:7->pid.cpp:17->pid.cpp:63]   --->   Operation 76 'sext' 'sext_ln7_1' <Predicate = true> <Delay = 0.00>
ST_2 : Operation 77 [2/2] (6.91ns)   --->   "%mul_ln7 = mul i48 %sext_ln7, i48 %sext_ln7_1" [pid.cpp:7->pid.cpp:17->pid.cpp:63]   --->   Operation 77 'mul' 'mul_ln7' <Predicate = true> <Delay = 6.91> <CoreInst = "Multiplier">   --->   Core 3 'Multiplier' <Latency = 1> <II = 1> <Delay = 6.91> <FuncUnit> <Opcode : 'mul'> <InPorts = 2> <OutPorts = 1>
ST_2 : Operation 78 [1/1] (0.00ns)   --->   "%sext_ln7_2 = sext i32 %ki_read" [pid.cpp:7->pid.cpp:19->pid.cpp:63]   --->   Operation 78 'sext' 'sext_ln7_2' <Predicate = true> <Delay = 0.00>
ST_2 : Operation 79 [2/2] (6.91ns)   --->   "%mul_ln7_1 = mul i48 %sext_ln7_2, i48 %sext_ln7_1" [pid.cpp:7->pid.cpp:19->pid.cpp:63]   --->   Operation 79 'mul' 'mul_ln7_1' <Predicate = true> <Delay = 6.91> <CoreInst = "Multiplier">   --->   Core 3 'Multiplier' <Latency = 1> <II = 1> <Delay = 6.91> <FuncUnit> <Opcode : 'mul'> <InPorts = 2> <OutPorts = 1>
ST_2 : Operation 80 [1/1] (0.00ns)   --->   "%roll_st_last_err_load = load i32 %roll_st_last_err" [pid.cpp:22->pid.cpp:63]   --->   Operation 80 'load' 'roll_st_last_err_load' <Predicate = true> <Delay = 0.00>
ST_2 : Operation 81 [1/1] (2.55ns)   --->   "%diff = sub i32 %err, i32 %roll_st_last_err_load" [pid.cpp:22->pid.cpp:63]   --->   Operation 81 'sub' 'diff' <Predicate = true> <Delay = 2.55> <CoreInst = "Adder">   --->   Core 1 'Adder' <Latency = 0> <II = 1> <Delay = 2.55> <FuncUnit> <Opcode : 'add' 'sub'> <InPorts = 2> <OutPorts = 1>
ST_2 : Operation 82 [1/1] (0.00ns)   --->   "%store_ln25 = store i32 %err, i32 %roll_st_last_err" [pid.cpp:25->pid.cpp:63]   --->   Operation 82 'store' 'store_ln25' <Predicate = true> <Delay = 0.00>
ST_2 : Operation 83 [1/1] (0.00ns)   --->   "%sext_ln7_5 = sext i32 %err_1" [pid.cpp:7->pid.cpp:17->pid.cpp:64]   --->   Operation 83 'sext' 'sext_ln7_5' <Predicate = true> <Delay = 0.00>
ST_2 : Operation 84 [2/2] (6.91ns)   --->   "%mul_ln7_3 = mul i48 %sext_ln7, i48 %sext_ln7_5" [pid.cpp:7->pid.cpp:17->pid.cpp:64]   --->   Operation 84 'mul' 'mul_ln7_3' <Predicate = true> <Delay = 6.91> <CoreInst = "Multiplier">   --->   Core 3 'Multiplier' <Latency = 1> <II = 1> <Delay = 6.91> <FuncUnit> <Opcode : 'mul'> <InPorts = 2> <OutPorts = 1>
ST_2 : Operation 85 [2/2] (6.91ns)   --->   "%mul_ln7_4 = mul i48 %sext_ln7_2, i48 %sext_ln7_5" [pid.cpp:7->pid.cpp:19->pid.cpp:64]   --->   Operation 85 'mul' 'mul_ln7_4' <Predicate = true> <Delay = 6.91> <CoreInst = "Multiplier">   --->   Core 3 'Multiplier' <Latency = 1> <II = 1> <Delay = 6.91> <FuncUnit> <Opcode : 'mul'> <InPorts = 2> <OutPorts = 1>
ST_2 : Operation 86 [1/1] (0.00ns)   --->   "%pitch_st_last_err_load = load i32 %pitch_st_last_err" [pid.cpp:22->pid.cpp:64]   --->   Operation 86 'load' 'pitch_st_last_err_load' <Predicate = true> <Delay = 0.00>
ST_2 : Operation 87 [1/1] (2.55ns)   --->   "%diff_1 = sub i32 %err_1, i32 %pitch_st_last_err_load" [pid.cpp:22->pid.cpp:64]   --->   Operation 87 'sub' 'diff_1' <Predicate = true> <Delay = 2.55> <CoreInst = "Adder">   --->   Core 1 'Adder' <Latency = 0> <II = 1> <Delay = 2.55> <FuncUnit> <Opcode : 'add' 'sub'> <InPorts = 2> <OutPorts = 1>
ST_2 : Operation 88 [1/1] (0.00ns)   --->   "%store_ln25 = store i32 %err_1, i32 %pitch_st_last_err" [pid.cpp:25->pid.cpp:64]   --->   Operation 88 'store' 'store_ln25' <Predicate = true> <Delay = 0.00>
ST_2 : Operation 89 [1/1] (0.00ns)   --->   "%sext_ln7_7 = sext i32 %err_2" [pid.cpp:7->pid.cpp:17->pid.cpp:65]   --->   Operation 89 'sext' 'sext_ln7_7' <Predicate = true> <Delay = 0.00>
ST_2 : Operation 90 [2/2] (6.91ns)   --->   "%mul_ln7_6 = mul i48 %sext_ln7, i48 %sext_ln7_7" [pid.cpp:7->pid.cpp:17->pid.cpp:65]   --->   Operation 90 'mul' 'mul_ln7_6' <Predicate = true> <Delay = 6.91> <CoreInst = "Multiplier">   --->   Core 3 'Multiplier' <Latency = 1> <II = 1> <Delay = 6.91> <FuncUnit> <Opcode : 'mul'> <InPorts = 2> <OutPorts = 1>
ST_2 : Operation 91 [2/2] (6.91ns)   --->   "%mul_ln7_7 = mul i48 %sext_ln7_2, i48 %sext_ln7_7" [pid.cpp:7->pid.cpp:19->pid.cpp:65]   --->   Operation 91 'mul' 'mul_ln7_7' <Predicate = true> <Delay = 6.91> <CoreInst = "Multiplier">   --->   Core 3 'Multiplier' <Latency = 1> <II = 1> <Delay = 6.91> <FuncUnit> <Opcode : 'mul'> <InPorts = 2> <OutPorts = 1>

State 3 <SV = 2> <Delay = 6.91>
ST_3 : Operation 92 [1/2] (6.91ns)   --->   "%mul_ln7 = mul i48 %sext_ln7, i48 %sext_ln7_1" [pid.cpp:7->pid.cpp:17->pid.cpp:63]   --->   Operation 92 'mul' 'mul_ln7' <Predicate = true> <Delay = 6.91> <CoreInst = "Multiplier">   --->   Core 3 'Multiplier' <Latency = 1> <II = 1> <Delay = 6.91> <FuncUnit> <Opcode : 'mul'> <InPorts = 2> <OutPorts = 1>
ST_3 : Operation 93 [1/1] (0.00ns)   --->   "%P = partselect i32 @_ssdm_op_PartSelect.i32.i48.i32.i32, i48 %mul_ln7, i32 16, i32 47" [pid.cpp:7->pid.cpp:17->pid.cpp:63]   --->   Operation 93 'partselect' 'P' <Predicate = true> <Delay = 0.00>
ST_3 : Operation 94 [1/2] (6.91ns)   --->   "%mul_ln7_1 = mul i48 %sext_ln7_2, i48 %sext_ln7_1" [pid.cpp:7->pid.cpp:19->pid.cpp:63]   --->   Operation 94 'mul' 'mul_ln7_1' <Predicate = true> <Delay = 6.91> <CoreInst = "Multiplier">   --->   Core 3 'Multiplier' <Latency = 1> <II = 1> <Delay = 6.91> <FuncUnit> <Opcode : 'mul'> <InPorts = 2> <OutPorts = 1>
ST_3 : Operation 95 [1/1] (0.00ns)   --->   "%a_assign = partselect i32 @_ssdm_op_PartSelect.i32.i48.i32.i32, i48 %mul_ln7_1, i32 16, i32 47" [pid.cpp:7->pid.cpp:19->pid.cpp:63]   --->   Operation 95 'partselect' 'a_assign' <Predicate = true> <Delay = 0.00>
ST_3 : Operation 96 [1/2] (6.91ns)   --->   "%mul_ln7_3 = mul i48 %sext_ln7, i48 %sext_ln7_5" [pid.cpp:7->pid.cpp:17->pid.cpp:64]   --->   Operation 96 'mul' 'mul_ln7_3' <Predicate = true> <Delay = 6.91> <CoreInst = "Multiplier">   --->   Core 3 'Multiplier' <Latency = 1> <II = 1> <Delay = 6.91> <FuncUnit> <Opcode : 'mul'> <InPorts = 2> <OutPorts = 1>
ST_3 : Operation 97 [1/1] (0.00ns)   --->   "%P_1 = partselect i32 @_ssdm_op_PartSelect.i32.i48.i32.i32, i48 %mul_ln7_3, i32 16, i32 47" [pid.cpp:7->pid.cpp:17->pid.cpp:64]   --->   Operation 97 'partselect' 'P_1' <Predicate = true> <Delay = 0.00>
ST_3 : Operation 98 [1/2] (6.91ns)   --->   "%mul_ln7_4 = mul i48 %sext_ln7_2, i48 %sext_ln7_5" [pid.cpp:7->pid.cpp:19->pid.cpp:64]   --->   Operation 98 'mul' 'mul_ln7_4' <Predicate = true> <Delay = 6.91> <CoreInst = "Multiplier">   --->   Core 3 'Multiplier' <Latency = 1> <II = 1> <Delay = 6.91> <FuncUnit> <Opcode : 'mul'> <InPorts = 2> <OutPorts = 1>
ST_3 : Operation 99 [1/1] (0.00ns)   --->   "%a_assign_1 = partselect i32 @_ssdm_op_PartSelect.i32.i48.i32.i32, i48 %mul_ln7_4, i32 16, i32 47" [pid.cpp:7->pid.cpp:19->pid.cpp:64]   --->   Operation 99 'partselect' 'a_assign_1' <Predicate = true> <Delay = 0.00>
ST_3 : Operation 100 [1/2] (6.91ns)   --->   "%mul_ln7_6 = mul i48 %sext_ln7, i48 %sext_ln7_7" [pid.cpp:7->pid.cpp:17->pid.cpp:65]   --->   Operation 100 'mul' 'mul_ln7_6' <Predicate = true> <Delay = 6.91> <CoreInst = "Multiplier">   --->   Core 3 'Multiplier' <Latency = 1> <II = 1> <Delay = 6.91> <FuncUnit> <Opcode : 'mul'> <InPorts = 2> <OutPorts = 1>
ST_3 : Operation 101 [1/1] (0.00ns)   --->   "%P_2 = partselect i32 @_ssdm_op_PartSelect.i32.i48.i32.i32, i48 %mul_ln7_6, i32 16, i32 47" [pid.cpp:7->pid.cpp:17->pid.cpp:65]   --->   Operation 101 'partselect' 'P_2' <Predicate = true> <Delay = 0.00>
ST_3 : Operation 102 [1/2] (6.91ns)   --->   "%mul_ln7_7 = mul i48 %sext_ln7_2, i48 %sext_ln7_7" [pid.cpp:7->pid.cpp:19->pid.cpp:65]   --->   Operation 102 'mul' 'mul_ln7_7' <Predicate = true> <Delay = 6.91> <CoreInst = "Multiplier">   --->   Core 3 'Multiplier' <Latency = 1> <II = 1> <Delay = 6.91> <FuncUnit> <Opcode : 'mul'> <InPorts = 2> <OutPorts = 1>
ST_3 : Operation 103 [1/1] (0.00ns)   --->   "%a_assign_2 = partselect i32 @_ssdm_op_PartSelect.i32.i48.i32.i32, i48 %mul_ln7_7, i32 16, i32 47" [pid.cpp:7->pid.cpp:19->pid.cpp:65]   --->   Operation 103 'partselect' 'a_assign_2' <Predicate = true> <Delay = 0.00>

State 4 <SV = 3> <Delay = 6.91>
ST_4 : Operation 104 [1/1] (0.00ns)   --->   "%sext_ln7_3 = sext i32 %a_assign" [pid.cpp:7->pid.cpp:19->pid.cpp:63]   --->   Operation 104 'sext' 'sext_ln7_3' <Predicate = true> <Delay = 0.00>
ST_4 : Operation 105 [1/1] (0.00ns)   --->   "%sext_ln7_4 = sext i32 %dt_read" [pid.cpp:7->pid.cpp:19->pid.cpp:63]   --->   Operation 105 'sext' 'sext_ln7_4' <Predicate = true> <Delay = 0.00>
ST_4 : Operation 106 [2/2] (6.91ns)   --->   "%mul_ln7_2 = mul i48 %sext_ln7_3, i48 %sext_ln7_4" [pid.cpp:7->pid.cpp:19->pid.cpp:63]   --->   Operation 106 'mul' 'mul_ln7_2' <Predicate = true> <Delay = 6.91> <CoreInst = "Multiplier">   --->   Core 3 'Multiplier' <Latency = 1> <II = 1> <Delay = 6.91> <FuncUnit> <Opcode : 'mul'> <InPorts = 2> <OutPorts = 1>
ST_4 : Operation 107 [1/1] (2.55ns)   --->   "%icmp_ln23 = icmp_eq  i32 %dt_read, i32 0" [pid.cpp:23->pid.cpp:63]   --->   Operation 107 'icmp' 'icmp_ln23' <Predicate = true> <Delay = 2.55> <CoreInst = "Cmp">   --->   Core 9 'Cmp' <Latency = 0> <II = 1> <Delay = 2.55> <FuncUnit> <Opcode : 'seteq' 'setne' 'setle' 'setge' 'setlt' 'setgt'> <InPorts = 2> <OutPorts = 1>
ST_4 : Operation 108 [1/1] (0.00ns)   --->   "%sext_ln7_6 = sext i32 %a_assign_1" [pid.cpp:7->pid.cpp:19->pid.cpp:64]   --->   Operation 108 'sext' 'sext_ln7_6' <Predicate = true> <Delay = 0.00>
ST_4 : Operation 109 [2/2] (6.91ns)   --->   "%mul_ln7_5 = mul i48 %sext_ln7_6, i48 %sext_ln7_4" [pid.cpp:7->pid.cpp:19->pid.cpp:64]   --->   Operation 109 'mul' 'mul_ln7_5' <Predicate = true> <Delay = 6.91> <CoreInst = "Multiplier">   --->   Core 3 'Multiplier' <Latency = 1> <II = 1> <Delay = 6.91> <FuncUnit> <Opcode : 'mul'> <InPorts = 2> <OutPorts = 1>
ST_4 : Operation 110 [1/1] (0.00ns)   --->   "%sext_ln7_8 = sext i32 %a_assign_2" [pid.cpp:7->pid.cpp:19->pid.cpp:65]   --->   Operation 110 'sext' 'sext_ln7_8' <Predicate = true> <Delay = 0.00>
ST_4 : Operation 111 [2/2] (6.91ns)   --->   "%mul_ln7_8 = mul i48 %sext_ln7_8, i48 %sext_ln7_4" [pid.cpp:7->pid.cpp:19->pid.cpp:65]   --->   Operation 111 'mul' 'mul_ln7_8' <Predicate = true> <Delay = 6.91> <CoreInst = "Multiplier">   --->   Core 3 'Multiplier' <Latency = 1> <II = 1> <Delay = 6.91> <FuncUnit> <Opcode : 'mul'> <InPorts = 2> <OutPorts = 1>

State 5 <SV = 4> <Delay = 6.91>
ST_5 : Operation 112 [1/2] (6.91ns)   --->   "%mul_ln7_2 = mul i48 %sext_ln7_3, i48 %sext_ln7_4" [pid.cpp:7->pid.cpp:19->pid.cpp:63]   --->   Operation 112 'mul' 'mul_ln7_2' <Predicate = true> <Delay = 6.91> <CoreInst = "Multiplier">   --->   Core 3 'Multiplier' <Latency = 1> <II = 1> <Delay = 6.91> <FuncUnit> <Opcode : 'mul'> <InPorts = 2> <OutPorts = 1>
ST_5 : Operation 113 [1/1] (0.00ns)   --->   "%delta_i = partselect i32 @_ssdm_op_PartSelect.i32.i48.i32.i32, i48 %mul_ln7_2, i32 16, i32 47" [pid.cpp:7->pid.cpp:19->pid.cpp:63]   --->   Operation 113 'partselect' 'delta_i' <Predicate = true> <Delay = 0.00>
ST_5 : Operation 114 [1/2] (6.91ns)   --->   "%mul_ln7_5 = mul i48 %sext_ln7_6, i48 %sext_ln7_4" [pid.cpp:7->pid.cpp:19->pid.cpp:64]   --->   Operation 114 'mul' 'mul_ln7_5' <Predicate = true> <Delay = 6.91> <CoreInst = "Multiplier">   --->   Core 3 'Multiplier' <Latency = 1> <II = 1> <Delay = 6.91> <FuncUnit> <Opcode : 'mul'> <InPorts = 2> <OutPorts = 1>
ST_5 : Operation 115 [1/1] (0.00ns)   --->   "%delta_i_1 = partselect i32 @_ssdm_op_PartSelect.i32.i48.i32.i32, i48 %mul_ln7_5, i32 16, i32 47" [pid.cpp:7->pid.cpp:19->pid.cpp:64]   --->   Operation 115 'partselect' 'delta_i_1' <Predicate = true> <Delay = 0.00>
ST_5 : Operation 116 [1/2] (6.91ns)   --->   "%mul_ln7_8 = mul i48 %sext_ln7_8, i48 %sext_ln7_4" [pid.cpp:7->pid.cpp:19->pid.cpp:65]   --->   Operation 116 'mul' 'mul_ln7_8' <Predicate = true> <Delay = 6.91> <CoreInst = "Multiplier">   --->   Core 3 'Multiplier' <Latency = 1> <II = 1> <Delay = 6.91> <FuncUnit> <Opcode : 'mul'> <InPorts = 2> <OutPorts = 1>
ST_5 : Operation 117 [1/1] (0.00ns)   --->   "%delta_i_2 = partselect i32 @_ssdm_op_PartSelect.i32.i48.i32.i32, i48 %mul_ln7_8, i32 16, i32 47" [pid.cpp:7->pid.cpp:19->pid.cpp:65]   --->   Operation 117 'partselect' 'delta_i_2' <Predicate = true> <Delay = 0.00>
ST_5 : Operation 118 [1/1] (0.00ns)   --->   "%yaw_st_last_err_load = load i32 %yaw_st_last_err" [pid.cpp:22->pid.cpp:65]   --->   Operation 118 'load' 'yaw_st_last_err_load' <Predicate = true> <Delay = 0.00>
ST_5 : Operation 119 [1/1] (2.55ns)   --->   "%diff_2 = sub i32 %err_2, i32 %yaw_st_last_err_load" [pid.cpp:22->pid.cpp:65]   --->   Operation 119 'sub' 'diff_2' <Predicate = true> <Delay = 2.55> <CoreInst = "Adder">   --->   Core 1 'Adder' <Latency = 0> <II = 1> <Delay = 2.55> <FuncUnit> <Opcode : 'add' 'sub'> <InPorts = 2> <OutPorts = 1>

State 6 <SV = 5> <Delay = 6.91>
ST_6 : Operation 120 [1/1] (0.00ns)   --->   "%spectopmodule_ln34 = spectopmodule void @_ssdm_op_SpecTopModule, void @empty_17" [pid.cpp:34]   --->   Operation 120 'spectopmodule' 'spectopmodule_ln34' <Predicate = true> <Delay = 0.00>
ST_6 : Operation 121 [1/1] (0.00ns)   --->   "%specbitsmap_ln0 = specbitsmap void @_ssdm_op_SpecBitsMap, i32 %set_roll"   --->   Operation 121 'specbitsmap' 'specbitsmap_ln0' <Predicate = true> <Delay = 0.00>
ST_6 : Operation 122 [1/1] (0.00ns)   --->   "%specinterface_ln0 = specinterface void @_ssdm_op_SpecInterface, i32 %set_roll, void @empty, i32 4294967295, i32 4294967295, void @empty_0, i32 0, i32 0, void @empty_1, void @empty_2, void @empty_0, i32 0, i32 0, i32 0, i32 0, void @empty_0, void @empty_0, i32 4294967295, i32 0, i32 0, i32 0"   --->   Operation 122 'specinterface' 'specinterface_ln0' <Predicate = true> <Delay = 0.00>
ST_6 : Operation 123 [1/1] (0.00ns)   --->   "%specinterface_ln0 = specinterface void @_ssdm_op_SpecInterface, i32 %set_roll, void @empty_3, i32 0, i32 0, void @empty_0, i32 0, i32 0, void @empty_0, void @empty_0, void @empty_0, i32 0, i32 0, i32 0, i32 0, void @empty_0, void @empty_0, i32 4294967295, i32 0, i32 0, i32 0"   --->   Operation 123 'specinterface' 'specinterface_ln0' <Predicate = true> <Delay = 0.00>
ST_6 : Operation 124 [1/1] (0.00ns)   --->   "%specbitsmap_ln0 = specbitsmap void @_ssdm_op_SpecBitsMap, i32 %set_pitch"   --->   Operation 124 'specbitsmap' 'specbitsmap_ln0' <Predicate = true> <Delay = 0.00>
ST_6 : Operation 125 [1/1] (0.00ns)   --->   "%specinterface_ln0 = specinterface void @_ssdm_op_SpecInterface, i32 %set_pitch, void @empty, i32 4294967295, i32 4294967295, void @empty_0, i32 0, i32 0, void @empty_1, void @empty_4, void @empty_0, i32 0, i32 0, i32 0, i32 0, void @empty_0, void @empty_0, i32 4294967295, i32 0, i32 0, i32 0"   --->   Operation 125 'specinterface' 'specinterface_ln0' <Predicate = true> <Delay = 0.00>
ST_6 : Operation 126 [1/1] (0.00ns)   --->   "%specinterface_ln0 = specinterface void @_ssdm_op_SpecInterface, i32 %set_pitch, void @empty_3, i32 0, i32 0, void @empty_0, i32 0, i32 0, void @empty_0, void @empty_0, void @empty_0, i32 0, i32 0, i32 0, i32 0, void @empty_0, void @empty_0, i32 4294967295, i32 0, i32 0, i32 0"   --->   Operation 126 'specinterface' 'specinterface_ln0' <Predicate = true> <Delay = 0.00>
ST_6 : Operation 127 [1/1] (0.00ns)   --->   "%specbitsmap_ln0 = specbitsmap void @_ssdm_op_SpecBitsMap, i32 %set_yaw"   --->   Operation 127 'specbitsmap' 'specbitsmap_ln0' <Predicate = true> <Delay = 0.00>
ST_6 : Operation 128 [1/1] (0.00ns)   --->   "%specinterface_ln0 = specinterface void @_ssdm_op_SpecInterface, i32 %set_yaw, void @empty, i32 4294967295, i32 4294967295, void @empty_0, i32 0, i32 0, void @empty_1, void @empty_5, void @empty_0, i32 0, i32 0, i32 0, i32 0, void @empty_0, void @empty_0, i32 4294967295, i32 0, i32 0, i32 0"   --->   Operation 128 'specinterface' 'specinterface_ln0' <Predicate = true> <Delay = 0.00>
ST_6 : Operation 129 [1/1] (0.00ns)   --->   "%specinterface_ln0 = specinterface void @_ssdm_op_SpecInterface, i32 %set_yaw, void @empty_3, i32 0, i32 0, void @empty_0, i32 0, i32 0, void @empty_0, void @empty_0, void @empty_0, i32 0, i32 0, i32 0, i32 0, void @empty_0, void @empty_0, i32 4294967295, i32 0, i32 0, i32 0"   --->   Operation 129 'specinterface' 'specinterface_ln0' <Predicate = true> <Delay = 0.00>
ST_6 : Operation 130 [1/1] (0.00ns)   --->   "%specbitsmap_ln0 = specbitsmap void @_ssdm_op_SpecBitsMap, i32 %gyro_x"   --->   Operation 130 'specbitsmap' 'specbitsmap_ln0' <Predicate = true> <Delay = 0.00>
ST_6 : Operation 131 [1/1] (0.00ns)   --->   "%specinterface_ln0 = specinterface void @_ssdm_op_SpecInterface, i32 %gyro_x, void @empty, i32 4294967295, i32 4294967295, void @empty_0, i32 0, i32 0, void @empty_1, void @empty_6, void @empty_0, i32 0, i32 0, i32 0, i32 0, void @empty_0, void @empty_0, i32 4294967295, i32 0, i32 0, i32 0"   --->   Operation 131 'specinterface' 'specinterface_ln0' <Predicate = true> <Delay = 0.00>
ST_6 : Operation 132 [1/1] (0.00ns)   --->   "%specinterface_ln0 = specinterface void @_ssdm_op_SpecInterface, i32 %gyro_x, void @empty_3, i32 0, i32 0, void @empty_0, i32 0, i32 0, void @empty_0, void @empty_0, void @empty_0, i32 0, i32 0, i32 0, i32 0, void @empty_0, void @empty_0, i32 4294967295, i32 0, i32 0, i32 0"   --->   Operation 132 'specinterface' 'specinterface_ln0' <Predicate = true> <Delay = 0.00>
ST_6 : Operation 133 [1/1] (0.00ns)   --->   "%specbitsmap_ln0 = specbitsmap void @_ssdm_op_SpecBitsMap, i32 %gyro_y"   --->   Operation 133 'specbitsmap' 'specbitsmap_ln0' <Predicate = true> <Delay = 0.00>
ST_6 : Operation 134 [1/1] (0.00ns)   --->   "%specinterface_ln0 = specinterface void @_ssdm_op_SpecInterface, i32 %gyro_y, void @empty, i32 4294967295, i32 4294967295, void @empty_0, i32 0, i32 0, void @empty_1, void @empty_7, void @empty_0, i32 0, i32 0, i32 0, i32 0, void @empty_0, void @empty_0, i32 4294967295, i32 0, i32 0, i32 0"   --->   Operation 134 'specinterface' 'specinterface_ln0' <Predicate = true> <Delay = 0.00>
ST_6 : Operation 135 [1/1] (0.00ns)   --->   "%specinterface_ln0 = specinterface void @_ssdm_op_SpecInterface, i32 %gyro_y, void @empty_3, i32 0, i32 0, void @empty_0, i32 0, i32 0, void @empty_0, void @empty_0, void @empty_0, i32 0, i32 0, i32 0, i32 0, void @empty_0, void @empty_0, i32 4294967295, i32 0, i32 0, i32 0"   --->   Operation 135 'specinterface' 'specinterface_ln0' <Predicate = true> <Delay = 0.00>
ST_6 : Operation 136 [1/1] (0.00ns)   --->   "%specbitsmap_ln0 = specbitsmap void @_ssdm_op_SpecBitsMap, i32 %gyro_z"   --->   Operation 136 'specbitsmap' 'specbitsmap_ln0' <Predicate = true> <Delay = 0.00>
ST_6 : Operation 137 [1/1] (0.00ns)   --->   "%specinterface_ln0 = specinterface void @_ssdm_op_SpecInterface, i32 %gyro_z, void @empty, i32 4294967295, i32 4294967295, void @empty_0, i32 0, i32 0, void @empty_1, void @empty_8, void @empty_0, i32 0, i32 0, i32 0, i32 0, void @empty_0, void @empty_0, i32 4294967295, i32 0, i32 0, i32 0"   --->   Operation 137 'specinterface' 'specinterface_ln0' <Predicate = true> <Delay = 0.00>
ST_6 : Operation 138 [1/1] (0.00ns)   --->   "%specinterface_ln0 = specinterface void @_ssdm_op_SpecInterface, i32 %gyro_z, void @empty_3, i32 0, i32 0, void @empty_0, i32 0, i32 0, void @empty_0, void @empty_0, void @empty_0, i32 0, i32 0, i32 0, i32 0, void @empty_0, void @empty_0, i32 4294967295, i32 0, i32 0, i32 0"   --->   Operation 138 'specinterface' 'specinterface_ln0' <Predicate = true> <Delay = 0.00>
ST_6 : Operation 139 [1/1] (0.00ns)   --->   "%specbitsmap_ln0 = specbitsmap void @_ssdm_op_SpecBitsMap, i32 %kp"   --->   Operation 139 'specbitsmap' 'specbitsmap_ln0' <Predicate = true> <Delay = 0.00>
ST_6 : Operation 140 [1/1] (0.00ns)   --->   "%specinterface_ln0 = specinterface void @_ssdm_op_SpecInterface, i32 %kp, void @empty, i32 4294967295, i32 4294967295, void @empty_0, i32 0, i32 0, void @empty_1, void @empty_9, void @empty_0, i32 0, i32 0, i32 0, i32 0, void @empty_0, void @empty_0, i32 4294967295, i32 0, i32 0, i32 0"   --->   Operation 140 'specinterface' 'specinterface_ln0' <Predicate = true> <Delay = 0.00>
ST_6 : Operation 141 [1/1] (0.00ns)   --->   "%specinterface_ln0 = specinterface void @_ssdm_op_SpecInterface, i32 %kp, void @empty_3, i32 0, i32 0, void @empty_0, i32 0, i32 0, void @empty_0, void @empty_0, void @empty_0, i32 0, i32 0, i32 0, i32 0, void @empty_0, void @empty_0, i32 4294967295, i32 0, i32 0, i32 0"   --->   Operation 141 'specinterface' 'specinterface_ln0' <Predicate = true> <Delay = 0.00>
ST_6 : Operation 142 [1/1] (0.00ns)   --->   "%specbitsmap_ln0 = specbitsmap void @_ssdm_op_SpecBitsMap, i32 %ki"   --->   Operation 142 'specbitsmap' 'specbitsmap_ln0' <Predicate = true> <Delay = 0.00>
ST_6 : Operation 143 [1/1] (0.00ns)   --->   "%specinterface_ln0 = specinterface void @_ssdm_op_SpecInterface, i32 %ki, void @empty, i32 4294967295, i32 4294967295, void @empty_0, i32 0, i32 0, void @empty_1, void @empty_10, void @empty_0, i32 0, i32 0, i32 0, i32 0, void @empty_0, void @empty_0, i32 4294967295, i32 0, i32 0, i32 0"   --->   Operation 143 'specinterface' 'specinterface_ln0' <Predicate = true> <Delay = 0.00>
ST_6 : Operation 144 [1/1] (0.00ns)   --->   "%specinterface_ln0 = specinterface void @_ssdm_op_SpecInterface, i32 %ki, void @empty_3, i32 0, i32 0, void @empty_0, i32 0, i32 0, void @empty_0, void @empty_0, void @empty_0, i32 0, i32 0, i32 0, i32 0, void @empty_0, void @empty_0, i32 4294967295, i32 0, i32 0, i32 0"   --->   Operation 144 'specinterface' 'specinterface_ln0' <Predicate = true> <Delay = 0.00>
ST_6 : Operation 145 [1/1] (0.00ns)   --->   "%specbitsmap_ln0 = specbitsmap void @_ssdm_op_SpecBitsMap, i32 %kd"   --->   Operation 145 'specbitsmap' 'specbitsmap_ln0' <Predicate = true> <Delay = 0.00>
ST_6 : Operation 146 [1/1] (0.00ns)   --->   "%specinterface_ln0 = specinterface void @_ssdm_op_SpecInterface, i32 %kd, void @empty, i32 4294967295, i32 4294967295, void @empty_0, i32 0, i32 0, void @empty_1, void @empty_11, void @empty_0, i32 0, i32 0, i32 0, i32 0, void @empty_0, void @empty_0, i32 4294967295, i32 0, i32 0, i32 0"   --->   Operation 146 'specinterface' 'specinterface_ln0' <Predicate = true> <Delay = 0.00>
ST_6 : Operation 147 [1/1] (0.00ns)   --->   "%specinterface_ln0 = specinterface void @_ssdm_op_SpecInterface, i32 %kd, void @empty_3, i32 0, i32 0, void @empty_0, i32 0, i32 0, void @empty_0, void @empty_0, void @empty_0, i32 0, i32 0, i32 0, i32 0, void @empty_0, void @empty_0, i32 4294967295, i32 0, i32 0, i32 0"   --->   Operation 147 'specinterface' 'specinterface_ln0' <Predicate = true> <Delay = 0.00>
ST_6 : Operation 148 [1/1] (0.00ns)   --->   "%specbitsmap_ln0 = specbitsmap void @_ssdm_op_SpecBitsMap, i32 %dt"   --->   Operation 148 'specbitsmap' 'specbitsmap_ln0' <Predicate = true> <Delay = 0.00>
ST_6 : Operation 149 [1/1] (0.00ns)   --->   "%specinterface_ln0 = specinterface void @_ssdm_op_SpecInterface, i32 %dt, void @empty, i32 4294967295, i32 4294967295, void @empty_0, i32 0, i32 0, void @empty_1, void @empty_12, void @empty_0, i32 0, i32 0, i32 0, i32 0, void @empty_0, void @empty_0, i32 4294967295, i32 0, i32 0, i32 0"   --->   Operation 149 'specinterface' 'specinterface_ln0' <Predicate = true> <Delay = 0.00>
ST_6 : Operation 150 [1/1] (0.00ns)   --->   "%specinterface_ln0 = specinterface void @_ssdm_op_SpecInterface, i32 %dt, void @empty_3, i32 0, i32 0, void @empty_0, i32 0, i32 0, void @empty_0, void @empty_0, void @empty_0, i32 0, i32 0, i32 0, i32 0, void @empty_0, void @empty_0, i32 4294967295, i32 0, i32 0, i32 0"   --->   Operation 150 'specinterface' 'specinterface_ln0' <Predicate = true> <Delay = 0.00>
ST_6 : Operation 151 [1/1] (0.00ns)   --->   "%specbitsmap_ln0 = specbitsmap void @_ssdm_op_SpecBitsMap, i32 %throttle"   --->   Operation 151 'specbitsmap' 'specbitsmap_ln0' <Predicate = true> <Delay = 0.00>
ST_6 : Operation 152 [1/1] (0.00ns)   --->   "%specinterface_ln0 = specinterface void @_ssdm_op_SpecInterface, i32 %throttle, void @empty, i32 4294967295, i32 4294967295, void @empty_0, i32 0, i32 0, void @empty_1, void @empty_13, void @empty_0, i32 0, i32 0, i32 0, i32 0, void @empty_0, void @empty_0, i32 4294967295, i32 0, i32 0, i32 0"   --->   Operation 152 'specinterface' 'specinterface_ln0' <Predicate = true> <Delay = 0.00>
ST_6 : Operation 153 [1/1] (0.00ns)   --->   "%specinterface_ln0 = specinterface void @_ssdm_op_SpecInterface, i32 %throttle, void @empty_3, i32 0, i32 0, void @empty_0, i32 0, i32 0, void @empty_0, void @empty_0, void @empty_0, i32 0, i32 0, i32 0, i32 0, void @empty_0, void @empty_0, i32 4294967295, i32 0, i32 0, i32 0"   --->   Operation 153 'specinterface' 'specinterface_ln0' <Predicate = true> <Delay = 0.00>
ST_6 : Operation 154 [1/1] (0.00ns)   --->   "%specbitsmap_ln0 = specbitsmap void @_ssdm_op_SpecBitsMap, i32 %out_roll"   --->   Operation 154 'specbitsmap' 'specbitsmap_ln0' <Predicate = true> <Delay = 0.00>
ST_6 : Operation 155 [1/1] (0.00ns)   --->   "%specinterface_ln0 = specinterface void @_ssdm_op_SpecInterface, i32 %out_roll, void @empty, i32 4294967295, i32 4294967295, void @empty_0, i32 0, i32 0, void @empty_1, void @empty_14, void @empty_0, i32 0, i32 0, i32 0, i32 0, void @empty_0, void @empty_0, i32 4294967295, i32 0, i32 0, i32 0"   --->   Operation 155 'specinterface' 'specinterface_ln0' <Predicate = true> <Delay = 0.00>
ST_6 : Operation 156 [1/1] (0.00ns)   --->   "%specinterface_ln0 = specinterface void @_ssdm_op_SpecInterface, i32 %out_roll, void @empty_3, i32 0, i32 0, void @empty_0, i32 0, i32 0, void @empty_0, void @empty_0, void @empty_0, i32 0, i32 0, i32 0, i32 0, void @empty_0, void @empty_0, i32 4294967295, i32 0, i32 0, i32 0"   --->   Operation 156 'specinterface' 'specinterface_ln0' <Predicate = true> <Delay = 0.00>
ST_6 : Operation 157 [1/1] (0.00ns)   --->   "%specbitsmap_ln0 = specbitsmap void @_ssdm_op_SpecBitsMap, i32 %out_pitch"   --->   Operation 157 'specbitsmap' 'specbitsmap_ln0' <Predicate = true> <Delay = 0.00>
ST_6 : Operation 158 [1/1] (0.00ns)   --->   "%specinterface_ln0 = specinterface void @_ssdm_op_SpecInterface, i32 %out_pitch, void @empty, i32 4294967295, i32 4294967295, void @empty_0, i32 0, i32 0, void @empty_1, void @empty_15, void @empty_0, i32 0, i32 0, i32 0, i32 0, void @empty_0, void @empty_0, i32 4294967295, i32 0, i32 0, i32 0"   --->   Operation 158 'specinterface' 'specinterface_ln0' <Predicate = true> <Delay = 0.00>
ST_6 : Operation 159 [1/1] (0.00ns)   --->   "%specinterface_ln0 = specinterface void @_ssdm_op_SpecInterface, i32 %out_pitch, void @empty_3, i32 0, i32 0, void @empty_0, i32 0, i32 0, void @empty_0, void @empty_0, void @empty_0, i32 0, i32 0, i32 0, i32 0, void @empty_0, void @empty_0, i32 4294967295, i32 0, i32 0, i32 0"   --->   Operation 159 'specinterface' 'specinterface_ln0' <Predicate = true> <Delay = 0.00>
ST_6 : Operation 160 [1/1] (0.00ns)   --->   "%specbitsmap_ln0 = specbitsmap void @_ssdm_op_SpecBitsMap, i32 %out_yaw"   --->   Operation 160 'specbitsmap' 'specbitsmap_ln0' <Predicate = true> <Delay = 0.00>
ST_6 : Operation 161 [1/1] (0.00ns)   --->   "%specinterface_ln0 = specinterface void @_ssdm_op_SpecInterface, i32 %out_yaw, void @empty, i32 4294967295, i32 4294967295, void @empty_0, i32 0, i32 0, void @empty_1, void @empty_16, void @empty_0, i32 0, i32 0, i32 0, i32 0, void @empty_0, void @empty_0, i32 4294967295, i32 0, i32 0, i32 0"   --->   Operation 161 'specinterface' 'specinterface_ln0' <Predicate = true> <Delay = 0.00>
ST_6 : Operation 162 [1/1] (0.00ns)   --->   "%specinterface_ln0 = specinterface void @_ssdm_op_SpecInterface, i32 %out_yaw, void @empty_3, i32 0, i32 0, void @empty_0, i32 0, i32 0, void @empty_0, void @empty_0, void @empty_0, i32 0, i32 0, i32 0, i32 0, void @empty_0, void @empty_0, i32 4294967295, i32 0, i32 0, i32 0"   --->   Operation 162 'specinterface' 'specinterface_ln0' <Predicate = true> <Delay = 0.00>
ST_6 : Operation 163 [1/1] (0.00ns)   --->   "%specinterface_ln0 = specinterface void @_ssdm_op_SpecInterface, i32 0, void @empty, i32 0, i32 0, void @empty_0, i32 0, i32 0, void @empty_1, void @empty_0, void @empty_0, i32 0, i32 0, i32 0, i32 0, void @empty_0, void @empty_0, i32 0, i32 0, i32 0, i32 0"   --->   Operation 163 'specinterface' 'specinterface_ln0' <Predicate = true> <Delay = 0.00>
ST_6 : Operation 164 [1/1] (0.00ns)   --->   "%roll_st_integ_load = load i32 %roll_st_integ" [pid.cpp:20->pid.cpp:63]   --->   Operation 164 'load' 'roll_st_integ_load' <Predicate = true> <Delay = 0.00>
ST_6 : Operation 165 [1/1] (2.55ns)   --->   "%add_ln20 = add i32 %roll_st_integ_load, i32 %delta_i" [pid.cpp:20->pid.cpp:63]   --->   Operation 165 'add' 'add_ln20' <Predicate = true> <Delay = 2.55> <CoreInst = "Adder">   --->   Core 1 'Adder' <Latency = 0> <II = 1> <Delay = 2.55> <FuncUnit> <Opcode : 'add' 'sub'> <InPorts = 2> <OutPorts = 1>
ST_6 : Operation 166 [1/1] (0.00ns)   --->   "%store_ln20 = store i32 %add_ln20, i32 %roll_st_integ" [pid.cpp:20->pid.cpp:63]   --->   Operation 166 'store' 'store_ln20' <Predicate = true> <Delay = 0.00>
ST_6 : Operation 167 [1/1] (0.00ns)   --->   "%pitch_st_integ_load = load i32 %pitch_st_integ" [pid.cpp:20->pid.cpp:64]   --->   Operation 167 'load' 'pitch_st_integ_load' <Predicate = true> <Delay = 0.00>
ST_6 : Operation 168 [1/1] (2.55ns)   --->   "%add_ln20_1 = add i32 %pitch_st_integ_load, i32 %delta_i_1" [pid.cpp:20->pid.cpp:64]   --->   Operation 168 'add' 'add_ln20_1' <Predicate = true> <Delay = 2.55> <CoreInst = "Adder">   --->   Core 1 'Adder' <Latency = 0> <II = 1> <Delay = 2.55> <FuncUnit> <Opcode : 'add' 'sub'> <InPorts = 2> <OutPorts = 1>
ST_6 : Operation 169 [1/1] (0.00ns)   --->   "%store_ln20 = store i32 %add_ln20_1, i32 %pitch_st_integ" [pid.cpp:20->pid.cpp:64]   --->   Operation 169 'store' 'store_ln20' <Predicate = true> <Delay = 0.00>
ST_6 : Operation 170 [1/1] (0.00ns)   --->   "%yaw_st_integ_load = load i32 %yaw_st_integ" [pid.cpp:20->pid.cpp:65]   --->   Operation 170 'load' 'yaw_st_integ_load' <Predicate = true> <Delay = 0.00>
ST_6 : Operation 171 [1/1] (2.55ns)   --->   "%add_ln20_2 = add i32 %yaw_st_integ_load, i32 %delta_i_2" [pid.cpp:20->pid.cpp:65]   --->   Operation 171 'add' 'add_ln20_2' <Predicate = true> <Delay = 2.55> <CoreInst = "Adder">   --->   Core 1 'Adder' <Latency = 0> <II = 1> <Delay = 2.55> <FuncUnit> <Opcode : 'add' 'sub'> <InPorts = 2> <OutPorts = 1>
ST_6 : Operation 172 [1/1] (0.00ns)   --->   "%store_ln20 = store i32 %add_ln20_2, i32 %yaw_st_integ" [pid.cpp:20->pid.cpp:65]   --->   Operation 172 'store' 'store_ln20' <Predicate = true> <Delay = 0.00>
ST_6 : Operation 173 [1/1] (1.58ns)   --->   "%br_ln23 = br i1 %icmp_ln23, void %cond.true.i60, void %_Z7run_pidiiiiiiR9pid_state.exit68" [pid.cpp:23->pid.cpp:63]   --->   Operation 173 'br' 'br_ln23' <Predicate = true> <Delay = 1.58>
ST_6 : Operation 174 [1/1] (0.00ns)   --->   "%sext_ln7_9 = sext i32 %kd_read" [pid.cpp:7->pid.cpp:23->pid.cpp:63]   --->   Operation 174 'sext' 'sext_ln7_9' <Predicate = (!icmp_ln23)> <Delay = 0.00>
ST_6 : Operation 175 [1/1] (0.00ns)   --->   "%sext_ln7_10 = sext i32 %diff" [pid.cpp:7->pid.cpp:23->pid.cpp:63]   --->   Operation 175 'sext' 'sext_ln7_10' <Predicate = (!icmp_ln23)> <Delay = 0.00>
ST_6 : Operation 176 [2/2] (6.91ns)   --->   "%mul_ln7_9 = mul i48 %sext_ln7_10, i48 %sext_ln7_9" [pid.cpp:7->pid.cpp:23->pid.cpp:63]   --->   Operation 176 'mul' 'mul_ln7_9' <Predicate = (!icmp_ln23)> <Delay = 6.91> <CoreInst = "Multiplier">   --->   Core 3 'Multiplier' <Latency = 1> <II = 1> <Delay = 6.91> <FuncUnit> <Opcode : 'mul'> <InPorts = 2> <OutPorts = 1>
ST_6 : Operation 177 [1/1] (0.00ns)   --->   "%sext_ln7_11 = sext i32 %diff_1" [pid.cpp:7->pid.cpp:23->pid.cpp:64]   --->   Operation 177 'sext' 'sext_ln7_11' <Predicate = (!icmp_ln23)> <Delay = 0.00>
ST_6 : Operation 178 [2/2] (6.91ns)   --->   "%mul_ln7_10 = mul i48 %sext_ln7_11, i48 %sext_ln7_9" [pid.cpp:7->pid.cpp:23->pid.cpp:64]   --->   Operation 178 'mul' 'mul_ln7_10' <Predicate = (!icmp_ln23)> <Delay = 6.91> <CoreInst = "Multiplier">   --->   Core 3 'Multiplier' <Latency = 1> <II = 1> <Delay = 6.91> <FuncUnit> <Opcode : 'mul'> <InPorts = 2> <OutPorts = 1>
ST_6 : Operation 179 [1/1] (0.00ns)   --->   "%sext_ln7_12 = sext i32 %diff_2" [pid.cpp:7->pid.cpp:23->pid.cpp:65]   --->   Operation 179 'sext' 'sext_ln7_12' <Predicate = (!icmp_ln23)> <Delay = 0.00>
ST_6 : Operation 180 [2/2] (6.91ns)   --->   "%mul_ln7_11 = mul i48 %sext_ln7_12, i48 %sext_ln7_9" [pid.cpp:7->pid.cpp:23->pid.cpp:65]   --->   Operation 180 'mul' 'mul_ln7_11' <Predicate = (!icmp_ln23)> <Delay = 6.91> <CoreInst = "Multiplier">   --->   Core 3 'Multiplier' <Latency = 1> <II = 1> <Delay = 6.91> <FuncUnit> <Opcode : 'mul'> <InPorts = 2> <OutPorts = 1>

State 7 <SV = 6> <Delay = 6.91>
ST_7 : Operation 181 [1/2] (6.91ns)   --->   "%mul_ln7_9 = mul i48 %sext_ln7_10, i48 %sext_ln7_9" [pid.cpp:7->pid.cpp:23->pid.cpp:63]   --->   Operation 181 'mul' 'mul_ln7_9' <Predicate = true> <Delay = 6.91> <CoreInst = "Multiplier">   --->   Core 3 'Multiplier' <Latency = 1> <II = 1> <Delay = 6.91> <FuncUnit> <Opcode : 'mul'> <InPorts = 2> <OutPorts = 1>
ST_7 : Operation 182 [1/1] (0.00ns)   --->   "%tmp = partselect i32 @_ssdm_op_PartSelect.i32.i48.i32.i32, i48 %mul_ln7_9, i32 16, i32 47" [pid.cpp:23->pid.cpp:63]   --->   Operation 182 'partselect' 'tmp' <Predicate = true> <Delay = 0.00>
ST_7 : Operation 183 [1/2] (6.91ns)   --->   "%mul_ln7_10 = mul i48 %sext_ln7_11, i48 %sext_ln7_9" [pid.cpp:7->pid.cpp:23->pid.cpp:64]   --->   Operation 183 'mul' 'mul_ln7_10' <Predicate = true> <Delay = 6.91> <CoreInst = "Multiplier">   --->   Core 3 'Multiplier' <Latency = 1> <II = 1> <Delay = 6.91> <FuncUnit> <Opcode : 'mul'> <InPorts = 2> <OutPorts = 1>
ST_7 : Operation 184 [1/1] (0.00ns)   --->   "%tmp_1 = partselect i32 @_ssdm_op_PartSelect.i32.i48.i32.i32, i48 %mul_ln7_10, i32 16, i32 47" [pid.cpp:23->pid.cpp:64]   --->   Operation 184 'partselect' 'tmp_1' <Predicate = true> <Delay = 0.00>
ST_7 : Operation 185 [1/2] (6.91ns)   --->   "%mul_ln7_11 = mul i48 %sext_ln7_12, i48 %sext_ln7_9" [pid.cpp:7->pid.cpp:23->pid.cpp:65]   --->   Operation 185 'mul' 'mul_ln7_11' <Predicate = true> <Delay = 6.91> <CoreInst = "Multiplier">   --->   Core 3 'Multiplier' <Latency = 1> <II = 1> <Delay = 6.91> <FuncUnit> <Opcode : 'mul'> <InPorts = 2> <OutPorts = 1>
ST_7 : Operation 186 [1/1] (0.00ns)   --->   "%tmp_2 = partselect i32 @_ssdm_op_PartSelect.i32.i48.i32.i32, i48 %mul_ln7_11, i32 16, i32 47" [pid.cpp:23->pid.cpp:65]   --->   Operation 186 'partselect' 'tmp_2' <Predicate = true> <Delay = 0.00>

State 8 <SV = 7> <Delay = 4.55>
ST_8 : Operation 187 [1/1] (0.00ns)   --->   "%shl_ln = bitconcatenate i48 @_ssdm_op_BitConcatenate.i48.i32.i16, i32 %tmp, i16 0" [pid.cpp:23->pid.cpp:63]   --->   Operation 187 'bitconcatenate' 'shl_ln' <Predicate = true> <Delay = 0.00>
ST_8 : Operation 188 [52/52] (4.55ns)   --->   "%sdiv_ln23 = sdiv i48 %shl_ln, i48 %sext_ln7_4" [pid.cpp:23->pid.cpp:63]   --->   Operation 188 'sdiv' 'sdiv_ln23' <Predicate = true> <Delay = 4.55> <CoreInst = "DivnS_SEQ">   --->   Core 7 'DivnS_SEQ' <Latency = 51> <II = 32> <Delay = 4.55> <FuncUnit> <Opcode : 'udiv' 'sdiv' 'urem' 'srem'> <InPorts = 2> <OutPorts = 1>
ST_8 : Operation 189 [1/1] (0.00ns)   --->   "%shl_ln23_1 = bitconcatenate i48 @_ssdm_op_BitConcatenate.i48.i32.i16, i32 %tmp_1, i16 0" [pid.cpp:23->pid.cpp:64]   --->   Operation 189 'bitconcatenate' 'shl_ln23_1' <Predicate = true> <Delay = 0.00>
ST_8 : Operation 190 [52/52] (4.55ns)   --->   "%sdiv_ln23_1 = sdiv i48 %shl_ln23_1, i48 %sext_ln7_4" [pid.cpp:23->pid.cpp:64]   --->   Operation 190 'sdiv' 'sdiv_ln23_1' <Predicate = true> <Delay = 4.55> <CoreInst = "DivnS_SEQ">   --->   Core 7 'DivnS_SEQ' <Latency = 51> <II = 32> <Delay = 4.55> <FuncUnit> <Opcode : 'udiv' 'sdiv' 'urem' 'srem'> <InPorts = 2> <OutPorts = 1>
ST_8 : Operation 191 [1/1] (0.00ns)   --->   "%shl_ln23_2 = bitconcatenate i48 @_ssdm_op_BitConcatenate.i48.i32.i16, i32 %tmp_2, i16 0" [pid.cpp:23->pid.cpp:65]   --->   Operation 191 'bitconcatenate' 'shl_ln23_2' <Predicate = true> <Delay = 0.00>
ST_8 : Operation 192 [52/52] (4.55ns)   --->   "%sdiv_ln23_2 = sdiv i48 %shl_ln23_2, i48 %sext_ln7_4" [pid.cpp:23->pid.cpp:65]   --->   Operation 192 'sdiv' 'sdiv_ln23_2' <Predicate = true> <Delay = 4.55> <CoreInst = "DivnS_SEQ">   --->   Core 7 'DivnS_SEQ' <Latency = 51> <II = 32> <Delay = 4.55> <FuncUnit> <Opcode : 'udiv' 'sdiv' 'urem' 'srem'> <InPorts = 2> <OutPorts = 1>

State 9 <SV = 8> <Delay = 4.55>
ST_9 : Operation 193 [51/52] (4.55ns)   --->   "%sdiv_ln23 = sdiv i48 %shl_ln, i48 %sext_ln7_4" [pid.cpp:23->pid.cpp:63]   --->   Operation 193 'sdiv' 'sdiv_ln23' <Predicate = true> <Delay = 4.55> <CoreInst = "DivnS_SEQ">   --->   Core 7 'DivnS_SEQ' <Latency = 51> <II = 32> <Delay = 4.55> <FuncUnit> <Opcode : 'udiv' 'sdiv' 'urem' 'srem'> <InPorts = 2> <OutPorts = 1>
ST_9 : Operation 194 [51/52] (4.55ns)   --->   "%sdiv_ln23_1 = sdiv i48 %shl_ln23_1, i48 %sext_ln7_4" [pid.cpp:23->pid.cpp:64]   --->   Operation 194 'sdiv' 'sdiv_ln23_1' <Predicate = true> <Delay = 4.55> <CoreInst = "DivnS_SEQ">   --->   Core 7 'DivnS_SEQ' <Latency = 51> <II = 32> <Delay = 4.55> <FuncUnit> <Opcode : 'udiv' 'sdiv' 'urem' 'srem'> <InPorts = 2> <OutPorts = 1>
ST_9 : Operation 195 [51/52] (4.55ns)   --->   "%sdiv_ln23_2 = sdiv i48 %shl_ln23_2, i48 %sext_ln7_4" [pid.cpp:23->pid.cpp:65]   --->   Operation 195 'sdiv' 'sdiv_ln23_2' <Predicate = true> <Delay = 4.55> <CoreInst = "DivnS_SEQ">   --->   Core 7 'DivnS_SEQ' <Latency = 51> <II = 32> <Delay = 4.55> <FuncUnit> <Opcode : 'udiv' 'sdiv' 'urem' 'srem'> <InPorts = 2> <OutPorts = 1>

State 10 <SV = 9> <Delay = 4.55>
ST_10 : Operation 196 [50/52] (4.55ns)   --->   "%sdiv_ln23 = sdiv i48 %shl_ln, i48 %sext_ln7_4" [pid.cpp:23->pid.cpp:63]   --->   Operation 196 'sdiv' 'sdiv_ln23' <Predicate = true> <Delay = 4.55> <CoreInst = "DivnS_SEQ">   --->   Core 7 'DivnS_SEQ' <Latency = 51> <II = 32> <Delay = 4.55> <FuncUnit> <Opcode : 'udiv' 'sdiv' 'urem' 'srem'> <InPorts = 2> <OutPorts = 1>
ST_10 : Operation 197 [50/52] (4.55ns)   --->   "%sdiv_ln23_1 = sdiv i48 %shl_ln23_1, i48 %sext_ln7_4" [pid.cpp:23->pid.cpp:64]   --->   Operation 197 'sdiv' 'sdiv_ln23_1' <Predicate = true> <Delay = 4.55> <CoreInst = "DivnS_SEQ">   --->   Core 7 'DivnS_SEQ' <Latency = 51> <II = 32> <Delay = 4.55> <FuncUnit> <Opcode : 'udiv' 'sdiv' 'urem' 'srem'> <InPorts = 2> <OutPorts = 1>
ST_10 : Operation 198 [50/52] (4.55ns)   --->   "%sdiv_ln23_2 = sdiv i48 %shl_ln23_2, i48 %sext_ln7_4" [pid.cpp:23->pid.cpp:65]   --->   Operation 198 'sdiv' 'sdiv_ln23_2' <Predicate = true> <Delay = 4.55> <CoreInst = "DivnS_SEQ">   --->   Core 7 'DivnS_SEQ' <Latency = 51> <II = 32> <Delay = 4.55> <FuncUnit> <Opcode : 'udiv' 'sdiv' 'urem' 'srem'> <InPorts = 2> <OutPorts = 1>

State 11 <SV = 10> <Delay = 4.55>
ST_11 : Operation 199 [49/52] (4.55ns)   --->   "%sdiv_ln23 = sdiv i48 %shl_ln, i48 %sext_ln7_4" [pid.cpp:23->pid.cpp:63]   --->   Operation 199 'sdiv' 'sdiv_ln23' <Predicate = true> <Delay = 4.55> <CoreInst = "DivnS_SEQ">   --->   Core 7 'DivnS_SEQ' <Latency = 51> <II = 32> <Delay = 4.55> <FuncUnit> <Opcode : 'udiv' 'sdiv' 'urem' 'srem'> <InPorts = 2> <OutPorts = 1>
ST_11 : Operation 200 [49/52] (4.55ns)   --->   "%sdiv_ln23_1 = sdiv i48 %shl_ln23_1, i48 %sext_ln7_4" [pid.cpp:23->pid.cpp:64]   --->   Operation 200 'sdiv' 'sdiv_ln23_1' <Predicate = true> <Delay = 4.55> <CoreInst = "DivnS_SEQ">   --->   Core 7 'DivnS_SEQ' <Latency = 51> <II = 32> <Delay = 4.55> <FuncUnit> <Opcode : 'udiv' 'sdiv' 'urem' 'srem'> <InPorts = 2> <OutPorts = 1>
ST_11 : Operation 201 [49/52] (4.55ns)   --->   "%sdiv_ln23_2 = sdiv i48 %shl_ln23_2, i48 %sext_ln7_4" [pid.cpp:23->pid.cpp:65]   --->   Operation 201 'sdiv' 'sdiv_ln23_2' <Predicate = true> <Delay = 4.55> <CoreInst = "DivnS_SEQ">   --->   Core 7 'DivnS_SEQ' <Latency = 51> <II = 32> <Delay = 4.55> <FuncUnit> <Opcode : 'udiv' 'sdiv' 'urem' 'srem'> <InPorts = 2> <OutPorts = 1>

State 12 <SV = 11> <Delay = 4.55>
ST_12 : Operation 202 [48/52] (4.55ns)   --->   "%sdiv_ln23 = sdiv i48 %shl_ln, i48 %sext_ln7_4" [pid.cpp:23->pid.cpp:63]   --->   Operation 202 'sdiv' 'sdiv_ln23' <Predicate = true> <Delay = 4.55> <CoreInst = "DivnS_SEQ">   --->   Core 7 'DivnS_SEQ' <Latency = 51> <II = 32> <Delay = 4.55> <FuncUnit> <Opcode : 'udiv' 'sdiv' 'urem' 'srem'> <InPorts = 2> <OutPorts = 1>
ST_12 : Operation 203 [48/52] (4.55ns)   --->   "%sdiv_ln23_1 = sdiv i48 %shl_ln23_1, i48 %sext_ln7_4" [pid.cpp:23->pid.cpp:64]   --->   Operation 203 'sdiv' 'sdiv_ln23_1' <Predicate = true> <Delay = 4.55> <CoreInst = "DivnS_SEQ">   --->   Core 7 'DivnS_SEQ' <Latency = 51> <II = 32> <Delay = 4.55> <FuncUnit> <Opcode : 'udiv' 'sdiv' 'urem' 'srem'> <InPorts = 2> <OutPorts = 1>
ST_12 : Operation 204 [48/52] (4.55ns)   --->   "%sdiv_ln23_2 = sdiv i48 %shl_ln23_2, i48 %sext_ln7_4" [pid.cpp:23->pid.cpp:65]   --->   Operation 204 'sdiv' 'sdiv_ln23_2' <Predicate = true> <Delay = 4.55> <CoreInst = "DivnS_SEQ">   --->   Core 7 'DivnS_SEQ' <Latency = 51> <II = 32> <Delay = 4.55> <FuncUnit> <Opcode : 'udiv' 'sdiv' 'urem' 'srem'> <InPorts = 2> <OutPorts = 1>

State 13 <SV = 12> <Delay = 4.55>
ST_13 : Operation 205 [47/52] (4.55ns)   --->   "%sdiv_ln23 = sdiv i48 %shl_ln, i48 %sext_ln7_4" [pid.cpp:23->pid.cpp:63]   --->   Operation 205 'sdiv' 'sdiv_ln23' <Predicate = true> <Delay = 4.55> <CoreInst = "DivnS_SEQ">   --->   Core 7 'DivnS_SEQ' <Latency = 51> <II = 32> <Delay = 4.55> <FuncUnit> <Opcode : 'udiv' 'sdiv' 'urem' 'srem'> <InPorts = 2> <OutPorts = 1>
ST_13 : Operation 206 [47/52] (4.55ns)   --->   "%sdiv_ln23_1 = sdiv i48 %shl_ln23_1, i48 %sext_ln7_4" [pid.cpp:23->pid.cpp:64]   --->   Operation 206 'sdiv' 'sdiv_ln23_1' <Predicate = true> <Delay = 4.55> <CoreInst = "DivnS_SEQ">   --->   Core 7 'DivnS_SEQ' <Latency = 51> <II = 32> <Delay = 4.55> <FuncUnit> <Opcode : 'udiv' 'sdiv' 'urem' 'srem'> <InPorts = 2> <OutPorts = 1>
ST_13 : Operation 207 [47/52] (4.55ns)   --->   "%sdiv_ln23_2 = sdiv i48 %shl_ln23_2, i48 %sext_ln7_4" [pid.cpp:23->pid.cpp:65]   --->   Operation 207 'sdiv' 'sdiv_ln23_2' <Predicate = true> <Delay = 4.55> <CoreInst = "DivnS_SEQ">   --->   Core 7 'DivnS_SEQ' <Latency = 51> <II = 32> <Delay = 4.55> <FuncUnit> <Opcode : 'udiv' 'sdiv' 'urem' 'srem'> <InPorts = 2> <OutPorts = 1>

State 14 <SV = 13> <Delay = 4.55>
ST_14 : Operation 208 [46/52] (4.55ns)   --->   "%sdiv_ln23 = sdiv i48 %shl_ln, i48 %sext_ln7_4" [pid.cpp:23->pid.cpp:63]   --->   Operation 208 'sdiv' 'sdiv_ln23' <Predicate = true> <Delay = 4.55> <CoreInst = "DivnS_SEQ">   --->   Core 7 'DivnS_SEQ' <Latency = 51> <II = 32> <Delay = 4.55> <FuncUnit> <Opcode : 'udiv' 'sdiv' 'urem' 'srem'> <InPorts = 2> <OutPorts = 1>
ST_14 : Operation 209 [46/52] (4.55ns)   --->   "%sdiv_ln23_1 = sdiv i48 %shl_ln23_1, i48 %sext_ln7_4" [pid.cpp:23->pid.cpp:64]   --->   Operation 209 'sdiv' 'sdiv_ln23_1' <Predicate = true> <Delay = 4.55> <CoreInst = "DivnS_SEQ">   --->   Core 7 'DivnS_SEQ' <Latency = 51> <II = 32> <Delay = 4.55> <FuncUnit> <Opcode : 'udiv' 'sdiv' 'urem' 'srem'> <InPorts = 2> <OutPorts = 1>
ST_14 : Operation 210 [46/52] (4.55ns)   --->   "%sdiv_ln23_2 = sdiv i48 %shl_ln23_2, i48 %sext_ln7_4" [pid.cpp:23->pid.cpp:65]   --->   Operation 210 'sdiv' 'sdiv_ln23_2' <Predicate = true> <Delay = 4.55> <CoreInst = "DivnS_SEQ">   --->   Core 7 'DivnS_SEQ' <Latency = 51> <II = 32> <Delay = 4.55> <FuncUnit> <Opcode : 'udiv' 'sdiv' 'urem' 'srem'> <InPorts = 2> <OutPorts = 1>

State 15 <SV = 14> <Delay = 4.55>
ST_15 : Operation 211 [45/52] (4.55ns)   --->   "%sdiv_ln23 = sdiv i48 %shl_ln, i48 %sext_ln7_4" [pid.cpp:23->pid.cpp:63]   --->   Operation 211 'sdiv' 'sdiv_ln23' <Predicate = true> <Delay = 4.55> <CoreInst = "DivnS_SEQ">   --->   Core 7 'DivnS_SEQ' <Latency = 51> <II = 32> <Delay = 4.55> <FuncUnit> <Opcode : 'udiv' 'sdiv' 'urem' 'srem'> <InPorts = 2> <OutPorts = 1>
ST_15 : Operation 212 [45/52] (4.55ns)   --->   "%sdiv_ln23_1 = sdiv i48 %shl_ln23_1, i48 %sext_ln7_4" [pid.cpp:23->pid.cpp:64]   --->   Operation 212 'sdiv' 'sdiv_ln23_1' <Predicate = true> <Delay = 4.55> <CoreInst = "DivnS_SEQ">   --->   Core 7 'DivnS_SEQ' <Latency = 51> <II = 32> <Delay = 4.55> <FuncUnit> <Opcode : 'udiv' 'sdiv' 'urem' 'srem'> <InPorts = 2> <OutPorts = 1>
ST_15 : Operation 213 [45/52] (4.55ns)   --->   "%sdiv_ln23_2 = sdiv i48 %shl_ln23_2, i48 %sext_ln7_4" [pid.cpp:23->pid.cpp:65]   --->   Operation 213 'sdiv' 'sdiv_ln23_2' <Predicate = true> <Delay = 4.55> <CoreInst = "DivnS_SEQ">   --->   Core 7 'DivnS_SEQ' <Latency = 51> <II = 32> <Delay = 4.55> <FuncUnit> <Opcode : 'udiv' 'sdiv' 'urem' 'srem'> <InPorts = 2> <OutPorts = 1>

State 16 <SV = 15> <Delay = 4.55>
ST_16 : Operation 214 [44/52] (4.55ns)   --->   "%sdiv_ln23 = sdiv i48 %shl_ln, i48 %sext_ln7_4" [pid.cpp:23->pid.cpp:63]   --->   Operation 214 'sdiv' 'sdiv_ln23' <Predicate = true> <Delay = 4.55> <CoreInst = "DivnS_SEQ">   --->   Core 7 'DivnS_SEQ' <Latency = 51> <II = 32> <Delay = 4.55> <FuncUnit> <Opcode : 'udiv' 'sdiv' 'urem' 'srem'> <InPorts = 2> <OutPorts = 1>
ST_16 : Operation 215 [44/52] (4.55ns)   --->   "%sdiv_ln23_1 = sdiv i48 %shl_ln23_1, i48 %sext_ln7_4" [pid.cpp:23->pid.cpp:64]   --->   Operation 215 'sdiv' 'sdiv_ln23_1' <Predicate = true> <Delay = 4.55> <CoreInst = "DivnS_SEQ">   --->   Core 7 'DivnS_SEQ' <Latency = 51> <II = 32> <Delay = 4.55> <FuncUnit> <Opcode : 'udiv' 'sdiv' 'urem' 'srem'> <InPorts = 2> <OutPorts = 1>
ST_16 : Operation 216 [44/52] (4.55ns)   --->   "%sdiv_ln23_2 = sdiv i48 %shl_ln23_2, i48 %sext_ln7_4" [pid.cpp:23->pid.cpp:65]   --->   Operation 216 'sdiv' 'sdiv_ln23_2' <Predicate = true> <Delay = 4.55> <CoreInst = "DivnS_SEQ">   --->   Core 7 'DivnS_SEQ' <Latency = 51> <II = 32> <Delay = 4.55> <FuncUnit> <Opcode : 'udiv' 'sdiv' 'urem' 'srem'> <InPorts = 2> <OutPorts = 1>

State 17 <SV = 16> <Delay = 4.55>
ST_17 : Operation 217 [43/52] (4.55ns)   --->   "%sdiv_ln23 = sdiv i48 %shl_ln, i48 %sext_ln7_4" [pid.cpp:23->pid.cpp:63]   --->   Operation 217 'sdiv' 'sdiv_ln23' <Predicate = true> <Delay = 4.55> <CoreInst = "DivnS_SEQ">   --->   Core 7 'DivnS_SEQ' <Latency = 51> <II = 32> <Delay = 4.55> <FuncUnit> <Opcode : 'udiv' 'sdiv' 'urem' 'srem'> <InPorts = 2> <OutPorts = 1>
ST_17 : Operation 218 [43/52] (4.55ns)   --->   "%sdiv_ln23_1 = sdiv i48 %shl_ln23_1, i48 %sext_ln7_4" [pid.cpp:23->pid.cpp:64]   --->   Operation 218 'sdiv' 'sdiv_ln23_1' <Predicate = true> <Delay = 4.55> <CoreInst = "DivnS_SEQ">   --->   Core 7 'DivnS_SEQ' <Latency = 51> <II = 32> <Delay = 4.55> <FuncUnit> <Opcode : 'udiv' 'sdiv' 'urem' 'srem'> <InPorts = 2> <OutPorts = 1>
ST_17 : Operation 219 [43/52] (4.55ns)   --->   "%sdiv_ln23_2 = sdiv i48 %shl_ln23_2, i48 %sext_ln7_4" [pid.cpp:23->pid.cpp:65]   --->   Operation 219 'sdiv' 'sdiv_ln23_2' <Predicate = true> <Delay = 4.55> <CoreInst = "DivnS_SEQ">   --->   Core 7 'DivnS_SEQ' <Latency = 51> <II = 32> <Delay = 4.55> <FuncUnit> <Opcode : 'udiv' 'sdiv' 'urem' 'srem'> <InPorts = 2> <OutPorts = 1>

State 18 <SV = 17> <Delay = 4.55>
ST_18 : Operation 220 [42/52] (4.55ns)   --->   "%sdiv_ln23 = sdiv i48 %shl_ln, i48 %sext_ln7_4" [pid.cpp:23->pid.cpp:63]   --->   Operation 220 'sdiv' 'sdiv_ln23' <Predicate = true> <Delay = 4.55> <CoreInst = "DivnS_SEQ">   --->   Core 7 'DivnS_SEQ' <Latency = 51> <II = 32> <Delay = 4.55> <FuncUnit> <Opcode : 'udiv' 'sdiv' 'urem' 'srem'> <InPorts = 2> <OutPorts = 1>
ST_18 : Operation 221 [42/52] (4.55ns)   --->   "%sdiv_ln23_1 = sdiv i48 %shl_ln23_1, i48 %sext_ln7_4" [pid.cpp:23->pid.cpp:64]   --->   Operation 221 'sdiv' 'sdiv_ln23_1' <Predicate = true> <Delay = 4.55> <CoreInst = "DivnS_SEQ">   --->   Core 7 'DivnS_SEQ' <Latency = 51> <II = 32> <Delay = 4.55> <FuncUnit> <Opcode : 'udiv' 'sdiv' 'urem' 'srem'> <InPorts = 2> <OutPorts = 1>
ST_18 : Operation 222 [42/52] (4.55ns)   --->   "%sdiv_ln23_2 = sdiv i48 %shl_ln23_2, i48 %sext_ln7_4" [pid.cpp:23->pid.cpp:65]   --->   Operation 222 'sdiv' 'sdiv_ln23_2' <Predicate = true> <Delay = 4.55> <CoreInst = "DivnS_SEQ">   --->   Core 7 'DivnS_SEQ' <Latency = 51> <II = 32> <Delay = 4.55> <FuncUnit> <Opcode : 'udiv' 'sdiv' 'urem' 'srem'> <InPorts = 2> <OutPorts = 1>

State 19 <SV = 18> <Delay = 4.55>
ST_19 : Operation 223 [41/52] (4.55ns)   --->   "%sdiv_ln23 = sdiv i48 %shl_ln, i48 %sext_ln7_4" [pid.cpp:23->pid.cpp:63]   --->   Operation 223 'sdiv' 'sdiv_ln23' <Predicate = true> <Delay = 4.55> <CoreInst = "DivnS_SEQ">   --->   Core 7 'DivnS_SEQ' <Latency = 51> <II = 32> <Delay = 4.55> <FuncUnit> <Opcode : 'udiv' 'sdiv' 'urem' 'srem'> <InPorts = 2> <OutPorts = 1>
ST_19 : Operation 224 [41/52] (4.55ns)   --->   "%sdiv_ln23_1 = sdiv i48 %shl_ln23_1, i48 %sext_ln7_4" [pid.cpp:23->pid.cpp:64]   --->   Operation 224 'sdiv' 'sdiv_ln23_1' <Predicate = true> <Delay = 4.55> <CoreInst = "DivnS_SEQ">   --->   Core 7 'DivnS_SEQ' <Latency = 51> <II = 32> <Delay = 4.55> <FuncUnit> <Opcode : 'udiv' 'sdiv' 'urem' 'srem'> <InPorts = 2> <OutPorts = 1>
ST_19 : Operation 225 [41/52] (4.55ns)   --->   "%sdiv_ln23_2 = sdiv i48 %shl_ln23_2, i48 %sext_ln7_4" [pid.cpp:23->pid.cpp:65]   --->   Operation 225 'sdiv' 'sdiv_ln23_2' <Predicate = true> <Delay = 4.55> <CoreInst = "DivnS_SEQ">   --->   Core 7 'DivnS_SEQ' <Latency = 51> <II = 32> <Delay = 4.55> <FuncUnit> <Opcode : 'udiv' 'sdiv' 'urem' 'srem'> <InPorts = 2> <OutPorts = 1>

State 20 <SV = 19> <Delay = 4.55>
ST_20 : Operation 226 [40/52] (4.55ns)   --->   "%sdiv_ln23 = sdiv i48 %shl_ln, i48 %sext_ln7_4" [pid.cpp:23->pid.cpp:63]   --->   Operation 226 'sdiv' 'sdiv_ln23' <Predicate = true> <Delay = 4.55> <CoreInst = "DivnS_SEQ">   --->   Core 7 'DivnS_SEQ' <Latency = 51> <II = 32> <Delay = 4.55> <FuncUnit> <Opcode : 'udiv' 'sdiv' 'urem' 'srem'> <InPorts = 2> <OutPorts = 1>
ST_20 : Operation 227 [40/52] (4.55ns)   --->   "%sdiv_ln23_1 = sdiv i48 %shl_ln23_1, i48 %sext_ln7_4" [pid.cpp:23->pid.cpp:64]   --->   Operation 227 'sdiv' 'sdiv_ln23_1' <Predicate = true> <Delay = 4.55> <CoreInst = "DivnS_SEQ">   --->   Core 7 'DivnS_SEQ' <Latency = 51> <II = 32> <Delay = 4.55> <FuncUnit> <Opcode : 'udiv' 'sdiv' 'urem' 'srem'> <InPorts = 2> <OutPorts = 1>
ST_20 : Operation 228 [40/52] (4.55ns)   --->   "%sdiv_ln23_2 = sdiv i48 %shl_ln23_2, i48 %sext_ln7_4" [pid.cpp:23->pid.cpp:65]   --->   Operation 228 'sdiv' 'sdiv_ln23_2' <Predicate = true> <Delay = 4.55> <CoreInst = "DivnS_SEQ">   --->   Core 7 'DivnS_SEQ' <Latency = 51> <II = 32> <Delay = 4.55> <FuncUnit> <Opcode : 'udiv' 'sdiv' 'urem' 'srem'> <InPorts = 2> <OutPorts = 1>

State 21 <SV = 20> <Delay = 4.55>
ST_21 : Operation 229 [39/52] (4.55ns)   --->   "%sdiv_ln23 = sdiv i48 %shl_ln, i48 %sext_ln7_4" [pid.cpp:23->pid.cpp:63]   --->   Operation 229 'sdiv' 'sdiv_ln23' <Predicate = true> <Delay = 4.55> <CoreInst = "DivnS_SEQ">   --->   Core 7 'DivnS_SEQ' <Latency = 51> <II = 32> <Delay = 4.55> <FuncUnit> <Opcode : 'udiv' 'sdiv' 'urem' 'srem'> <InPorts = 2> <OutPorts = 1>
ST_21 : Operation 230 [39/52] (4.55ns)   --->   "%sdiv_ln23_1 = sdiv i48 %shl_ln23_1, i48 %sext_ln7_4" [pid.cpp:23->pid.cpp:64]   --->   Operation 230 'sdiv' 'sdiv_ln23_1' <Predicate = true> <Delay = 4.55> <CoreInst = "DivnS_SEQ">   --->   Core 7 'DivnS_SEQ' <Latency = 51> <II = 32> <Delay = 4.55> <FuncUnit> <Opcode : 'udiv' 'sdiv' 'urem' 'srem'> <InPorts = 2> <OutPorts = 1>
ST_21 : Operation 231 [39/52] (4.55ns)   --->   "%sdiv_ln23_2 = sdiv i48 %shl_ln23_2, i48 %sext_ln7_4" [pid.cpp:23->pid.cpp:65]   --->   Operation 231 'sdiv' 'sdiv_ln23_2' <Predicate = true> <Delay = 4.55> <CoreInst = "DivnS_SEQ">   --->   Core 7 'DivnS_SEQ' <Latency = 51> <II = 32> <Delay = 4.55> <FuncUnit> <Opcode : 'udiv' 'sdiv' 'urem' 'srem'> <InPorts = 2> <OutPorts = 1>

State 22 <SV = 21> <Delay = 4.55>
ST_22 : Operation 232 [38/52] (4.55ns)   --->   "%sdiv_ln23 = sdiv i48 %shl_ln, i48 %sext_ln7_4" [pid.cpp:23->pid.cpp:63]   --->   Operation 232 'sdiv' 'sdiv_ln23' <Predicate = true> <Delay = 4.55> <CoreInst = "DivnS_SEQ">   --->   Core 7 'DivnS_SEQ' <Latency = 51> <II = 32> <Delay = 4.55> <FuncUnit> <Opcode : 'udiv' 'sdiv' 'urem' 'srem'> <InPorts = 2> <OutPorts = 1>
ST_22 : Operation 233 [38/52] (4.55ns)   --->   "%sdiv_ln23_1 = sdiv i48 %shl_ln23_1, i48 %sext_ln7_4" [pid.cpp:23->pid.cpp:64]   --->   Operation 233 'sdiv' 'sdiv_ln23_1' <Predicate = true> <Delay = 4.55> <CoreInst = "DivnS_SEQ">   --->   Core 7 'DivnS_SEQ' <Latency = 51> <II = 32> <Delay = 4.55> <FuncUnit> <Opcode : 'udiv' 'sdiv' 'urem' 'srem'> <InPorts = 2> <OutPorts = 1>
ST_22 : Operation 234 [38/52] (4.55ns)   --->   "%sdiv_ln23_2 = sdiv i48 %shl_ln23_2, i48 %sext_ln7_4" [pid.cpp:23->pid.cpp:65]   --->   Operation 234 'sdiv' 'sdiv_ln23_2' <Predicate = true> <Delay = 4.55> <CoreInst = "DivnS_SEQ">   --->   Core 7 'DivnS_SEQ' <Latency = 51> <II = 32> <Delay = 4.55> <FuncUnit> <Opcode : 'udiv' 'sdiv' 'urem' 'srem'> <InPorts = 2> <OutPorts = 1>

State 23 <SV = 22> <Delay = 4.55>
ST_23 : Operation 235 [37/52] (4.55ns)   --->   "%sdiv_ln23 = sdiv i48 %shl_ln, i48 %sext_ln7_4" [pid.cpp:23->pid.cpp:63]   --->   Operation 235 'sdiv' 'sdiv_ln23' <Predicate = true> <Delay = 4.55> <CoreInst = "DivnS_SEQ">   --->   Core 7 'DivnS_SEQ' <Latency = 51> <II = 32> <Delay = 4.55> <FuncUnit> <Opcode : 'udiv' 'sdiv' 'urem' 'srem'> <InPorts = 2> <OutPorts = 1>
ST_23 : Operation 236 [37/52] (4.55ns)   --->   "%sdiv_ln23_1 = sdiv i48 %shl_ln23_1, i48 %sext_ln7_4" [pid.cpp:23->pid.cpp:64]   --->   Operation 236 'sdiv' 'sdiv_ln23_1' <Predicate = true> <Delay = 4.55> <CoreInst = "DivnS_SEQ">   --->   Core 7 'DivnS_SEQ' <Latency = 51> <II = 32> <Delay = 4.55> <FuncUnit> <Opcode : 'udiv' 'sdiv' 'urem' 'srem'> <InPorts = 2> <OutPorts = 1>
ST_23 : Operation 237 [37/52] (4.55ns)   --->   "%sdiv_ln23_2 = sdiv i48 %shl_ln23_2, i48 %sext_ln7_4" [pid.cpp:23->pid.cpp:65]   --->   Operation 237 'sdiv' 'sdiv_ln23_2' <Predicate = true> <Delay = 4.55> <CoreInst = "DivnS_SEQ">   --->   Core 7 'DivnS_SEQ' <Latency = 51> <II = 32> <Delay = 4.55> <FuncUnit> <Opcode : 'udiv' 'sdiv' 'urem' 'srem'> <InPorts = 2> <OutPorts = 1>

State 24 <SV = 23> <Delay = 4.55>
ST_24 : Operation 238 [36/52] (4.55ns)   --->   "%sdiv_ln23 = sdiv i48 %shl_ln, i48 %sext_ln7_4" [pid.cpp:23->pid.cpp:63]   --->   Operation 238 'sdiv' 'sdiv_ln23' <Predicate = true> <Delay = 4.55> <CoreInst = "DivnS_SEQ">   --->   Core 7 'DivnS_SEQ' <Latency = 51> <II = 32> <Delay = 4.55> <FuncUnit> <Opcode : 'udiv' 'sdiv' 'urem' 'srem'> <InPorts = 2> <OutPorts = 1>
ST_24 : Operation 239 [36/52] (4.55ns)   --->   "%sdiv_ln23_1 = sdiv i48 %shl_ln23_1, i48 %sext_ln7_4" [pid.cpp:23->pid.cpp:64]   --->   Operation 239 'sdiv' 'sdiv_ln23_1' <Predicate = true> <Delay = 4.55> <CoreInst = "DivnS_SEQ">   --->   Core 7 'DivnS_SEQ' <Latency = 51> <II = 32> <Delay = 4.55> <FuncUnit> <Opcode : 'udiv' 'sdiv' 'urem' 'srem'> <InPorts = 2> <OutPorts = 1>
ST_24 : Operation 240 [36/52] (4.55ns)   --->   "%sdiv_ln23_2 = sdiv i48 %shl_ln23_2, i48 %sext_ln7_4" [pid.cpp:23->pid.cpp:65]   --->   Operation 240 'sdiv' 'sdiv_ln23_2' <Predicate = true> <Delay = 4.55> <CoreInst = "DivnS_SEQ">   --->   Core 7 'DivnS_SEQ' <Latency = 51> <II = 32> <Delay = 4.55> <FuncUnit> <Opcode : 'udiv' 'sdiv' 'urem' 'srem'> <InPorts = 2> <OutPorts = 1>

State 25 <SV = 24> <Delay = 4.55>
ST_25 : Operation 241 [35/52] (4.55ns)   --->   "%sdiv_ln23 = sdiv i48 %shl_ln, i48 %sext_ln7_4" [pid.cpp:23->pid.cpp:63]   --->   Operation 241 'sdiv' 'sdiv_ln23' <Predicate = true> <Delay = 4.55> <CoreInst = "DivnS_SEQ">   --->   Core 7 'DivnS_SEQ' <Latency = 51> <II = 32> <Delay = 4.55> <FuncUnit> <Opcode : 'udiv' 'sdiv' 'urem' 'srem'> <InPorts = 2> <OutPorts = 1>
ST_25 : Operation 242 [35/52] (4.55ns)   --->   "%sdiv_ln23_1 = sdiv i48 %shl_ln23_1, i48 %sext_ln7_4" [pid.cpp:23->pid.cpp:64]   --->   Operation 242 'sdiv' 'sdiv_ln23_1' <Predicate = true> <Delay = 4.55> <CoreInst = "DivnS_SEQ">   --->   Core 7 'DivnS_SEQ' <Latency = 51> <II = 32> <Delay = 4.55> <FuncUnit> <Opcode : 'udiv' 'sdiv' 'urem' 'srem'> <InPorts = 2> <OutPorts = 1>
ST_25 : Operation 243 [35/52] (4.55ns)   --->   "%sdiv_ln23_2 = sdiv i48 %shl_ln23_2, i48 %sext_ln7_4" [pid.cpp:23->pid.cpp:65]   --->   Operation 243 'sdiv' 'sdiv_ln23_2' <Predicate = true> <Delay = 4.55> <CoreInst = "DivnS_SEQ">   --->   Core 7 'DivnS_SEQ' <Latency = 51> <II = 32> <Delay = 4.55> <FuncUnit> <Opcode : 'udiv' 'sdiv' 'urem' 'srem'> <InPorts = 2> <OutPorts = 1>

State 26 <SV = 25> <Delay = 4.55>
ST_26 : Operation 244 [34/52] (4.55ns)   --->   "%sdiv_ln23 = sdiv i48 %shl_ln, i48 %sext_ln7_4" [pid.cpp:23->pid.cpp:63]   --->   Operation 244 'sdiv' 'sdiv_ln23' <Predicate = true> <Delay = 4.55> <CoreInst = "DivnS_SEQ">   --->   Core 7 'DivnS_SEQ' <Latency = 51> <II = 32> <Delay = 4.55> <FuncUnit> <Opcode : 'udiv' 'sdiv' 'urem' 'srem'> <InPorts = 2> <OutPorts = 1>
ST_26 : Operation 245 [34/52] (4.55ns)   --->   "%sdiv_ln23_1 = sdiv i48 %shl_ln23_1, i48 %sext_ln7_4" [pid.cpp:23->pid.cpp:64]   --->   Operation 245 'sdiv' 'sdiv_ln23_1' <Predicate = true> <Delay = 4.55> <CoreInst = "DivnS_SEQ">   --->   Core 7 'DivnS_SEQ' <Latency = 51> <II = 32> <Delay = 4.55> <FuncUnit> <Opcode : 'udiv' 'sdiv' 'urem' 'srem'> <InPorts = 2> <OutPorts = 1>
ST_26 : Operation 246 [34/52] (4.55ns)   --->   "%sdiv_ln23_2 = sdiv i48 %shl_ln23_2, i48 %sext_ln7_4" [pid.cpp:23->pid.cpp:65]   --->   Operation 246 'sdiv' 'sdiv_ln23_2' <Predicate = true> <Delay = 4.55> <CoreInst = "DivnS_SEQ">   --->   Core 7 'DivnS_SEQ' <Latency = 51> <II = 32> <Delay = 4.55> <FuncUnit> <Opcode : 'udiv' 'sdiv' 'urem' 'srem'> <InPorts = 2> <OutPorts = 1>

State 27 <SV = 26> <Delay = 4.55>
ST_27 : Operation 247 [33/52] (4.55ns)   --->   "%sdiv_ln23 = sdiv i48 %shl_ln, i48 %sext_ln7_4" [pid.cpp:23->pid.cpp:63]   --->   Operation 247 'sdiv' 'sdiv_ln23' <Predicate = true> <Delay = 4.55> <CoreInst = "DivnS_SEQ">   --->   Core 7 'DivnS_SEQ' <Latency = 51> <II = 32> <Delay = 4.55> <FuncUnit> <Opcode : 'udiv' 'sdiv' 'urem' 'srem'> <InPorts = 2> <OutPorts = 1>
ST_27 : Operation 248 [33/52] (4.55ns)   --->   "%sdiv_ln23_1 = sdiv i48 %shl_ln23_1, i48 %sext_ln7_4" [pid.cpp:23->pid.cpp:64]   --->   Operation 248 'sdiv' 'sdiv_ln23_1' <Predicate = true> <Delay = 4.55> <CoreInst = "DivnS_SEQ">   --->   Core 7 'DivnS_SEQ' <Latency = 51> <II = 32> <Delay = 4.55> <FuncUnit> <Opcode : 'udiv' 'sdiv' 'urem' 'srem'> <InPorts = 2> <OutPorts = 1>
ST_27 : Operation 249 [33/52] (4.55ns)   --->   "%sdiv_ln23_2 = sdiv i48 %shl_ln23_2, i48 %sext_ln7_4" [pid.cpp:23->pid.cpp:65]   --->   Operation 249 'sdiv' 'sdiv_ln23_2' <Predicate = true> <Delay = 4.55> <CoreInst = "DivnS_SEQ">   --->   Core 7 'DivnS_SEQ' <Latency = 51> <II = 32> <Delay = 4.55> <FuncUnit> <Opcode : 'udiv' 'sdiv' 'urem' 'srem'> <InPorts = 2> <OutPorts = 1>

State 28 <SV = 27> <Delay = 4.55>
ST_28 : Operation 250 [32/52] (4.55ns)   --->   "%sdiv_ln23 = sdiv i48 %shl_ln, i48 %sext_ln7_4" [pid.cpp:23->pid.cpp:63]   --->   Operation 250 'sdiv' 'sdiv_ln23' <Predicate = true> <Delay = 4.55> <CoreInst = "DivnS_SEQ">   --->   Core 7 'DivnS_SEQ' <Latency = 51> <II = 32> <Delay = 4.55> <FuncUnit> <Opcode : 'udiv' 'sdiv' 'urem' 'srem'> <InPorts = 2> <OutPorts = 1>
ST_28 : Operation 251 [32/52] (4.55ns)   --->   "%sdiv_ln23_1 = sdiv i48 %shl_ln23_1, i48 %sext_ln7_4" [pid.cpp:23->pid.cpp:64]   --->   Operation 251 'sdiv' 'sdiv_ln23_1' <Predicate = true> <Delay = 4.55> <CoreInst = "DivnS_SEQ">   --->   Core 7 'DivnS_SEQ' <Latency = 51> <II = 32> <Delay = 4.55> <FuncUnit> <Opcode : 'udiv' 'sdiv' 'urem' 'srem'> <InPorts = 2> <OutPorts = 1>
ST_28 : Operation 252 [32/52] (4.55ns)   --->   "%sdiv_ln23_2 = sdiv i48 %shl_ln23_2, i48 %sext_ln7_4" [pid.cpp:23->pid.cpp:65]   --->   Operation 252 'sdiv' 'sdiv_ln23_2' <Predicate = true> <Delay = 4.55> <CoreInst = "DivnS_SEQ">   --->   Core 7 'DivnS_SEQ' <Latency = 51> <II = 32> <Delay = 4.55> <FuncUnit> <Opcode : 'udiv' 'sdiv' 'urem' 'srem'> <InPorts = 2> <OutPorts = 1>

State 29 <SV = 28> <Delay = 4.55>
ST_29 : Operation 253 [31/52] (4.55ns)   --->   "%sdiv_ln23 = sdiv i48 %shl_ln, i48 %sext_ln7_4" [pid.cpp:23->pid.cpp:63]   --->   Operation 253 'sdiv' 'sdiv_ln23' <Predicate = true> <Delay = 4.55> <CoreInst = "DivnS_SEQ">   --->   Core 7 'DivnS_SEQ' <Latency = 51> <II = 32> <Delay = 4.55> <FuncUnit> <Opcode : 'udiv' 'sdiv' 'urem' 'srem'> <InPorts = 2> <OutPorts = 1>
ST_29 : Operation 254 [31/52] (4.55ns)   --->   "%sdiv_ln23_1 = sdiv i48 %shl_ln23_1, i48 %sext_ln7_4" [pid.cpp:23->pid.cpp:64]   --->   Operation 254 'sdiv' 'sdiv_ln23_1' <Predicate = true> <Delay = 4.55> <CoreInst = "DivnS_SEQ">   --->   Core 7 'DivnS_SEQ' <Latency = 51> <II = 32> <Delay = 4.55> <FuncUnit> <Opcode : 'udiv' 'sdiv' 'urem' 'srem'> <InPorts = 2> <OutPorts = 1>
ST_29 : Operation 255 [31/52] (4.55ns)   --->   "%sdiv_ln23_2 = sdiv i48 %shl_ln23_2, i48 %sext_ln7_4" [pid.cpp:23->pid.cpp:65]   --->   Operation 255 'sdiv' 'sdiv_ln23_2' <Predicate = true> <Delay = 4.55> <CoreInst = "DivnS_SEQ">   --->   Core 7 'DivnS_SEQ' <Latency = 51> <II = 32> <Delay = 4.55> <FuncUnit> <Opcode : 'udiv' 'sdiv' 'urem' 'srem'> <InPorts = 2> <OutPorts = 1>

State 30 <SV = 29> <Delay = 4.55>
ST_30 : Operation 256 [30/52] (4.55ns)   --->   "%sdiv_ln23 = sdiv i48 %shl_ln, i48 %sext_ln7_4" [pid.cpp:23->pid.cpp:63]   --->   Operation 256 'sdiv' 'sdiv_ln23' <Predicate = true> <Delay = 4.55> <CoreInst = "DivnS_SEQ">   --->   Core 7 'DivnS_SEQ' <Latency = 51> <II = 32> <Delay = 4.55> <FuncUnit> <Opcode : 'udiv' 'sdiv' 'urem' 'srem'> <InPorts = 2> <OutPorts = 1>
ST_30 : Operation 257 [30/52] (4.55ns)   --->   "%sdiv_ln23_1 = sdiv i48 %shl_ln23_1, i48 %sext_ln7_4" [pid.cpp:23->pid.cpp:64]   --->   Operation 257 'sdiv' 'sdiv_ln23_1' <Predicate = true> <Delay = 4.55> <CoreInst = "DivnS_SEQ">   --->   Core 7 'DivnS_SEQ' <Latency = 51> <II = 32> <Delay = 4.55> <FuncUnit> <Opcode : 'udiv' 'sdiv' 'urem' 'srem'> <InPorts = 2> <OutPorts = 1>
ST_30 : Operation 258 [30/52] (4.55ns)   --->   "%sdiv_ln23_2 = sdiv i48 %shl_ln23_2, i48 %sext_ln7_4" [pid.cpp:23->pid.cpp:65]   --->   Operation 258 'sdiv' 'sdiv_ln23_2' <Predicate = true> <Delay = 4.55> <CoreInst = "DivnS_SEQ">   --->   Core 7 'DivnS_SEQ' <Latency = 51> <II = 32> <Delay = 4.55> <FuncUnit> <Opcode : 'udiv' 'sdiv' 'urem' 'srem'> <InPorts = 2> <OutPorts = 1>

State 31 <SV = 30> <Delay = 4.55>
ST_31 : Operation 259 [29/52] (4.55ns)   --->   "%sdiv_ln23 = sdiv i48 %shl_ln, i48 %sext_ln7_4" [pid.cpp:23->pid.cpp:63]   --->   Operation 259 'sdiv' 'sdiv_ln23' <Predicate = true> <Delay = 4.55> <CoreInst = "DivnS_SEQ">   --->   Core 7 'DivnS_SEQ' <Latency = 51> <II = 32> <Delay = 4.55> <FuncUnit> <Opcode : 'udiv' 'sdiv' 'urem' 'srem'> <InPorts = 2> <OutPorts = 1>
ST_31 : Operation 260 [29/52] (4.55ns)   --->   "%sdiv_ln23_1 = sdiv i48 %shl_ln23_1, i48 %sext_ln7_4" [pid.cpp:23->pid.cpp:64]   --->   Operation 260 'sdiv' 'sdiv_ln23_1' <Predicate = true> <Delay = 4.55> <CoreInst = "DivnS_SEQ">   --->   Core 7 'DivnS_SEQ' <Latency = 51> <II = 32> <Delay = 4.55> <FuncUnit> <Opcode : 'udiv' 'sdiv' 'urem' 'srem'> <InPorts = 2> <OutPorts = 1>
ST_31 : Operation 261 [29/52] (4.55ns)   --->   "%sdiv_ln23_2 = sdiv i48 %shl_ln23_2, i48 %sext_ln7_4" [pid.cpp:23->pid.cpp:65]   --->   Operation 261 'sdiv' 'sdiv_ln23_2' <Predicate = true> <Delay = 4.55> <CoreInst = "DivnS_SEQ">   --->   Core 7 'DivnS_SEQ' <Latency = 51> <II = 32> <Delay = 4.55> <FuncUnit> <Opcode : 'udiv' 'sdiv' 'urem' 'srem'> <InPorts = 2> <OutPorts = 1>

State 32 <SV = 31> <Delay = 4.55>
ST_32 : Operation 262 [28/52] (4.55ns)   --->   "%sdiv_ln23 = sdiv i48 %shl_ln, i48 %sext_ln7_4" [pid.cpp:23->pid.cpp:63]   --->   Operation 262 'sdiv' 'sdiv_ln23' <Predicate = true> <Delay = 4.55> <CoreInst = "DivnS_SEQ">   --->   Core 7 'DivnS_SEQ' <Latency = 51> <II = 32> <Delay = 4.55> <FuncUnit> <Opcode : 'udiv' 'sdiv' 'urem' 'srem'> <InPorts = 2> <OutPorts = 1>
ST_32 : Operation 263 [28/52] (4.55ns)   --->   "%sdiv_ln23_1 = sdiv i48 %shl_ln23_1, i48 %sext_ln7_4" [pid.cpp:23->pid.cpp:64]   --->   Operation 263 'sdiv' 'sdiv_ln23_1' <Predicate = true> <Delay = 4.55> <CoreInst = "DivnS_SEQ">   --->   Core 7 'DivnS_SEQ' <Latency = 51> <II = 32> <Delay = 4.55> <FuncUnit> <Opcode : 'udiv' 'sdiv' 'urem' 'srem'> <InPorts = 2> <OutPorts = 1>
ST_32 : Operation 264 [28/52] (4.55ns)   --->   "%sdiv_ln23_2 = sdiv i48 %shl_ln23_2, i48 %sext_ln7_4" [pid.cpp:23->pid.cpp:65]   --->   Operation 264 'sdiv' 'sdiv_ln23_2' <Predicate = true> <Delay = 4.55> <CoreInst = "DivnS_SEQ">   --->   Core 7 'DivnS_SEQ' <Latency = 51> <II = 32> <Delay = 4.55> <FuncUnit> <Opcode : 'udiv' 'sdiv' 'urem' 'srem'> <InPorts = 2> <OutPorts = 1>

State 33 <SV = 32> <Delay = 4.55>
ST_33 : Operation 265 [27/52] (4.55ns)   --->   "%sdiv_ln23 = sdiv i48 %shl_ln, i48 %sext_ln7_4" [pid.cpp:23->pid.cpp:63]   --->   Operation 265 'sdiv' 'sdiv_ln23' <Predicate = true> <Delay = 4.55> <CoreInst = "DivnS_SEQ">   --->   Core 7 'DivnS_SEQ' <Latency = 51> <II = 32> <Delay = 4.55> <FuncUnit> <Opcode : 'udiv' 'sdiv' 'urem' 'srem'> <InPorts = 2> <OutPorts = 1>
ST_33 : Operation 266 [27/52] (4.55ns)   --->   "%sdiv_ln23_1 = sdiv i48 %shl_ln23_1, i48 %sext_ln7_4" [pid.cpp:23->pid.cpp:64]   --->   Operation 266 'sdiv' 'sdiv_ln23_1' <Predicate = true> <Delay = 4.55> <CoreInst = "DivnS_SEQ">   --->   Core 7 'DivnS_SEQ' <Latency = 51> <II = 32> <Delay = 4.55> <FuncUnit> <Opcode : 'udiv' 'sdiv' 'urem' 'srem'> <InPorts = 2> <OutPorts = 1>
ST_33 : Operation 267 [27/52] (4.55ns)   --->   "%sdiv_ln23_2 = sdiv i48 %shl_ln23_2, i48 %sext_ln7_4" [pid.cpp:23->pid.cpp:65]   --->   Operation 267 'sdiv' 'sdiv_ln23_2' <Predicate = true> <Delay = 4.55> <CoreInst = "DivnS_SEQ">   --->   Core 7 'DivnS_SEQ' <Latency = 51> <II = 32> <Delay = 4.55> <FuncUnit> <Opcode : 'udiv' 'sdiv' 'urem' 'srem'> <InPorts = 2> <OutPorts = 1>

State 34 <SV = 33> <Delay = 4.55>
ST_34 : Operation 268 [26/52] (4.55ns)   --->   "%sdiv_ln23 = sdiv i48 %shl_ln, i48 %sext_ln7_4" [pid.cpp:23->pid.cpp:63]   --->   Operation 268 'sdiv' 'sdiv_ln23' <Predicate = true> <Delay = 4.55> <CoreInst = "DivnS_SEQ">   --->   Core 7 'DivnS_SEQ' <Latency = 51> <II = 32> <Delay = 4.55> <FuncUnit> <Opcode : 'udiv' 'sdiv' 'urem' 'srem'> <InPorts = 2> <OutPorts = 1>
ST_34 : Operation 269 [26/52] (4.55ns)   --->   "%sdiv_ln23_1 = sdiv i48 %shl_ln23_1, i48 %sext_ln7_4" [pid.cpp:23->pid.cpp:64]   --->   Operation 269 'sdiv' 'sdiv_ln23_1' <Predicate = true> <Delay = 4.55> <CoreInst = "DivnS_SEQ">   --->   Core 7 'DivnS_SEQ' <Latency = 51> <II = 32> <Delay = 4.55> <FuncUnit> <Opcode : 'udiv' 'sdiv' 'urem' 'srem'> <InPorts = 2> <OutPorts = 1>
ST_34 : Operation 270 [26/52] (4.55ns)   --->   "%sdiv_ln23_2 = sdiv i48 %shl_ln23_2, i48 %sext_ln7_4" [pid.cpp:23->pid.cpp:65]   --->   Operation 270 'sdiv' 'sdiv_ln23_2' <Predicate = true> <Delay = 4.55> <CoreInst = "DivnS_SEQ">   --->   Core 7 'DivnS_SEQ' <Latency = 51> <II = 32> <Delay = 4.55> <FuncUnit> <Opcode : 'udiv' 'sdiv' 'urem' 'srem'> <InPorts = 2> <OutPorts = 1>

State 35 <SV = 34> <Delay = 4.55>
ST_35 : Operation 271 [25/52] (4.55ns)   --->   "%sdiv_ln23 = sdiv i48 %shl_ln, i48 %sext_ln7_4" [pid.cpp:23->pid.cpp:63]   --->   Operation 271 'sdiv' 'sdiv_ln23' <Predicate = true> <Delay = 4.55> <CoreInst = "DivnS_SEQ">   --->   Core 7 'DivnS_SEQ' <Latency = 51> <II = 32> <Delay = 4.55> <FuncUnit> <Opcode : 'udiv' 'sdiv' 'urem' 'srem'> <InPorts = 2> <OutPorts = 1>
ST_35 : Operation 272 [25/52] (4.55ns)   --->   "%sdiv_ln23_1 = sdiv i48 %shl_ln23_1, i48 %sext_ln7_4" [pid.cpp:23->pid.cpp:64]   --->   Operation 272 'sdiv' 'sdiv_ln23_1' <Predicate = true> <Delay = 4.55> <CoreInst = "DivnS_SEQ">   --->   Core 7 'DivnS_SEQ' <Latency = 51> <II = 32> <Delay = 4.55> <FuncUnit> <Opcode : 'udiv' 'sdiv' 'urem' 'srem'> <InPorts = 2> <OutPorts = 1>
ST_35 : Operation 273 [25/52] (4.55ns)   --->   "%sdiv_ln23_2 = sdiv i48 %shl_ln23_2, i48 %sext_ln7_4" [pid.cpp:23->pid.cpp:65]   --->   Operation 273 'sdiv' 'sdiv_ln23_2' <Predicate = true> <Delay = 4.55> <CoreInst = "DivnS_SEQ">   --->   Core 7 'DivnS_SEQ' <Latency = 51> <II = 32> <Delay = 4.55> <FuncUnit> <Opcode : 'udiv' 'sdiv' 'urem' 'srem'> <InPorts = 2> <OutPorts = 1>

State 36 <SV = 35> <Delay = 4.55>
ST_36 : Operation 274 [24/52] (4.55ns)   --->   "%sdiv_ln23 = sdiv i48 %shl_ln, i48 %sext_ln7_4" [pid.cpp:23->pid.cpp:63]   --->   Operation 274 'sdiv' 'sdiv_ln23' <Predicate = true> <Delay = 4.55> <CoreInst = "DivnS_SEQ">   --->   Core 7 'DivnS_SEQ' <Latency = 51> <II = 32> <Delay = 4.55> <FuncUnit> <Opcode : 'udiv' 'sdiv' 'urem' 'srem'> <InPorts = 2> <OutPorts = 1>
ST_36 : Operation 275 [24/52] (4.55ns)   --->   "%sdiv_ln23_1 = sdiv i48 %shl_ln23_1, i48 %sext_ln7_4" [pid.cpp:23->pid.cpp:64]   --->   Operation 275 'sdiv' 'sdiv_ln23_1' <Predicate = true> <Delay = 4.55> <CoreInst = "DivnS_SEQ">   --->   Core 7 'DivnS_SEQ' <Latency = 51> <II = 32> <Delay = 4.55> <FuncUnit> <Opcode : 'udiv' 'sdiv' 'urem' 'srem'> <InPorts = 2> <OutPorts = 1>
ST_36 : Operation 276 [24/52] (4.55ns)   --->   "%sdiv_ln23_2 = sdiv i48 %shl_ln23_2, i48 %sext_ln7_4" [pid.cpp:23->pid.cpp:65]   --->   Operation 276 'sdiv' 'sdiv_ln23_2' <Predicate = true> <Delay = 4.55> <CoreInst = "DivnS_SEQ">   --->   Core 7 'DivnS_SEQ' <Latency = 51> <II = 32> <Delay = 4.55> <FuncUnit> <Opcode : 'udiv' 'sdiv' 'urem' 'srem'> <InPorts = 2> <OutPorts = 1>

State 37 <SV = 36> <Delay = 4.55>
ST_37 : Operation 277 [23/52] (4.55ns)   --->   "%sdiv_ln23 = sdiv i48 %shl_ln, i48 %sext_ln7_4" [pid.cpp:23->pid.cpp:63]   --->   Operation 277 'sdiv' 'sdiv_ln23' <Predicate = true> <Delay = 4.55> <CoreInst = "DivnS_SEQ">   --->   Core 7 'DivnS_SEQ' <Latency = 51> <II = 32> <Delay = 4.55> <FuncUnit> <Opcode : 'udiv' 'sdiv' 'urem' 'srem'> <InPorts = 2> <OutPorts = 1>
ST_37 : Operation 278 [23/52] (4.55ns)   --->   "%sdiv_ln23_1 = sdiv i48 %shl_ln23_1, i48 %sext_ln7_4" [pid.cpp:23->pid.cpp:64]   --->   Operation 278 'sdiv' 'sdiv_ln23_1' <Predicate = true> <Delay = 4.55> <CoreInst = "DivnS_SEQ">   --->   Core 7 'DivnS_SEQ' <Latency = 51> <II = 32> <Delay = 4.55> <FuncUnit> <Opcode : 'udiv' 'sdiv' 'urem' 'srem'> <InPorts = 2> <OutPorts = 1>
ST_37 : Operation 279 [23/52] (4.55ns)   --->   "%sdiv_ln23_2 = sdiv i48 %shl_ln23_2, i48 %sext_ln7_4" [pid.cpp:23->pid.cpp:65]   --->   Operation 279 'sdiv' 'sdiv_ln23_2' <Predicate = true> <Delay = 4.55> <CoreInst = "DivnS_SEQ">   --->   Core 7 'DivnS_SEQ' <Latency = 51> <II = 32> <Delay = 4.55> <FuncUnit> <Opcode : 'udiv' 'sdiv' 'urem' 'srem'> <InPorts = 2> <OutPorts = 1>

State 38 <SV = 37> <Delay = 4.55>
ST_38 : Operation 280 [22/52] (4.55ns)   --->   "%sdiv_ln23 = sdiv i48 %shl_ln, i48 %sext_ln7_4" [pid.cpp:23->pid.cpp:63]   --->   Operation 280 'sdiv' 'sdiv_ln23' <Predicate = true> <Delay = 4.55> <CoreInst = "DivnS_SEQ">   --->   Core 7 'DivnS_SEQ' <Latency = 51> <II = 32> <Delay = 4.55> <FuncUnit> <Opcode : 'udiv' 'sdiv' 'urem' 'srem'> <InPorts = 2> <OutPorts = 1>
ST_38 : Operation 281 [22/52] (4.55ns)   --->   "%sdiv_ln23_1 = sdiv i48 %shl_ln23_1, i48 %sext_ln7_4" [pid.cpp:23->pid.cpp:64]   --->   Operation 281 'sdiv' 'sdiv_ln23_1' <Predicate = true> <Delay = 4.55> <CoreInst = "DivnS_SEQ">   --->   Core 7 'DivnS_SEQ' <Latency = 51> <II = 32> <Delay = 4.55> <FuncUnit> <Opcode : 'udiv' 'sdiv' 'urem' 'srem'> <InPorts = 2> <OutPorts = 1>
ST_38 : Operation 282 [22/52] (4.55ns)   --->   "%sdiv_ln23_2 = sdiv i48 %shl_ln23_2, i48 %sext_ln7_4" [pid.cpp:23->pid.cpp:65]   --->   Operation 282 'sdiv' 'sdiv_ln23_2' <Predicate = true> <Delay = 4.55> <CoreInst = "DivnS_SEQ">   --->   Core 7 'DivnS_SEQ' <Latency = 51> <II = 32> <Delay = 4.55> <FuncUnit> <Opcode : 'udiv' 'sdiv' 'urem' 'srem'> <InPorts = 2> <OutPorts = 1>

State 39 <SV = 38> <Delay = 4.55>
ST_39 : Operation 283 [21/52] (4.55ns)   --->   "%sdiv_ln23 = sdiv i48 %shl_ln, i48 %sext_ln7_4" [pid.cpp:23->pid.cpp:63]   --->   Operation 283 'sdiv' 'sdiv_ln23' <Predicate = true> <Delay = 4.55> <CoreInst = "DivnS_SEQ">   --->   Core 7 'DivnS_SEQ' <Latency = 51> <II = 32> <Delay = 4.55> <FuncUnit> <Opcode : 'udiv' 'sdiv' 'urem' 'srem'> <InPorts = 2> <OutPorts = 1>
ST_39 : Operation 284 [21/52] (4.55ns)   --->   "%sdiv_ln23_1 = sdiv i48 %shl_ln23_1, i48 %sext_ln7_4" [pid.cpp:23->pid.cpp:64]   --->   Operation 284 'sdiv' 'sdiv_ln23_1' <Predicate = true> <Delay = 4.55> <CoreInst = "DivnS_SEQ">   --->   Core 7 'DivnS_SEQ' <Latency = 51> <II = 32> <Delay = 4.55> <FuncUnit> <Opcode : 'udiv' 'sdiv' 'urem' 'srem'> <InPorts = 2> <OutPorts = 1>
ST_39 : Operation 285 [21/52] (4.55ns)   --->   "%sdiv_ln23_2 = sdiv i48 %shl_ln23_2, i48 %sext_ln7_4" [pid.cpp:23->pid.cpp:65]   --->   Operation 285 'sdiv' 'sdiv_ln23_2' <Predicate = true> <Delay = 4.55> <CoreInst = "DivnS_SEQ">   --->   Core 7 'DivnS_SEQ' <Latency = 51> <II = 32> <Delay = 4.55> <FuncUnit> <Opcode : 'udiv' 'sdiv' 'urem' 'srem'> <InPorts = 2> <OutPorts = 1>

State 40 <SV = 39> <Delay = 4.55>
ST_40 : Operation 286 [20/52] (4.55ns)   --->   "%sdiv_ln23 = sdiv i48 %shl_ln, i48 %sext_ln7_4" [pid.cpp:23->pid.cpp:63]   --->   Operation 286 'sdiv' 'sdiv_ln23' <Predicate = true> <Delay = 4.55> <CoreInst = "DivnS_SEQ">   --->   Core 7 'DivnS_SEQ' <Latency = 51> <II = 32> <Delay = 4.55> <FuncUnit> <Opcode : 'udiv' 'sdiv' 'urem' 'srem'> <InPorts = 2> <OutPorts = 1>
ST_40 : Operation 287 [20/52] (4.55ns)   --->   "%sdiv_ln23_1 = sdiv i48 %shl_ln23_1, i48 %sext_ln7_4" [pid.cpp:23->pid.cpp:64]   --->   Operation 287 'sdiv' 'sdiv_ln23_1' <Predicate = true> <Delay = 4.55> <CoreInst = "DivnS_SEQ">   --->   Core 7 'DivnS_SEQ' <Latency = 51> <II = 32> <Delay = 4.55> <FuncUnit> <Opcode : 'udiv' 'sdiv' 'urem' 'srem'> <InPorts = 2> <OutPorts = 1>
ST_40 : Operation 288 [20/52] (4.55ns)   --->   "%sdiv_ln23_2 = sdiv i48 %shl_ln23_2, i48 %sext_ln7_4" [pid.cpp:23->pid.cpp:65]   --->   Operation 288 'sdiv' 'sdiv_ln23_2' <Predicate = true> <Delay = 4.55> <CoreInst = "DivnS_SEQ">   --->   Core 7 'DivnS_SEQ' <Latency = 51> <II = 32> <Delay = 4.55> <FuncUnit> <Opcode : 'udiv' 'sdiv' 'urem' 'srem'> <InPorts = 2> <OutPorts = 1>

State 41 <SV = 40> <Delay = 4.55>
ST_41 : Operation 289 [19/52] (4.55ns)   --->   "%sdiv_ln23 = sdiv i48 %shl_ln, i48 %sext_ln7_4" [pid.cpp:23->pid.cpp:63]   --->   Operation 289 'sdiv' 'sdiv_ln23' <Predicate = true> <Delay = 4.55> <CoreInst = "DivnS_SEQ">   --->   Core 7 'DivnS_SEQ' <Latency = 51> <II = 32> <Delay = 4.55> <FuncUnit> <Opcode : 'udiv' 'sdiv' 'urem' 'srem'> <InPorts = 2> <OutPorts = 1>
ST_41 : Operation 290 [19/52] (4.55ns)   --->   "%sdiv_ln23_1 = sdiv i48 %shl_ln23_1, i48 %sext_ln7_4" [pid.cpp:23->pid.cpp:64]   --->   Operation 290 'sdiv' 'sdiv_ln23_1' <Predicate = true> <Delay = 4.55> <CoreInst = "DivnS_SEQ">   --->   Core 7 'DivnS_SEQ' <Latency = 51> <II = 32> <Delay = 4.55> <FuncUnit> <Opcode : 'udiv' 'sdiv' 'urem' 'srem'> <InPorts = 2> <OutPorts = 1>
ST_41 : Operation 291 [19/52] (4.55ns)   --->   "%sdiv_ln23_2 = sdiv i48 %shl_ln23_2, i48 %sext_ln7_4" [pid.cpp:23->pid.cpp:65]   --->   Operation 291 'sdiv' 'sdiv_ln23_2' <Predicate = true> <Delay = 4.55> <CoreInst = "DivnS_SEQ">   --->   Core 7 'DivnS_SEQ' <Latency = 51> <II = 32> <Delay = 4.55> <FuncUnit> <Opcode : 'udiv' 'sdiv' 'urem' 'srem'> <InPorts = 2> <OutPorts = 1>

State 42 <SV = 41> <Delay = 4.55>
ST_42 : Operation 292 [18/52] (4.55ns)   --->   "%sdiv_ln23 = sdiv i48 %shl_ln, i48 %sext_ln7_4" [pid.cpp:23->pid.cpp:63]   --->   Operation 292 'sdiv' 'sdiv_ln23' <Predicate = true> <Delay = 4.55> <CoreInst = "DivnS_SEQ">   --->   Core 7 'DivnS_SEQ' <Latency = 51> <II = 32> <Delay = 4.55> <FuncUnit> <Opcode : 'udiv' 'sdiv' 'urem' 'srem'> <InPorts = 2> <OutPorts = 1>
ST_42 : Operation 293 [18/52] (4.55ns)   --->   "%sdiv_ln23_1 = sdiv i48 %shl_ln23_1, i48 %sext_ln7_4" [pid.cpp:23->pid.cpp:64]   --->   Operation 293 'sdiv' 'sdiv_ln23_1' <Predicate = true> <Delay = 4.55> <CoreInst = "DivnS_SEQ">   --->   Core 7 'DivnS_SEQ' <Latency = 51> <II = 32> <Delay = 4.55> <FuncUnit> <Opcode : 'udiv' 'sdiv' 'urem' 'srem'> <InPorts = 2> <OutPorts = 1>
ST_42 : Operation 294 [18/52] (4.55ns)   --->   "%sdiv_ln23_2 = sdiv i48 %shl_ln23_2, i48 %sext_ln7_4" [pid.cpp:23->pid.cpp:65]   --->   Operation 294 'sdiv' 'sdiv_ln23_2' <Predicate = true> <Delay = 4.55> <CoreInst = "DivnS_SEQ">   --->   Core 7 'DivnS_SEQ' <Latency = 51> <II = 32> <Delay = 4.55> <FuncUnit> <Opcode : 'udiv' 'sdiv' 'urem' 'srem'> <InPorts = 2> <OutPorts = 1>

State 43 <SV = 42> <Delay = 4.55>
ST_43 : Operation 295 [17/52] (4.55ns)   --->   "%sdiv_ln23 = sdiv i48 %shl_ln, i48 %sext_ln7_4" [pid.cpp:23->pid.cpp:63]   --->   Operation 295 'sdiv' 'sdiv_ln23' <Predicate = true> <Delay = 4.55> <CoreInst = "DivnS_SEQ">   --->   Core 7 'DivnS_SEQ' <Latency = 51> <II = 32> <Delay = 4.55> <FuncUnit> <Opcode : 'udiv' 'sdiv' 'urem' 'srem'> <InPorts = 2> <OutPorts = 1>
ST_43 : Operation 296 [17/52] (4.55ns)   --->   "%sdiv_ln23_1 = sdiv i48 %shl_ln23_1, i48 %sext_ln7_4" [pid.cpp:23->pid.cpp:64]   --->   Operation 296 'sdiv' 'sdiv_ln23_1' <Predicate = true> <Delay = 4.55> <CoreInst = "DivnS_SEQ">   --->   Core 7 'DivnS_SEQ' <Latency = 51> <II = 32> <Delay = 4.55> <FuncUnit> <Opcode : 'udiv' 'sdiv' 'urem' 'srem'> <InPorts = 2> <OutPorts = 1>
ST_43 : Operation 297 [17/52] (4.55ns)   --->   "%sdiv_ln23_2 = sdiv i48 %shl_ln23_2, i48 %sext_ln7_4" [pid.cpp:23->pid.cpp:65]   --->   Operation 297 'sdiv' 'sdiv_ln23_2' <Predicate = true> <Delay = 4.55> <CoreInst = "DivnS_SEQ">   --->   Core 7 'DivnS_SEQ' <Latency = 51> <II = 32> <Delay = 4.55> <FuncUnit> <Opcode : 'udiv' 'sdiv' 'urem' 'srem'> <InPorts = 2> <OutPorts = 1>

State 44 <SV = 43> <Delay = 4.55>
ST_44 : Operation 298 [16/52] (4.55ns)   --->   "%sdiv_ln23 = sdiv i48 %shl_ln, i48 %sext_ln7_4" [pid.cpp:23->pid.cpp:63]   --->   Operation 298 'sdiv' 'sdiv_ln23' <Predicate = true> <Delay = 4.55> <CoreInst = "DivnS_SEQ">   --->   Core 7 'DivnS_SEQ' <Latency = 51> <II = 32> <Delay = 4.55> <FuncUnit> <Opcode : 'udiv' 'sdiv' 'urem' 'srem'> <InPorts = 2> <OutPorts = 1>
ST_44 : Operation 299 [16/52] (4.55ns)   --->   "%sdiv_ln23_1 = sdiv i48 %shl_ln23_1, i48 %sext_ln7_4" [pid.cpp:23->pid.cpp:64]   --->   Operation 299 'sdiv' 'sdiv_ln23_1' <Predicate = true> <Delay = 4.55> <CoreInst = "DivnS_SEQ">   --->   Core 7 'DivnS_SEQ' <Latency = 51> <II = 32> <Delay = 4.55> <FuncUnit> <Opcode : 'udiv' 'sdiv' 'urem' 'srem'> <InPorts = 2> <OutPorts = 1>
ST_44 : Operation 300 [16/52] (4.55ns)   --->   "%sdiv_ln23_2 = sdiv i48 %shl_ln23_2, i48 %sext_ln7_4" [pid.cpp:23->pid.cpp:65]   --->   Operation 300 'sdiv' 'sdiv_ln23_2' <Predicate = true> <Delay = 4.55> <CoreInst = "DivnS_SEQ">   --->   Core 7 'DivnS_SEQ' <Latency = 51> <II = 32> <Delay = 4.55> <FuncUnit> <Opcode : 'udiv' 'sdiv' 'urem' 'srem'> <InPorts = 2> <OutPorts = 1>

State 45 <SV = 44> <Delay = 4.55>
ST_45 : Operation 301 [15/52] (4.55ns)   --->   "%sdiv_ln23 = sdiv i48 %shl_ln, i48 %sext_ln7_4" [pid.cpp:23->pid.cpp:63]   --->   Operation 301 'sdiv' 'sdiv_ln23' <Predicate = true> <Delay = 4.55> <CoreInst = "DivnS_SEQ">   --->   Core 7 'DivnS_SEQ' <Latency = 51> <II = 32> <Delay = 4.55> <FuncUnit> <Opcode : 'udiv' 'sdiv' 'urem' 'srem'> <InPorts = 2> <OutPorts = 1>
ST_45 : Operation 302 [15/52] (4.55ns)   --->   "%sdiv_ln23_1 = sdiv i48 %shl_ln23_1, i48 %sext_ln7_4" [pid.cpp:23->pid.cpp:64]   --->   Operation 302 'sdiv' 'sdiv_ln23_1' <Predicate = true> <Delay = 4.55> <CoreInst = "DivnS_SEQ">   --->   Core 7 'DivnS_SEQ' <Latency = 51> <II = 32> <Delay = 4.55> <FuncUnit> <Opcode : 'udiv' 'sdiv' 'urem' 'srem'> <InPorts = 2> <OutPorts = 1>
ST_45 : Operation 303 [15/52] (4.55ns)   --->   "%sdiv_ln23_2 = sdiv i48 %shl_ln23_2, i48 %sext_ln7_4" [pid.cpp:23->pid.cpp:65]   --->   Operation 303 'sdiv' 'sdiv_ln23_2' <Predicate = true> <Delay = 4.55> <CoreInst = "DivnS_SEQ">   --->   Core 7 'DivnS_SEQ' <Latency = 51> <II = 32> <Delay = 4.55> <FuncUnit> <Opcode : 'udiv' 'sdiv' 'urem' 'srem'> <InPorts = 2> <OutPorts = 1>

State 46 <SV = 45> <Delay = 4.55>
ST_46 : Operation 304 [14/52] (4.55ns)   --->   "%sdiv_ln23 = sdiv i48 %shl_ln, i48 %sext_ln7_4" [pid.cpp:23->pid.cpp:63]   --->   Operation 304 'sdiv' 'sdiv_ln23' <Predicate = true> <Delay = 4.55> <CoreInst = "DivnS_SEQ">   --->   Core 7 'DivnS_SEQ' <Latency = 51> <II = 32> <Delay = 4.55> <FuncUnit> <Opcode : 'udiv' 'sdiv' 'urem' 'srem'> <InPorts = 2> <OutPorts = 1>
ST_46 : Operation 305 [14/52] (4.55ns)   --->   "%sdiv_ln23_1 = sdiv i48 %shl_ln23_1, i48 %sext_ln7_4" [pid.cpp:23->pid.cpp:64]   --->   Operation 305 'sdiv' 'sdiv_ln23_1' <Predicate = true> <Delay = 4.55> <CoreInst = "DivnS_SEQ">   --->   Core 7 'DivnS_SEQ' <Latency = 51> <II = 32> <Delay = 4.55> <FuncUnit> <Opcode : 'udiv' 'sdiv' 'urem' 'srem'> <InPorts = 2> <OutPorts = 1>
ST_46 : Operation 306 [14/52] (4.55ns)   --->   "%sdiv_ln23_2 = sdiv i48 %shl_ln23_2, i48 %sext_ln7_4" [pid.cpp:23->pid.cpp:65]   --->   Operation 306 'sdiv' 'sdiv_ln23_2' <Predicate = true> <Delay = 4.55> <CoreInst = "DivnS_SEQ">   --->   Core 7 'DivnS_SEQ' <Latency = 51> <II = 32> <Delay = 4.55> <FuncUnit> <Opcode : 'udiv' 'sdiv' 'urem' 'srem'> <InPorts = 2> <OutPorts = 1>

State 47 <SV = 46> <Delay = 4.55>
ST_47 : Operation 307 [13/52] (4.55ns)   --->   "%sdiv_ln23 = sdiv i48 %shl_ln, i48 %sext_ln7_4" [pid.cpp:23->pid.cpp:63]   --->   Operation 307 'sdiv' 'sdiv_ln23' <Predicate = true> <Delay = 4.55> <CoreInst = "DivnS_SEQ">   --->   Core 7 'DivnS_SEQ' <Latency = 51> <II = 32> <Delay = 4.55> <FuncUnit> <Opcode : 'udiv' 'sdiv' 'urem' 'srem'> <InPorts = 2> <OutPorts = 1>
ST_47 : Operation 308 [13/52] (4.55ns)   --->   "%sdiv_ln23_1 = sdiv i48 %shl_ln23_1, i48 %sext_ln7_4" [pid.cpp:23->pid.cpp:64]   --->   Operation 308 'sdiv' 'sdiv_ln23_1' <Predicate = true> <Delay = 4.55> <CoreInst = "DivnS_SEQ">   --->   Core 7 'DivnS_SEQ' <Latency = 51> <II = 32> <Delay = 4.55> <FuncUnit> <Opcode : 'udiv' 'sdiv' 'urem' 'srem'> <InPorts = 2> <OutPorts = 1>
ST_47 : Operation 309 [13/52] (4.55ns)   --->   "%sdiv_ln23_2 = sdiv i48 %shl_ln23_2, i48 %sext_ln7_4" [pid.cpp:23->pid.cpp:65]   --->   Operation 309 'sdiv' 'sdiv_ln23_2' <Predicate = true> <Delay = 4.55> <CoreInst = "DivnS_SEQ">   --->   Core 7 'DivnS_SEQ' <Latency = 51> <II = 32> <Delay = 4.55> <FuncUnit> <Opcode : 'udiv' 'sdiv' 'urem' 'srem'> <InPorts = 2> <OutPorts = 1>

State 48 <SV = 47> <Delay = 4.55>
ST_48 : Operation 310 [12/52] (4.55ns)   --->   "%sdiv_ln23 = sdiv i48 %shl_ln, i48 %sext_ln7_4" [pid.cpp:23->pid.cpp:63]   --->   Operation 310 'sdiv' 'sdiv_ln23' <Predicate = true> <Delay = 4.55> <CoreInst = "DivnS_SEQ">   --->   Core 7 'DivnS_SEQ' <Latency = 51> <II = 32> <Delay = 4.55> <FuncUnit> <Opcode : 'udiv' 'sdiv' 'urem' 'srem'> <InPorts = 2> <OutPorts = 1>
ST_48 : Operation 311 [12/52] (4.55ns)   --->   "%sdiv_ln23_1 = sdiv i48 %shl_ln23_1, i48 %sext_ln7_4" [pid.cpp:23->pid.cpp:64]   --->   Operation 311 'sdiv' 'sdiv_ln23_1' <Predicate = true> <Delay = 4.55> <CoreInst = "DivnS_SEQ">   --->   Core 7 'DivnS_SEQ' <Latency = 51> <II = 32> <Delay = 4.55> <FuncUnit> <Opcode : 'udiv' 'sdiv' 'urem' 'srem'> <InPorts = 2> <OutPorts = 1>
ST_48 : Operation 312 [12/52] (4.55ns)   --->   "%sdiv_ln23_2 = sdiv i48 %shl_ln23_2, i48 %sext_ln7_4" [pid.cpp:23->pid.cpp:65]   --->   Operation 312 'sdiv' 'sdiv_ln23_2' <Predicate = true> <Delay = 4.55> <CoreInst = "DivnS_SEQ">   --->   Core 7 'DivnS_SEQ' <Latency = 51> <II = 32> <Delay = 4.55> <FuncUnit> <Opcode : 'udiv' 'sdiv' 'urem' 'srem'> <InPorts = 2> <OutPorts = 1>

State 49 <SV = 48> <Delay = 4.55>
ST_49 : Operation 313 [11/52] (4.55ns)   --->   "%sdiv_ln23 = sdiv i48 %shl_ln, i48 %sext_ln7_4" [pid.cpp:23->pid.cpp:63]   --->   Operation 313 'sdiv' 'sdiv_ln23' <Predicate = true> <Delay = 4.55> <CoreInst = "DivnS_SEQ">   --->   Core 7 'DivnS_SEQ' <Latency = 51> <II = 32> <Delay = 4.55> <FuncUnit> <Opcode : 'udiv' 'sdiv' 'urem' 'srem'> <InPorts = 2> <OutPorts = 1>
ST_49 : Operation 314 [11/52] (4.55ns)   --->   "%sdiv_ln23_1 = sdiv i48 %shl_ln23_1, i48 %sext_ln7_4" [pid.cpp:23->pid.cpp:64]   --->   Operation 314 'sdiv' 'sdiv_ln23_1' <Predicate = true> <Delay = 4.55> <CoreInst = "DivnS_SEQ">   --->   Core 7 'DivnS_SEQ' <Latency = 51> <II = 32> <Delay = 4.55> <FuncUnit> <Opcode : 'udiv' 'sdiv' 'urem' 'srem'> <InPorts = 2> <OutPorts = 1>
ST_49 : Operation 315 [11/52] (4.55ns)   --->   "%sdiv_ln23_2 = sdiv i48 %shl_ln23_2, i48 %sext_ln7_4" [pid.cpp:23->pid.cpp:65]   --->   Operation 315 'sdiv' 'sdiv_ln23_2' <Predicate = true> <Delay = 4.55> <CoreInst = "DivnS_SEQ">   --->   Core 7 'DivnS_SEQ' <Latency = 51> <II = 32> <Delay = 4.55> <FuncUnit> <Opcode : 'udiv' 'sdiv' 'urem' 'srem'> <InPorts = 2> <OutPorts = 1>

State 50 <SV = 49> <Delay = 4.55>
ST_50 : Operation 316 [10/52] (4.55ns)   --->   "%sdiv_ln23 = sdiv i48 %shl_ln, i48 %sext_ln7_4" [pid.cpp:23->pid.cpp:63]   --->   Operation 316 'sdiv' 'sdiv_ln23' <Predicate = true> <Delay = 4.55> <CoreInst = "DivnS_SEQ">   --->   Core 7 'DivnS_SEQ' <Latency = 51> <II = 32> <Delay = 4.55> <FuncUnit> <Opcode : 'udiv' 'sdiv' 'urem' 'srem'> <InPorts = 2> <OutPorts = 1>
ST_50 : Operation 317 [10/52] (4.55ns)   --->   "%sdiv_ln23_1 = sdiv i48 %shl_ln23_1, i48 %sext_ln7_4" [pid.cpp:23->pid.cpp:64]   --->   Operation 317 'sdiv' 'sdiv_ln23_1' <Predicate = true> <Delay = 4.55> <CoreInst = "DivnS_SEQ">   --->   Core 7 'DivnS_SEQ' <Latency = 51> <II = 32> <Delay = 4.55> <FuncUnit> <Opcode : 'udiv' 'sdiv' 'urem' 'srem'> <InPorts = 2> <OutPorts = 1>
ST_50 : Operation 318 [10/52] (4.55ns)   --->   "%sdiv_ln23_2 = sdiv i48 %shl_ln23_2, i48 %sext_ln7_4" [pid.cpp:23->pid.cpp:65]   --->   Operation 318 'sdiv' 'sdiv_ln23_2' <Predicate = true> <Delay = 4.55> <CoreInst = "DivnS_SEQ">   --->   Core 7 'DivnS_SEQ' <Latency = 51> <II = 32> <Delay = 4.55> <FuncUnit> <Opcode : 'udiv' 'sdiv' 'urem' 'srem'> <InPorts = 2> <OutPorts = 1>

State 51 <SV = 50> <Delay = 4.55>
ST_51 : Operation 319 [9/52] (4.55ns)   --->   "%sdiv_ln23 = sdiv i48 %shl_ln, i48 %sext_ln7_4" [pid.cpp:23->pid.cpp:63]   --->   Operation 319 'sdiv' 'sdiv_ln23' <Predicate = true> <Delay = 4.55> <CoreInst = "DivnS_SEQ">   --->   Core 7 'DivnS_SEQ' <Latency = 51> <II = 32> <Delay = 4.55> <FuncUnit> <Opcode : 'udiv' 'sdiv' 'urem' 'srem'> <InPorts = 2> <OutPorts = 1>
ST_51 : Operation 320 [9/52] (4.55ns)   --->   "%sdiv_ln23_1 = sdiv i48 %shl_ln23_1, i48 %sext_ln7_4" [pid.cpp:23->pid.cpp:64]   --->   Operation 320 'sdiv' 'sdiv_ln23_1' <Predicate = true> <Delay = 4.55> <CoreInst = "DivnS_SEQ">   --->   Core 7 'DivnS_SEQ' <Latency = 51> <II = 32> <Delay = 4.55> <FuncUnit> <Opcode : 'udiv' 'sdiv' 'urem' 'srem'> <InPorts = 2> <OutPorts = 1>
ST_51 : Operation 321 [9/52] (4.55ns)   --->   "%sdiv_ln23_2 = sdiv i48 %shl_ln23_2, i48 %sext_ln7_4" [pid.cpp:23->pid.cpp:65]   --->   Operation 321 'sdiv' 'sdiv_ln23_2' <Predicate = true> <Delay = 4.55> <CoreInst = "DivnS_SEQ">   --->   Core 7 'DivnS_SEQ' <Latency = 51> <II = 32> <Delay = 4.55> <FuncUnit> <Opcode : 'udiv' 'sdiv' 'urem' 'srem'> <InPorts = 2> <OutPorts = 1>

State 52 <SV = 51> <Delay = 4.55>
ST_52 : Operation 322 [8/52] (4.55ns)   --->   "%sdiv_ln23 = sdiv i48 %shl_ln, i48 %sext_ln7_4" [pid.cpp:23->pid.cpp:63]   --->   Operation 322 'sdiv' 'sdiv_ln23' <Predicate = true> <Delay = 4.55> <CoreInst = "DivnS_SEQ">   --->   Core 7 'DivnS_SEQ' <Latency = 51> <II = 32> <Delay = 4.55> <FuncUnit> <Opcode : 'udiv' 'sdiv' 'urem' 'srem'> <InPorts = 2> <OutPorts = 1>
ST_52 : Operation 323 [8/52] (4.55ns)   --->   "%sdiv_ln23_1 = sdiv i48 %shl_ln23_1, i48 %sext_ln7_4" [pid.cpp:23->pid.cpp:64]   --->   Operation 323 'sdiv' 'sdiv_ln23_1' <Predicate = true> <Delay = 4.55> <CoreInst = "DivnS_SEQ">   --->   Core 7 'DivnS_SEQ' <Latency = 51> <II = 32> <Delay = 4.55> <FuncUnit> <Opcode : 'udiv' 'sdiv' 'urem' 'srem'> <InPorts = 2> <OutPorts = 1>
ST_52 : Operation 324 [8/52] (4.55ns)   --->   "%sdiv_ln23_2 = sdiv i48 %shl_ln23_2, i48 %sext_ln7_4" [pid.cpp:23->pid.cpp:65]   --->   Operation 324 'sdiv' 'sdiv_ln23_2' <Predicate = true> <Delay = 4.55> <CoreInst = "DivnS_SEQ">   --->   Core 7 'DivnS_SEQ' <Latency = 51> <II = 32> <Delay = 4.55> <FuncUnit> <Opcode : 'udiv' 'sdiv' 'urem' 'srem'> <InPorts = 2> <OutPorts = 1>

State 53 <SV = 52> <Delay = 4.55>
ST_53 : Operation 325 [7/52] (4.55ns)   --->   "%sdiv_ln23 = sdiv i48 %shl_ln, i48 %sext_ln7_4" [pid.cpp:23->pid.cpp:63]   --->   Operation 325 'sdiv' 'sdiv_ln23' <Predicate = true> <Delay = 4.55> <CoreInst = "DivnS_SEQ">   --->   Core 7 'DivnS_SEQ' <Latency = 51> <II = 32> <Delay = 4.55> <FuncUnit> <Opcode : 'udiv' 'sdiv' 'urem' 'srem'> <InPorts = 2> <OutPorts = 1>
ST_53 : Operation 326 [7/52] (4.55ns)   --->   "%sdiv_ln23_1 = sdiv i48 %shl_ln23_1, i48 %sext_ln7_4" [pid.cpp:23->pid.cpp:64]   --->   Operation 326 'sdiv' 'sdiv_ln23_1' <Predicate = true> <Delay = 4.55> <CoreInst = "DivnS_SEQ">   --->   Core 7 'DivnS_SEQ' <Latency = 51> <II = 32> <Delay = 4.55> <FuncUnit> <Opcode : 'udiv' 'sdiv' 'urem' 'srem'> <InPorts = 2> <OutPorts = 1>
ST_53 : Operation 327 [7/52] (4.55ns)   --->   "%sdiv_ln23_2 = sdiv i48 %shl_ln23_2, i48 %sext_ln7_4" [pid.cpp:23->pid.cpp:65]   --->   Operation 327 'sdiv' 'sdiv_ln23_2' <Predicate = true> <Delay = 4.55> <CoreInst = "DivnS_SEQ">   --->   Core 7 'DivnS_SEQ' <Latency = 51> <II = 32> <Delay = 4.55> <FuncUnit> <Opcode : 'udiv' 'sdiv' 'urem' 'srem'> <InPorts = 2> <OutPorts = 1>

State 54 <SV = 53> <Delay = 4.55>
ST_54 : Operation 328 [6/52] (4.55ns)   --->   "%sdiv_ln23 = sdiv i48 %shl_ln, i48 %sext_ln7_4" [pid.cpp:23->pid.cpp:63]   --->   Operation 328 'sdiv' 'sdiv_ln23' <Predicate = true> <Delay = 4.55> <CoreInst = "DivnS_SEQ">   --->   Core 7 'DivnS_SEQ' <Latency = 51> <II = 32> <Delay = 4.55> <FuncUnit> <Opcode : 'udiv' 'sdiv' 'urem' 'srem'> <InPorts = 2> <OutPorts = 1>
ST_54 : Operation 329 [6/52] (4.55ns)   --->   "%sdiv_ln23_1 = sdiv i48 %shl_ln23_1, i48 %sext_ln7_4" [pid.cpp:23->pid.cpp:64]   --->   Operation 329 'sdiv' 'sdiv_ln23_1' <Predicate = true> <Delay = 4.55> <CoreInst = "DivnS_SEQ">   --->   Core 7 'DivnS_SEQ' <Latency = 51> <II = 32> <Delay = 4.55> <FuncUnit> <Opcode : 'udiv' 'sdiv' 'urem' 'srem'> <InPorts = 2> <OutPorts = 1>
ST_54 : Operation 330 [6/52] (4.55ns)   --->   "%sdiv_ln23_2 = sdiv i48 %shl_ln23_2, i48 %sext_ln7_4" [pid.cpp:23->pid.cpp:65]   --->   Operation 330 'sdiv' 'sdiv_ln23_2' <Predicate = true> <Delay = 4.55> <CoreInst = "DivnS_SEQ">   --->   Core 7 'DivnS_SEQ' <Latency = 51> <II = 32> <Delay = 4.55> <FuncUnit> <Opcode : 'udiv' 'sdiv' 'urem' 'srem'> <InPorts = 2> <OutPorts = 1>

State 55 <SV = 54> <Delay = 4.55>
ST_55 : Operation 331 [5/52] (4.55ns)   --->   "%sdiv_ln23 = sdiv i48 %shl_ln, i48 %sext_ln7_4" [pid.cpp:23->pid.cpp:63]   --->   Operation 331 'sdiv' 'sdiv_ln23' <Predicate = true> <Delay = 4.55> <CoreInst = "DivnS_SEQ">   --->   Core 7 'DivnS_SEQ' <Latency = 51> <II = 32> <Delay = 4.55> <FuncUnit> <Opcode : 'udiv' 'sdiv' 'urem' 'srem'> <InPorts = 2> <OutPorts = 1>
ST_55 : Operation 332 [5/52] (4.55ns)   --->   "%sdiv_ln23_1 = sdiv i48 %shl_ln23_1, i48 %sext_ln7_4" [pid.cpp:23->pid.cpp:64]   --->   Operation 332 'sdiv' 'sdiv_ln23_1' <Predicate = true> <Delay = 4.55> <CoreInst = "DivnS_SEQ">   --->   Core 7 'DivnS_SEQ' <Latency = 51> <II = 32> <Delay = 4.55> <FuncUnit> <Opcode : 'udiv' 'sdiv' 'urem' 'srem'> <InPorts = 2> <OutPorts = 1>
ST_55 : Operation 333 [5/52] (4.55ns)   --->   "%sdiv_ln23_2 = sdiv i48 %shl_ln23_2, i48 %sext_ln7_4" [pid.cpp:23->pid.cpp:65]   --->   Operation 333 'sdiv' 'sdiv_ln23_2' <Predicate = true> <Delay = 4.55> <CoreInst = "DivnS_SEQ">   --->   Core 7 'DivnS_SEQ' <Latency = 51> <II = 32> <Delay = 4.55> <FuncUnit> <Opcode : 'udiv' 'sdiv' 'urem' 'srem'> <InPorts = 2> <OutPorts = 1>

State 56 <SV = 55> <Delay = 4.55>
ST_56 : Operation 334 [4/52] (4.55ns)   --->   "%sdiv_ln23 = sdiv i48 %shl_ln, i48 %sext_ln7_4" [pid.cpp:23->pid.cpp:63]   --->   Operation 334 'sdiv' 'sdiv_ln23' <Predicate = true> <Delay = 4.55> <CoreInst = "DivnS_SEQ">   --->   Core 7 'DivnS_SEQ' <Latency = 51> <II = 32> <Delay = 4.55> <FuncUnit> <Opcode : 'udiv' 'sdiv' 'urem' 'srem'> <InPorts = 2> <OutPorts = 1>
ST_56 : Operation 335 [4/52] (4.55ns)   --->   "%sdiv_ln23_1 = sdiv i48 %shl_ln23_1, i48 %sext_ln7_4" [pid.cpp:23->pid.cpp:64]   --->   Operation 335 'sdiv' 'sdiv_ln23_1' <Predicate = true> <Delay = 4.55> <CoreInst = "DivnS_SEQ">   --->   Core 7 'DivnS_SEQ' <Latency = 51> <II = 32> <Delay = 4.55> <FuncUnit> <Opcode : 'udiv' 'sdiv' 'urem' 'srem'> <InPorts = 2> <OutPorts = 1>
ST_56 : Operation 336 [4/52] (4.55ns)   --->   "%sdiv_ln23_2 = sdiv i48 %shl_ln23_2, i48 %sext_ln7_4" [pid.cpp:23->pid.cpp:65]   --->   Operation 336 'sdiv' 'sdiv_ln23_2' <Predicate = true> <Delay = 4.55> <CoreInst = "DivnS_SEQ">   --->   Core 7 'DivnS_SEQ' <Latency = 51> <II = 32> <Delay = 4.55> <FuncUnit> <Opcode : 'udiv' 'sdiv' 'urem' 'srem'> <InPorts = 2> <OutPorts = 1>

State 57 <SV = 56> <Delay = 4.55>
ST_57 : Operation 337 [3/52] (4.55ns)   --->   "%sdiv_ln23 = sdiv i48 %shl_ln, i48 %sext_ln7_4" [pid.cpp:23->pid.cpp:63]   --->   Operation 337 'sdiv' 'sdiv_ln23' <Predicate = true> <Delay = 4.55> <CoreInst = "DivnS_SEQ">   --->   Core 7 'DivnS_SEQ' <Latency = 51> <II = 32> <Delay = 4.55> <FuncUnit> <Opcode : 'udiv' 'sdiv' 'urem' 'srem'> <InPorts = 2> <OutPorts = 1>
ST_57 : Operation 338 [3/52] (4.55ns)   --->   "%sdiv_ln23_1 = sdiv i48 %shl_ln23_1, i48 %sext_ln7_4" [pid.cpp:23->pid.cpp:64]   --->   Operation 338 'sdiv' 'sdiv_ln23_1' <Predicate = true> <Delay = 4.55> <CoreInst = "DivnS_SEQ">   --->   Core 7 'DivnS_SEQ' <Latency = 51> <II = 32> <Delay = 4.55> <FuncUnit> <Opcode : 'udiv' 'sdiv' 'urem' 'srem'> <InPorts = 2> <OutPorts = 1>
ST_57 : Operation 339 [3/52] (4.55ns)   --->   "%sdiv_ln23_2 = sdiv i48 %shl_ln23_2, i48 %sext_ln7_4" [pid.cpp:23->pid.cpp:65]   --->   Operation 339 'sdiv' 'sdiv_ln23_2' <Predicate = true> <Delay = 4.55> <CoreInst = "DivnS_SEQ">   --->   Core 7 'DivnS_SEQ' <Latency = 51> <II = 32> <Delay = 4.55> <FuncUnit> <Opcode : 'udiv' 'sdiv' 'urem' 'srem'> <InPorts = 2> <OutPorts = 1>

State 58 <SV = 57> <Delay = 4.55>
ST_58 : Operation 340 [2/52] (4.55ns)   --->   "%sdiv_ln23 = sdiv i48 %shl_ln, i48 %sext_ln7_4" [pid.cpp:23->pid.cpp:63]   --->   Operation 340 'sdiv' 'sdiv_ln23' <Predicate = true> <Delay = 4.55> <CoreInst = "DivnS_SEQ">   --->   Core 7 'DivnS_SEQ' <Latency = 51> <II = 32> <Delay = 4.55> <FuncUnit> <Opcode : 'udiv' 'sdiv' 'urem' 'srem'> <InPorts = 2> <OutPorts = 1>
ST_58 : Operation 341 [2/52] (4.55ns)   --->   "%sdiv_ln23_1 = sdiv i48 %shl_ln23_1, i48 %sext_ln7_4" [pid.cpp:23->pid.cpp:64]   --->   Operation 341 'sdiv' 'sdiv_ln23_1' <Predicate = true> <Delay = 4.55> <CoreInst = "DivnS_SEQ">   --->   Core 7 'DivnS_SEQ' <Latency = 51> <II = 32> <Delay = 4.55> <FuncUnit> <Opcode : 'udiv' 'sdiv' 'urem' 'srem'> <InPorts = 2> <OutPorts = 1>
ST_58 : Operation 342 [2/52] (4.55ns)   --->   "%sdiv_ln23_2 = sdiv i48 %shl_ln23_2, i48 %sext_ln7_4" [pid.cpp:23->pid.cpp:65]   --->   Operation 342 'sdiv' 'sdiv_ln23_2' <Predicate = true> <Delay = 4.55> <CoreInst = "DivnS_SEQ">   --->   Core 7 'DivnS_SEQ' <Latency = 51> <II = 32> <Delay = 4.55> <FuncUnit> <Opcode : 'udiv' 'sdiv' 'urem' 'srem'> <InPorts = 2> <OutPorts = 1>

State 59 <SV = 58> <Delay = 4.55>
ST_59 : Operation 343 [1/52] (4.55ns)   --->   "%sdiv_ln23 = sdiv i48 %shl_ln, i48 %sext_ln7_4" [pid.cpp:23->pid.cpp:63]   --->   Operation 343 'sdiv' 'sdiv_ln23' <Predicate = (!icmp_ln23)> <Delay = 4.55> <CoreInst = "DivnS_SEQ">   --->   Core 7 'DivnS_SEQ' <Latency = 51> <II = 32> <Delay = 4.55> <FuncUnit> <Opcode : 'udiv' 'sdiv' 'urem' 'srem'> <InPorts = 2> <OutPorts = 1>
ST_59 : Operation 344 [1/1] (0.00ns)   --->   "%trunc_ln23 = trunc i32 %sdiv_ln23" [pid.cpp:23->pid.cpp:63]   --->   Operation 344 'trunc' 'trunc_ln23' <Predicate = (!icmp_ln23)> <Delay = 0.00>
ST_59 : Operation 345 [1/52] (4.55ns)   --->   "%sdiv_ln23_1 = sdiv i48 %shl_ln23_1, i48 %sext_ln7_4" [pid.cpp:23->pid.cpp:64]   --->   Operation 345 'sdiv' 'sdiv_ln23_1' <Predicate = (!icmp_ln23)> <Delay = 4.55> <CoreInst = "DivnS_SEQ">   --->   Core 7 'DivnS_SEQ' <Latency = 51> <II = 32> <Delay = 4.55> <FuncUnit> <Opcode : 'udiv' 'sdiv' 'urem' 'srem'> <InPorts = 2> <OutPorts = 1>
ST_59 : Operation 346 [1/1] (0.00ns)   --->   "%trunc_ln23_1 = trunc i32 %sdiv_ln23_1" [pid.cpp:23->pid.cpp:64]   --->   Operation 346 'trunc' 'trunc_ln23_1' <Predicate = (!icmp_ln23)> <Delay = 0.00>
ST_59 : Operation 347 [1/52] (4.55ns)   --->   "%sdiv_ln23_2 = sdiv i48 %shl_ln23_2, i48 %sext_ln7_4" [pid.cpp:23->pid.cpp:65]   --->   Operation 347 'sdiv' 'sdiv_ln23_2' <Predicate = (!icmp_ln23)> <Delay = 4.55> <CoreInst = "DivnS_SEQ">   --->   Core 7 'DivnS_SEQ' <Latency = 51> <II = 32> <Delay = 4.55> <FuncUnit> <Opcode : 'udiv' 'sdiv' 'urem' 'srem'> <InPorts = 2> <OutPorts = 1>
ST_59 : Operation 348 [1/1] (0.00ns)   --->   "%trunc_ln23_2 = trunc i32 %sdiv_ln23_2" [pid.cpp:23->pid.cpp:65]   --->   Operation 348 'trunc' 'trunc_ln23_2' <Predicate = (!icmp_ln23)> <Delay = 0.00>
ST_59 : Operation 349 [1/1] (1.58ns)   --->   "%br_ln23 = br void %_Z7run_pidiiiiiiR9pid_state.exit68" [pid.cpp:23->pid.cpp:65]   --->   Operation 349 'br' 'br_ln23' <Predicate = (!icmp_ln23)> <Delay = 1.58>
ST_59 : Operation 350 [1/1] (0.00ns)   --->   "%store_ln25 = store i32 %err_2, i32 %yaw_st_last_err" [pid.cpp:25->pid.cpp:65]   --->   Operation 350 'store' 'store_ln25' <Predicate = true> <Delay = 0.00>

State 60 <SV = 59> <Delay = 6.92>
ST_60 : Operation 351 [1/1] (0.00ns)   --->   "%cond_i2773 = phi i32 %trunc_ln23_1, void %cond.true.i60, i32 0, void %entry" [pid.cpp:23->pid.cpp:64]   --->   Operation 351 'phi' 'cond_i2773' <Predicate = true> <Delay = 0.00>
ST_60 : Operation 352 [1/1] (0.00ns)   --->   "%cond_i6971 = phi i32 %trunc_ln23, void %cond.true.i60, i32 0, void %entry" [pid.cpp:23->pid.cpp:63]   --->   Operation 352 'phi' 'cond_i6971' <Predicate = true> <Delay = 0.00>
ST_60 : Operation 353 [1/1] (0.00ns)   --->   "%D = phi i32 %trunc_ln23_2, void %cond.true.i60, i32 0, void %entry" [pid.cpp:23->pid.cpp:65]   --->   Operation 353 'phi' 'D' <Predicate = true> <Delay = 0.00>
ST_60 : Operation 354 [1/1] (0.00ns) (grouped into TernaryAdder)   --->   "%add_ln26 = add i32 %P, i32 %cond_i6971" [pid.cpp:26->pid.cpp:63]   --->   Operation 354 'add' 'add_ln26' <Predicate = true> <Delay = 0.00> <CoreInst = "TAddSub">   --->   Core 10 'TAddSub' <Latency = 0> <II = 1> <Delay = 2.18> <IPBlock> <Opcode : 'add' 'sub'> <InPorts = 3> <OutPorts = 1> <Sync> <CReg>
ST_60 : Operation 355 [1/1] (4.37ns) (root node of TernaryAdder)   --->   "%out_9 = add i32 %add_ln26, i32 %add_ln20" [pid.cpp:26->pid.cpp:63]   --->   Operation 355 'add' 'out_9' <Predicate = true> <Delay = 4.37> <CoreInst = "TAddSub">   --->   Core 10 'TAddSub' <Latency = 0> <II = 1> <Delay = 2.18> <IPBlock> <Opcode : 'add' 'sub'> <InPorts = 3> <OutPorts = 1> <Sync> <CReg>
ST_60 : Operation 356 [1/1] (2.55ns)   --->   "%icmp_ln28 = icmp_sgt  i32 %out_9, i32 65536" [pid.cpp:28->pid.cpp:63]   --->   Operation 356 'icmp' 'icmp_ln28' <Predicate = true> <Delay = 2.55> <CoreInst = "Cmp">   --->   Core 9 'Cmp' <Latency = 0> <II = 1> <Delay = 2.55> <FuncUnit> <Opcode : 'seteq' 'setne' 'setle' 'setge' 'setlt' 'setgt'> <InPorts = 2> <OutPorts = 1>
ST_60 : Operation 357 [1/1] (0.00ns) (grouped into TernaryAdder)   --->   "%add_ln26_2 = add i32 %P_1, i32 %cond_i2773" [pid.cpp:26->pid.cpp:64]   --->   Operation 357 'add' 'add_ln26_2' <Predicate = true> <Delay = 0.00> <CoreInst = "TAddSub">   --->   Core 10 'TAddSub' <Latency = 0> <II = 1> <Delay = 2.18> <IPBlock> <Opcode : 'add' 'sub'> <InPorts = 3> <OutPorts = 1> <Sync> <CReg>
ST_60 : Operation 358 [1/1] (4.37ns) (root node of TernaryAdder)   --->   "%out_12 = add i32 %add_ln26_2, i32 %add_ln20_1" [pid.cpp:26->pid.cpp:64]   --->   Operation 358 'add' 'out_12' <Predicate = true> <Delay = 4.37> <CoreInst = "TAddSub">   --->   Core 10 'TAddSub' <Latency = 0> <II = 1> <Delay = 2.18> <IPBlock> <Opcode : 'add' 'sub'> <InPorts = 3> <OutPorts = 1> <Sync> <CReg>
ST_60 : Operation 359 [1/1] (2.55ns)   --->   "%icmp_ln28_1 = icmp_sgt  i32 %out_12, i32 65536" [pid.cpp:28->pid.cpp:64]   --->   Operation 359 'icmp' 'icmp_ln28_1' <Predicate = true> <Delay = 2.55> <CoreInst = "Cmp">   --->   Core 9 'Cmp' <Latency = 0> <II = 1> <Delay = 2.55> <FuncUnit> <Opcode : 'seteq' 'setne' 'setle' 'setge' 'setlt' 'setgt'> <InPorts = 2> <OutPorts = 1>
ST_60 : Operation 360 [1/1] (0.00ns) (grouped into TernaryAdder)   --->   "%add_ln26_4 = add i32 %P_2, i32 %D" [pid.cpp:26->pid.cpp:65]   --->   Operation 360 'add' 'add_ln26_4' <Predicate = true> <Delay = 0.00> <CoreInst = "TAddSub">   --->   Core 10 'TAddSub' <Latency = 0> <II = 1> <Delay = 2.18> <IPBlock> <Opcode : 'add' 'sub'> <InPorts = 3> <OutPorts = 1> <Sync> <CReg>
ST_60 : Operation 361 [1/1] (4.37ns) (root node of TernaryAdder)   --->   "%out = add i32 %add_ln26_4, i32 %add_ln20_2" [pid.cpp:26->pid.cpp:65]   --->   Operation 361 'add' 'out' <Predicate = true> <Delay = 4.37> <CoreInst = "TAddSub">   --->   Core 10 'TAddSub' <Latency = 0> <II = 1> <Delay = 2.18> <IPBlock> <Opcode : 'add' 'sub'> <InPorts = 3> <OutPorts = 1> <Sync> <CReg>
ST_60 : Operation 362 [1/1] (2.55ns)   --->   "%icmp_ln28_2 = icmp_sgt  i32 %out, i32 65536" [pid.cpp:28->pid.cpp:65]   --->   Operation 362 'icmp' 'icmp_ln28_2' <Predicate = true> <Delay = 2.55> <CoreInst = "Cmp">   --->   Core 9 'Cmp' <Latency = 0> <II = 1> <Delay = 2.55> <FuncUnit> <Opcode : 'seteq' 'setne' 'setle' 'setge' 'setlt' 'setgt'> <InPorts = 2> <OutPorts = 1>

State 61 <SV = 60> <Delay = 5.00>
ST_61 : Operation 363 [1/1] (0.69ns)   --->   "%out_10 = select i1 %icmp_ln28, i32 65536, i32 %out_9" [pid.cpp:28->pid.cpp:63]   --->   Operation 363 'select' 'out_10' <Predicate = true> <Delay = 0.69> <CoreInst = "Sel">   --->   Core 73 'Sel' <Latency = 0> <II = 1> <Delay = 0.69> <FuncUnit> <Opcode : 'select'> <InPorts = 3> <OutPorts = 1>
ST_61 : Operation 364 [1/1] (0.00ns)   --->   "%trunc_ln29 = trunc i32 %out_10" [pid.cpp:29->pid.cpp:63]   --->   Operation 364 'trunc' 'trunc_ln29' <Predicate = true> <Delay = 0.00>
ST_61 : Operation 365 [1/1] (2.55ns)   --->   "%icmp_ln29 = icmp_slt  i32 %out_10, i32 4294901760" [pid.cpp:29->pid.cpp:63]   --->   Operation 365 'icmp' 'icmp_ln29' <Predicate = true> <Delay = 2.55> <CoreInst = "Cmp">   --->   Core 9 'Cmp' <Latency = 0> <II = 1> <Delay = 2.55> <FuncUnit> <Opcode : 'seteq' 'setne' 'setle' 'setge' 'setlt' 'setgt'> <InPorts = 2> <OutPorts = 1>
ST_61 : Operation 366 [1/1] (0.75ns)   --->   "%out_11 = select i1 %icmp_ln29, i18 196608, i18 %trunc_ln29" [pid.cpp:29->pid.cpp:63]   --->   Operation 366 'select' 'out_11' <Predicate = true> <Delay = 0.75> <CoreInst = "Sel">   --->   Core 73 'Sel' <Latency = 0> <II = 1> <Delay = 0.75> <FuncUnit> <Opcode : 'select'> <InPorts = 3> <OutPorts = 1>
ST_61 : Operation 367 [1/1] (0.00ns)   --->   "%sext_ln63 = sext i18 %out_11" [pid.cpp:63]   --->   Operation 367 'sext' 'sext_ln63' <Predicate = true> <Delay = 0.00>
ST_61 : Operation 368 [1/1] (1.00ns)   --->   "%write_ln63 = write void @_ssdm_op_Write.s_axilite.i32P0A, i32 %out_roll, i32 %sext_ln63" [pid.cpp:63]   --->   Operation 368 'write' 'write_ln63' <Predicate = true> <Delay = 1.00> <CoreInst = "s_axilite">   --->   Core 112 's_axilite' <Latency = 0> <II = 1> <Delay = 1.00> <Adapter> <Opcode : 'read' 'write'>
ST_61 : Operation 369 [1/1] (0.69ns)   --->   "%out_13 = select i1 %icmp_ln28_1, i32 65536, i32 %out_12" [pid.cpp:28->pid.cpp:64]   --->   Operation 369 'select' 'out_13' <Predicate = true> <Delay = 0.69> <CoreInst = "Sel">   --->   Core 73 'Sel' <Latency = 0> <II = 1> <Delay = 0.69> <FuncUnit> <Opcode : 'select'> <InPorts = 3> <OutPorts = 1>
ST_61 : Operation 370 [1/1] (0.00ns)   --->   "%trunc_ln29_1 = trunc i32 %out_13" [pid.cpp:29->pid.cpp:64]   --->   Operation 370 'trunc' 'trunc_ln29_1' <Predicate = true> <Delay = 0.00>
ST_61 : Operation 371 [1/1] (2.55ns)   --->   "%icmp_ln29_1 = icmp_slt  i32 %out_13, i32 4294901760" [pid.cpp:29->pid.cpp:64]   --->   Operation 371 'icmp' 'icmp_ln29_1' <Predicate = true> <Delay = 2.55> <CoreInst = "Cmp">   --->   Core 9 'Cmp' <Latency = 0> <II = 1> <Delay = 2.55> <FuncUnit> <Opcode : 'seteq' 'setne' 'setle' 'setge' 'setlt' 'setgt'> <InPorts = 2> <OutPorts = 1>
ST_61 : Operation 372 [1/1] (0.75ns)   --->   "%out_14 = select i1 %icmp_ln29_1, i18 196608, i18 %trunc_ln29_1" [pid.cpp:29->pid.cpp:64]   --->   Operation 372 'select' 'out_14' <Predicate = true> <Delay = 0.75> <CoreInst = "Sel">   --->   Core 73 'Sel' <Latency = 0> <II = 1> <Delay = 0.75> <FuncUnit> <Opcode : 'select'> <InPorts = 3> <OutPorts = 1>
ST_61 : Operation 373 [1/1] (0.00ns)   --->   "%sext_ln64 = sext i18 %out_14" [pid.cpp:64]   --->   Operation 373 'sext' 'sext_ln64' <Predicate = true> <Delay = 0.00>
ST_61 : Operation 374 [1/1] (1.00ns)   --->   "%write_ln64 = write void @_ssdm_op_Write.s_axilite.i32P0A, i32 %out_pitch, i32 %sext_ln64" [pid.cpp:64]   --->   Operation 374 'write' 'write_ln64' <Predicate = true> <Delay = 1.00> <CoreInst = "s_axilite">   --->   Core 112 's_axilite' <Latency = 0> <II = 1> <Delay = 1.00> <Adapter> <Opcode : 'read' 'write'>
ST_61 : Operation 375 [1/1] (0.69ns)   --->   "%out_7 = select i1 %icmp_ln28_2, i32 65536, i32 %out" [pid.cpp:28->pid.cpp:65]   --->   Operation 375 'select' 'out_7' <Predicate = true> <Delay = 0.69> <CoreInst = "Sel">   --->   Core 73 'Sel' <Latency = 0> <II = 1> <Delay = 0.69> <FuncUnit> <Opcode : 'select'> <InPorts = 3> <OutPorts = 1>
ST_61 : Operation 376 [1/1] (0.00ns)   --->   "%trunc_ln26 = trunc i32 %out_7" [pid.cpp:26->pid.cpp:65]   --->   Operation 376 'trunc' 'trunc_ln26' <Predicate = true> <Delay = 0.00>
ST_61 : Operation 377 [1/1] (2.55ns)   --->   "%icmp_ln29_2 = icmp_slt  i32 %out_7, i32 4294901760" [pid.cpp:29->pid.cpp:65]   --->   Operation 377 'icmp' 'icmp_ln29_2' <Predicate = true> <Delay = 2.55> <CoreInst = "Cmp">   --->   Core 9 'Cmp' <Latency = 0> <II = 1> <Delay = 2.55> <FuncUnit> <Opcode : 'seteq' 'setne' 'setle' 'setge' 'setlt' 'setgt'> <InPorts = 2> <OutPorts = 1>
ST_61 : Operation 378 [1/1] (0.75ns)   --->   "%out_8 = select i1 %icmp_ln29_2, i18 196608, i18 %trunc_ln26" [pid.cpp:29->pid.cpp:65]   --->   Operation 378 'select' 'out_8' <Predicate = true> <Delay = 0.75> <CoreInst = "Sel">   --->   Core 73 'Sel' <Latency = 0> <II = 1> <Delay = 0.75> <FuncUnit> <Opcode : 'select'> <InPorts = 3> <OutPorts = 1>
ST_61 : Operation 379 [1/1] (0.00ns)   --->   "%sext_ln26 = sext i18 %out_8" [pid.cpp:26->pid.cpp:65]   --->   Operation 379 'sext' 'sext_ln26' <Predicate = true> <Delay = 0.00>
ST_61 : Operation 380 [1/1] (1.00ns)   --->   "%write_ln65 = write void @_ssdm_op_Write.s_axilite.i32P0A, i32 %out_yaw, i32 %sext_ln26" [pid.cpp:65]   --->   Operation 380 'write' 'write_ln65' <Predicate = true> <Delay = 1.00> <CoreInst = "s_axilite">   --->   Core 112 's_axilite' <Latency = 0> <II = 1> <Delay = 1.00> <Adapter> <Opcode : 'read' 'write'>
ST_61 : Operation 381 [1/1] (0.00ns)   --->   "%ret_ln66 = ret" [pid.cpp:66]   --->   Operation 381 'ret' 'ret_ln66' <Predicate = true> <Delay = 0.00>


============================================================
+ Verbose Summary: Binding
============================================================
STG Binding: 
---------------- STG Properties BEGIN ----------------
- Is combinational: 0
- Is one-state seq: 0
- Is datapath-only: 0
- Is pipelined: 0
- Is top level: 1
Port [ Return ] is wired: 1; IO mode=ap_ctrl_hs:ce=0
Port [ set_roll]:  wired=1; compound=0; hidden=0; nouse=0; global=0; static=0; extern=0; dir=0; type=0; pingpong=0; private_global=0; IO mode=ap_none:ce=0
Port [ set_pitch]:  wired=1; compound=0; hidden=0; nouse=0; global=0; static=0; extern=0; dir=0; type=0; pingpong=0; private_global=0; IO mode=ap_none:ce=0
Port [ set_yaw]:  wired=1; compound=0; hidden=0; nouse=0; global=0; static=0; extern=0; dir=0; type=0; pingpong=0; private_global=0; IO mode=ap_none:ce=0
Port [ gyro_x]:  wired=1; compound=0; hidden=0; nouse=0; global=0; static=0; extern=0; dir=0; type=0; pingpong=0; private_global=0; IO mode=ap_none:ce=0
Port [ gyro_y]:  wired=1; compound=0; hidden=0; nouse=0; global=0; static=0; extern=0; dir=0; type=0; pingpong=0; private_global=0; IO mode=ap_none:ce=0
Port [ gyro_z]:  wired=1; compound=0; hidden=0; nouse=0; global=0; static=0; extern=0; dir=0; type=0; pingpong=0; private_global=0; IO mode=ap_none:ce=0
Port [ kp]:  wired=1; compound=0; hidden=0; nouse=0; global=0; static=0; extern=0; dir=0; type=0; pingpong=0; private_global=0; IO mode=ap_none:ce=0
Port [ ki]:  wired=1; compound=0; hidden=0; nouse=0; global=0; static=0; extern=0; dir=0; type=0; pingpong=0; private_global=0; IO mode=ap_none:ce=0
Port [ kd]:  wired=1; compound=0; hidden=0; nouse=0; global=0; static=0; extern=0; dir=0; type=0; pingpong=0; private_global=0; IO mode=ap_none:ce=0
Port [ dt]:  wired=1; compound=0; hidden=0; nouse=0; global=0; static=0; extern=0; dir=0; type=0; pingpong=0; private_global=0; IO mode=ap_none:ce=0
Port [ throttle]:  wired=1; compound=0; hidden=0; nouse=1; global=0; static=0; extern=0; dir=0; type=0; pingpong=0; private_global=0; IO mode=ap_none:ce=0
Port [ out_roll]:  wired=1; compound=0; hidden=0; nouse=0; global=0; static=0; extern=0; dir=1; type=0; pingpong=0; private_global=0; IO mode=ap_vld:ce=0
Port [ out_pitch]:  wired=1; compound=0; hidden=0; nouse=0; global=0; static=0; extern=0; dir=1; type=0; pingpong=0; private_global=0; IO mode=ap_vld:ce=0
Port [ out_yaw]:  wired=1; compound=0; hidden=0; nouse=0; global=0; static=0; extern=0; dir=1; type=0; pingpong=0; private_global=0; IO mode=ap_vld:ce=0
Port [ roll_st_integ]:  wired=0; compound=0; hidden=1; nouse=0; global=1; static=1; extern=0; dir=2; type=0; pingpong=0; private_global=1; IO mode=ap_ovld:ce=0
Port [ roll_st_last_err]:  wired=0; compound=0; hidden=1; nouse=0; global=1; static=1; extern=0; dir=2; type=0; pingpong=0; private_global=1; IO mode=ap_ovld:ce=0
Port [ pitch_st_integ]:  wired=0; compound=0; hidden=1; nouse=0; global=1; static=1; extern=0; dir=2; type=0; pingpong=0; private_global=1; IO mode=ap_ovld:ce=0
Port [ pitch_st_last_err]:  wired=0; compound=0; hidden=1; nouse=0; global=1; static=1; extern=0; dir=2; type=0; pingpong=0; private_global=1; IO mode=ap_ovld:ce=0
Port [ yaw_st_integ]:  wired=0; compound=0; hidden=1; nouse=0; global=1; static=1; extern=0; dir=2; type=0; pingpong=0; private_global=1; IO mode=ap_ovld:ce=0
Port [ yaw_st_last_err]:  wired=0; compound=0; hidden=1; nouse=0; global=1; static=1; extern=0; dir=2; type=0; pingpong=0; private_global=1; IO mode=ap_ovld:ce=0
---------------- STG Properties END ------------------

---------------- Datapath Model BEGIN ----------------

<LifeTime>
<method=bitvector/>
dt_read                (read          ) [ 00111000000000000000000000000000000000000000000000000000000000]
kd_read                (read          ) [ 00111110000000000000000000000000000000000000000000000000000000]
ki_read                (read          ) [ 00100000000000000000000000000000000000000000000000000000000000]
kp_read                (read          ) [ 00100000000000000000000000000000000000000000000000000000000000]
gyro_z_read            (read          ) [ 00000000000000000000000000000000000000000000000000000000000000]
gyro_y_read            (read          ) [ 00000000000000000000000000000000000000000000000000000000000000]
gyro_x_read            (read          ) [ 00000000000000000000000000000000000000000000000000000000000000]
set_yaw_read           (read          ) [ 00000000000000000000000000000000000000000000000000000000000000]
set_pitch_read         (read          ) [ 00000000000000000000000000000000000000000000000000000000000000]
set_roll_read          (read          ) [ 00000000000000000000000000000000000000000000000000000000000000]
err                    (sub           ) [ 00100000000000000000000000000000000000000000000000000000000000]
err_1                  (sub           ) [ 00100000000000000000000000000000000000000000000000000000000000]
err_2                  (sub           ) [ 00111111111111111111111111111111111111111111111111111111111100]
sext_ln7               (sext          ) [ 00010000000000000000000000000000000000000000000000000000000000]
sext_ln7_1             (sext          ) [ 00010000000000000000000000000000000000000000000000000000000000]
sext_ln7_2             (sext          ) [ 00010000000000000000000000000000000000000000000000000000000000]
roll_st_last_err_load  (load          ) [ 00000000000000000000000000000000000000000000000000000000000000]
diff                   (sub           ) [ 00011110000000000000000000000000000000000000000000000000000000]
store_ln25             (store         ) [ 00000000000000000000000000000000000000000000000000000000000000]
sext_ln7_5             (sext          ) [ 00010000000000000000000000000000000000000000000000000000000000]
pitch_st_last_err_load (load          ) [ 00000000000000000000000000000000000000000000000000000000000000]
diff_1                 (sub           ) [ 00011110000000000000000000000000000000000000000000000000000000]
store_ln25             (store         ) [ 00000000000000000000000000000000000000000000000000000000000000]
sext_ln7_7             (sext          ) [ 00010000000000000000000000000000000000000000000000000000000000]
mul_ln7                (mul           ) [ 00000000000000000000000000000000000000000000000000000000000000]
P                      (partselect    ) [ 00001111111111111111111111111111111111111111111111111111111110]
mul_ln7_1              (mul           ) [ 00000000000000000000000000000000000000000000000000000000000000]
a_assign               (partselect    ) [ 00001000000000000000000000000000000000000000000000000000000000]
mul_ln7_3              (mul           ) [ 00000000000000000000000000000000000000000000000000000000000000]
P_1                    (partselect    ) [ 00001111111111111111111111111111111111111111111111111111111110]
mul_ln7_4              (mul           ) [ 00000000000000000000000000000000000000000000000000000000000000]
a_assign_1             (partselect    ) [ 00001000000000000000000000000000000000000000000000000000000000]
mul_ln7_6              (mul           ) [ 00000000000000000000000000000000000000000000000000000000000000]
P_2                    (partselect    ) [ 00001111111111111111111111111111111111111111111111111111111110]
mul_ln7_7              (mul           ) [ 00000000000000000000000000000000000000000000000000000000000000]
a_assign_2             (partselect    ) [ 00001000000000000000000000000000000000000000000000000000000000]
sext_ln7_3             (sext          ) [ 00000100000000000000000000000000000000000000000000000000000000]
sext_ln7_4             (sext          ) [ 00000111111111111111111111111111111111111111111111111111111100]
icmp_ln23              (icmp          ) [ 00000111111111111111111111111111111111111111111111111111111100]
sext_ln7_6             (sext          ) [ 00000100000000000000000000000000000000000000000000000000000000]
sext_ln7_8             (sext          ) [ 00000100000000000000000000000000000000000000000000000000000000]
mul_ln7_2              (mul           ) [ 00000000000000000000000000000000000000000000000000000000000000]
delta_i                (partselect    ) [ 00000010000000000000000000000000000000000000000000000000000000]
mul_ln7_5              (mul           ) [ 00000000000000000000000000000000000000000000000000000000000000]
delta_i_1              (partselect    ) [ 00000010000000000000000000000000000000000000000000000000000000]
mul_ln7_8              (mul           ) [ 00000000000000000000000000000000000000000000000000000000000000]
delta_i_2              (partselect    ) [ 00000010000000000000000000000000000000000000000000000000000000]
yaw_st_last_err_load   (load          ) [ 00000000000000000000000000000000000000000000000000000000000000]
diff_2                 (sub           ) [ 00000010000000000000000000000000000000000000000000000000000000]
spectopmodule_ln34     (spectopmodule ) [ 00000000000000000000000000000000000000000000000000000000000000]
specbitsmap_ln0        (specbitsmap   ) [ 00000000000000000000000000000000000000000000000000000000000000]
specinterface_ln0      (specinterface ) [ 00000000000000000000000000000000000000000000000000000000000000]
specinterface_ln0      (specinterface ) [ 00000000000000000000000000000000000000000000000000000000000000]
specbitsmap_ln0        (specbitsmap   ) [ 00000000000000000000000000000000000000000000000000000000000000]
specinterface_ln0      (specinterface ) [ 00000000000000000000000000000000000000000000000000000000000000]
specinterface_ln0      (specinterface ) [ 00000000000000000000000000000000000000000000000000000000000000]
specbitsmap_ln0        (specbitsmap   ) [ 00000000000000000000000000000000000000000000000000000000000000]
specinterface_ln0      (specinterface ) [ 00000000000000000000000000000000000000000000000000000000000000]
specinterface_ln0      (specinterface ) [ 00000000000000000000000000000000000000000000000000000000000000]
specbitsmap_ln0        (specbitsmap   ) [ 00000000000000000000000000000000000000000000000000000000000000]
specinterface_ln0      (specinterface ) [ 00000000000000000000000000000000000000000000000000000000000000]
specinterface_ln0      (specinterface ) [ 00000000000000000000000000000000000000000000000000000000000000]
specbitsmap_ln0        (specbitsmap   ) [ 00000000000000000000000000000000000000000000000000000000000000]
specinterface_ln0      (specinterface ) [ 00000000000000000000000000000000000000000000000000000000000000]
specinterface_ln0      (specinterface ) [ 00000000000000000000000000000000000000000000000000000000000000]
specbitsmap_ln0        (specbitsmap   ) [ 00000000000000000000000000000000000000000000000000000000000000]
specinterface_ln0      (specinterface ) [ 00000000000000000000000000000000000000000000000000000000000000]
specinterface_ln0      (specinterface ) [ 00000000000000000000000000000000000000000000000000000000000000]
specbitsmap_ln0        (specbitsmap   ) [ 00000000000000000000000000000000000000000000000000000000000000]
specinterface_ln0      (specinterface ) [ 00000000000000000000000000000000000000000000000000000000000000]
specinterface_ln0      (specinterface ) [ 00000000000000000000000000000000000000000000000000000000000000]
specbitsmap_ln0        (specbitsmap   ) [ 00000000000000000000000000000000000000000000000000000000000000]
specinterface_ln0      (specinterface ) [ 00000000000000000000000000000000000000000000000000000000000000]
specinterface_ln0      (specinterface ) [ 00000000000000000000000000000000000000000000000000000000000000]
specbitsmap_ln0        (specbitsmap   ) [ 00000000000000000000000000000000000000000000000000000000000000]
specinterface_ln0      (specinterface ) [ 00000000000000000000000000000000000000000000000000000000000000]
specinterface_ln0      (specinterface ) [ 00000000000000000000000000000000000000000000000000000000000000]
specbitsmap_ln0        (specbitsmap   ) [ 00000000000000000000000000000000000000000000000000000000000000]
specinterface_ln0      (specinterface ) [ 00000000000000000000000000000000000000000000000000000000000000]
specinterface_ln0      (specinterface ) [ 00000000000000000000000000000000000000000000000000000000000000]
specbitsmap_ln0        (specbitsmap   ) [ 00000000000000000000000000000000000000000000000000000000000000]
specinterface_ln0      (specinterface ) [ 00000000000000000000000000000000000000000000000000000000000000]
specinterface_ln0      (specinterface ) [ 00000000000000000000000000000000000000000000000000000000000000]
specbitsmap_ln0        (specbitsmap   ) [ 00000000000000000000000000000000000000000000000000000000000000]
specinterface_ln0      (specinterface ) [ 00000000000000000000000000000000000000000000000000000000000000]
specinterface_ln0      (specinterface ) [ 00000000000000000000000000000000000000000000000000000000000000]
specbitsmap_ln0        (specbitsmap   ) [ 00000000000000000000000000000000000000000000000000000000000000]
specinterface_ln0      (specinterface ) [ 00000000000000000000000000000000000000000000000000000000000000]
specinterface_ln0      (specinterface ) [ 00000000000000000000000000000000000000000000000000000000000000]
specbitsmap_ln0        (specbitsmap   ) [ 00000000000000000000000000000000000000000000000000000000000000]
specinterface_ln0      (specinterface ) [ 00000000000000000000000000000000000000000000000000000000000000]
specinterface_ln0      (specinterface ) [ 00000000000000000000000000000000000000000000000000000000000000]
specinterface_ln0      (specinterface ) [ 00000000000000000000000000000000000000000000000000000000000000]
roll_st_integ_load     (load          ) [ 00000000000000000000000000000000000000000000000000000000000000]
add_ln20               (add           ) [ 00000001111111111111111111111111111111111111111111111111111110]
store_ln20             (store         ) [ 00000000000000000000000000000000000000000000000000000000000000]
pitch_st_integ_load    (load          ) [ 00000000000000000000000000000000000000000000000000000000000000]
add_ln20_1             (add           ) [ 00000001111111111111111111111111111111111111111111111111111110]
store_ln20             (store         ) [ 00000000000000000000000000000000000000000000000000000000000000]
yaw_st_integ_load      (load          ) [ 00000000000000000000000000000000000000000000000000000000000000]
add_ln20_2             (add           ) [ 00000001111111111111111111111111111111111111111111111111111110]
store_ln20             (store         ) [ 00000000000000000000000000000000000000000000000000000000000000]
br_ln23                (br            ) [ 00000011111111111111111111111111111111111111111111111111111110]
sext_ln7_9             (sext          ) [ 00000001000000000000000000000000000000000000000000000000000000]
sext_ln7_10            (sext          ) [ 00000001000000000000000000000000000000000000000000000000000000]
sext_ln7_11            (sext          ) [ 00000001000000000000000000000000000000000000000000000000000000]
sext_ln7_12            (sext          ) [ 00000001000000000000000000000000000000000000000000000000000000]
mul_ln7_9              (mul           ) [ 00000000000000000000000000000000000000000000000000000000000000]
tmp                    (partselect    ) [ 00000000100000000000000000000000000000000000000000000000000000]
mul_ln7_10             (mul           ) [ 00000000000000000000000000000000000000000000000000000000000000]
tmp_1                  (partselect    ) [ 00000000100000000000000000000000000000000000000000000000000000]
mul_ln7_11             (mul           ) [ 00000000000000000000000000000000000000000000000000000000000000]
tmp_2                  (partselect    ) [ 00000000100000000000000000000000000000000000000000000000000000]
shl_ln                 (bitconcatenate) [ 00000000011111111111111111111111111111111111111111111111111100]
shl_ln23_1             (bitconcatenate) [ 00000000011111111111111111111111111111111111111111111111111100]
shl_ln23_2             (bitconcatenate) [ 00000000011111111111111111111111111111111111111111111111111100]
sdiv_ln23              (sdiv          ) [ 00000000000000000000000000000000000000000000000000000000000000]
trunc_ln23             (trunc         ) [ 00000010000000000000000000000000000000000000000000000000000110]
sdiv_ln23_1            (sdiv          ) [ 00000000000000000000000000000000000000000000000000000000000000]
trunc_ln23_1           (trunc         ) [ 00000010000000000000000000000000000000000000000000000000000110]
sdiv_ln23_2            (sdiv          ) [ 00000000000000000000000000000000000000000000000000000000000000]
trunc_ln23_2           (trunc         ) [ 00000010000000000000000000000000000000000000000000000000000110]
br_ln23                (br            ) [ 00000010000000000000000000000000000000000000000000000000000110]
store_ln25             (store         ) [ 00000000000000000000000000000000000000000000000000000000000000]
cond_i2773             (phi           ) [ 00000000000000000000000000000000000000000000000000000000000010]
cond_i6971             (phi           ) [ 00000000000000000000000000000000000000000000000000000000000010]
D                      (phi           ) [ 00000000000000000000000000000000000000000000000000000000000010]
add_ln26               (add           ) [ 00000000000000000000000000000000000000000000000000000000000000]
out_9                  (add           ) [ 00000000000000000000000000000000000000000000000000000000000001]
icmp_ln28              (icmp          ) [ 00000000000000000000000000000000000000000000000000000000000001]
add_ln26_2             (add           ) [ 00000000000000000000000000000000000000000000000000000000000000]
out_12                 (add           ) [ 00000000000000000000000000000000000000000000000000000000000001]
icmp_ln28_1            (icmp          ) [ 00000000000000000000000000000000000000000000000000000000000001]
add_ln26_4             (add           ) [ 00000000000000000000000000000000000000000000000000000000000000]
out                    (add           ) [ 00000000000000000000000000000000000000000000000000000000000001]
icmp_ln28_2            (icmp          ) [ 00000000000000000000000000000000000000000000000000000000000001]
out_10                 (select        ) [ 00000000000000000000000000000000000000000000000000000000000000]
trunc_ln29             (trunc         ) [ 00000000000000000000000000000000000000000000000000000000000000]
icmp_ln29              (icmp          ) [ 00000000000000000000000000000000000000000000000000000000000000]
out_11                 (select        ) [ 00000000000000000000000000000000000000000000000000000000000000]
sext_ln63              (sext          ) [ 00000000000000000000000000000000000000000000000000000000000000]
write_ln63             (write         ) [ 00000000000000000000000000000000000000000000000000000000000000]
out_13                 (select        ) [ 00000000000000000000000000000000000000000000000000000000000000]
trunc_ln29_1           (trunc         ) [ 00000000000000000000000000000000000000000000000000000000000000]
icmp_ln29_1            (icmp          ) [ 00000000000000000000000000000000000000000000000000000000000000]
out_14                 (select        ) [ 00000000000000000000000000000000000000000000000000000000000000]
sext_ln64              (sext          ) [ 00000000000000000000000000000000000000000000000000000000000000]
write_ln64             (write         ) [ 00000000000000000000000000000000000000000000000000000000000000]
out_7                  (select        ) [ 00000000000000000000000000000000000000000000000000000000000000]
trunc_ln26             (trunc         ) [ 00000000000000000000000000000000000000000000000000000000000000]
icmp_ln29_2            (icmp          ) [ 00000000000000000000000000000000000000000000000000000000000000]
out_8                  (select        ) [ 00000000000000000000000000000000000000000000000000000000000000]
sext_ln26              (sext          ) [ 00000000000000000000000000000000000000000000000000000000000000]
write_ln65             (write         ) [ 00000000000000000000000000000000000000000000000000000000000000]
ret_ln66               (ret           ) [ 00000000000000000000000000000000000000000000000000000000000000]
</LifeTime>

<model>

<comp_list>
<comp id="0" class="1000" name="set_roll">
<pin_list>
<pin id="1" dir="1" index="0" bw="1" slack="0"/>
</pin_list>
<bind>
<StgValue><ssdm name="set_roll"/></StgValue>
</bind>
</comp>

<comp id="2" class="1000" name="set_pitch">
<pin_list>
<pin id="3" dir="1" index="0" bw="1" slack="0"/>
</pin_list>
<bind>
<StgValue><ssdm name="set_pitch"/></StgValue>
</bind>
</comp>

<comp id="4" class="1000" name="set_yaw">
<pin_list>
<pin id="5" dir="1" index="0" bw="1" slack="0"/>
</pin_list>
<bind>
<StgValue><ssdm name="set_yaw"/></StgValue>
</bind>
</comp>

<comp id="6" class="1000" name="gyro_x">
<pin_list>
<pin id="7" dir="1" index="0" bw="1" slack="0"/>
</pin_list>
<bind>
<StgValue><ssdm name="gyro_x"/></StgValue>
</bind>
</comp>

<comp id="8" class="1000" name="gyro_y">
<pin_list>
<pin id="9" dir="1" index="0" bw="1" slack="0"/>
</pin_list>
<bind>
<StgValue><ssdm name="gyro_y"/></StgValue>
</bind>
</comp>

<comp id="10" class="1000" name="gyro_z">
<pin_list>
<pin id="11" dir="1" index="0" bw="1" slack="0"/>
</pin_list>
<bind>
<StgValue><ssdm name="gyro_z"/></StgValue>
</bind>
</comp>

<comp id="12" class="1000" name="kp">
<pin_list>
<pin id="13" dir="1" index="0" bw="1" slack="0"/>
</pin_list>
<bind>
<StgValue><ssdm name="kp"/></StgValue>
</bind>
</comp>

<comp id="14" class="1000" name="ki">
<pin_list>
<pin id="15" dir="1" index="0" bw="1" slack="0"/>
</pin_list>
<bind>
<StgValue><ssdm name="ki"/></StgValue>
</bind>
</comp>

<comp id="16" class="1000" name="kd">
<pin_list>
<pin id="17" dir="1" index="0" bw="1" slack="0"/>
</pin_list>
<bind>
<StgValue><ssdm name="kd"/></StgValue>
</bind>
</comp>

<comp id="18" class="1000" name="dt">
<pin_list>
<pin id="19" dir="1" index="0" bw="1" slack="0"/>
</pin_list>
<bind>
<StgValue><ssdm name="dt"/></StgValue>
</bind>
</comp>

<comp id="20" class="1000" name="throttle">
<pin_list>
<pin id="21" dir="1" index="0" bw="1" slack="2147483647"/>
</pin_list>
<bind>
<StgValue><ssdm name="throttle"/></StgValue>
</bind>
</comp>

<comp id="22" class="1000" name="out_roll">
<pin_list>
<pin id="23" dir="1" index="0" bw="1" slack="0"/>
</pin_list>
<bind>
<StgValue><ssdm name="out_roll"/></StgValue>
</bind>
</comp>

<comp id="24" class="1000" name="out_pitch">
<pin_list>
<pin id="25" dir="1" index="0" bw="1" slack="0"/>
</pin_list>
<bind>
<StgValue><ssdm name="out_pitch"/></StgValue>
</bind>
</comp>

<comp id="26" class="1000" name="out_yaw">
<pin_list>
<pin id="27" dir="1" index="0" bw="1" slack="0"/>
</pin_list>
<bind>
<StgValue><ssdm name="out_yaw"/></StgValue>
</bind>
</comp>

<comp id="28" class="1000" name="roll_st_integ">
<pin_list>
<pin id="29" dir="1" index="0" bw="1" slack="0"/>
</pin_list>
<bind>
<StgValue><ssdm name="roll_st_integ"/></StgValue>
</bind>
</comp>

<comp id="30" class="1000" name="roll_st_last_err">
<pin_list>
<pin id="31" dir="1" index="0" bw="1" slack="0"/>
</pin_list>
<bind>
<StgValue><ssdm name="roll_st_last_err"/></StgValue>
</bind>
</comp>

<comp id="32" class="1000" name="pitch_st_integ">
<pin_list>
<pin id="33" dir="1" index="0" bw="1" slack="0"/>
</pin_list>
<bind>
<StgValue><ssdm name="pitch_st_integ"/></StgValue>
</bind>
</comp>

<comp id="34" class="1000" name="pitch_st_last_err">
<pin_list>
<pin id="35" dir="1" index="0" bw="1" slack="0"/>
</pin_list>
<bind>
<StgValue><ssdm name="pitch_st_last_err"/></StgValue>
</bind>
</comp>

<comp id="36" class="1000" name="yaw_st_integ">
<pin_list>
<pin id="37" dir="1" index="0" bw="1" slack="0"/>
</pin_list>
<bind>
<StgValue><ssdm name="yaw_st_integ"/></StgValue>
</bind>
</comp>

<comp id="38" class="1000" name="yaw_st_last_err">
<pin_list>
<pin id="39" dir="1" index="0" bw="1" slack="0"/>
</pin_list>
<bind>
<StgValue><ssdm name="yaw_st_last_err"/></StgValue>
</bind>
</comp>

<comp id="40" class="1001" name="const_40">
<pin_list>
<pin id="41" dir="1" index="0" bw="1" slack="0"/>
</pin_list>
<bind>
<StgValue><ssdm name="_ssdm_op_Read.s_axilite.i32"/></StgValue>
</bind>
</comp>

<comp id="42" class="1001" name="const_42">
<pin_list>
<pin id="43" dir="1" index="0" bw="1" slack="0"/>
</pin_list>
<bind>
<StgValue><ssdm name="_ssdm_op_PartSelect.i32.i48.i32.i32"/></StgValue>
</bind>
</comp>

<comp id="44" class="1001" name="const_44">
<pin_list>
<pin id="45" dir="1" index="0" bw="1" slack="0"/>
</pin_list>
<bind>
<StgValue><ssdm name=""/></StgValue>
</bind>
</comp>

<comp id="46" class="1001" name="const_46">
<pin_list>
<pin id="47" dir="1" index="0" bw="1" slack="0"/>
</pin_list>
<bind>
<StgValue><ssdm name=""/></StgValue>
</bind>
</comp>

<comp id="48" class="1001" name="const_48">
<pin_list>
<pin id="49" dir="1" index="0" bw="1" slack="0"/>
</pin_list>
<bind>
<StgValue><ssdm name=""/></StgValue>
</bind>
</comp>

<comp id="50" class="1001" name="const_50">
<pin_list>
<pin id="51" dir="1" index="0" bw="1" slack="2147483647"/>
</pin_list>
<bind>
<StgValue><ssdm name="_ssdm_op_SpecTopModule"/></StgValue>
</bind>
</comp>

<comp id="52" class="1001" name="const_52">
<pin_list>
<pin id="53" dir="1" index="0" bw="1" slack="2147483647"/>
</pin_list>
<bind>
<StgValue><ssdm name="empty_17"/></StgValue>
</bind>
</comp>

<comp id="54" class="1001" name="const_54">
<pin_list>
<pin id="55" dir="1" index="0" bw="1" slack="2147483647"/>
</pin_list>
<bind>
<StgValue><ssdm name="_ssdm_op_SpecBitsMap"/></StgValue>
</bind>
</comp>

<comp id="56" class="1001" name="const_56">
<pin_list>
<pin id="57" dir="1" index="0" bw="1" slack="2147483647"/>
</pin_list>
<bind>
<StgValue><ssdm name="_ssdm_op_SpecInterface"/></StgValue>
</bind>
</comp>

<comp id="58" class="1001" name="const_58">
<pin_list>
<pin id="59" dir="1" index="0" bw="1" slack="2147483647"/>
</pin_list>
<bind>
<StgValue><ssdm name="empty"/></StgValue>
</bind>
</comp>

<comp id="60" class="1001" name="const_60">
<pin_list>
<pin id="61" dir="1" index="0" bw="1" slack="2147483647"/>
</pin_list>
<bind>
<StgValue><ssdm name=""/></StgValue>
</bind>
</comp>

<comp id="62" class="1001" name="const_62">
<pin_list>
<pin id="63" dir="1" index="0" bw="1" slack="2147483647"/>
</pin_list>
<bind>
<StgValue><ssdm name="empty_0"/></StgValue>
</bind>
</comp>

<comp id="64" class="1001" name="const_64">
<pin_list>
<pin id="65" dir="1" index="0" bw="1" slack="2147483647"/>
</pin_list>
<bind>
<StgValue><ssdm name="empty_1"/></StgValue>
</bind>
</comp>

<comp id="66" class="1001" name="const_66">
<pin_list>
<pin id="67" dir="1" index="0" bw="1" slack="2147483647"/>
</pin_list>
<bind>
<StgValue><ssdm name="empty_2"/></StgValue>
</bind>
</comp>

<comp id="68" class="1001" name="const_68">
<pin_list>
<pin id="69" dir="1" index="0" bw="1" slack="2147483647"/>
</pin_list>
<bind>
<StgValue><ssdm name="empty_3"/></StgValue>
</bind>
</comp>

<comp id="70" class="1001" name="const_70">
<pin_list>
<pin id="71" dir="1" index="0" bw="1" slack="2147483647"/>
</pin_list>
<bind>
<StgValue><ssdm name="empty_4"/></StgValue>
</bind>
</comp>

<comp id="72" class="1001" name="const_72">
<pin_list>
<pin id="73" dir="1" index="0" bw="1" slack="2147483647"/>
</pin_list>
<bind>
<StgValue><ssdm name="empty_5"/></StgValue>
</bind>
</comp>

<comp id="74" class="1001" name="const_74">
<pin_list>
<pin id="75" dir="1" index="0" bw="1" slack="2147483647"/>
</pin_list>
<bind>
<StgValue><ssdm name="empty_6"/></StgValue>
</bind>
</comp>

<comp id="76" class="1001" name="const_76">
<pin_list>
<pin id="77" dir="1" index="0" bw="1" slack="2147483647"/>
</pin_list>
<bind>
<StgValue><ssdm name="empty_7"/></StgValue>
</bind>
</comp>

<comp id="78" class="1001" name="const_78">
<pin_list>
<pin id="79" dir="1" index="0" bw="1" slack="2147483647"/>
</pin_list>
<bind>
<StgValue><ssdm name="empty_8"/></StgValue>
</bind>
</comp>

<comp id="80" class="1001" name="const_80">
<pin_list>
<pin id="81" dir="1" index="0" bw="1" slack="2147483647"/>
</pin_list>
<bind>
<StgValue><ssdm name="empty_9"/></StgValue>
</bind>
</comp>

<comp id="82" class="1001" name="const_82">
<pin_list>
<pin id="83" dir="1" index="0" bw="1" slack="2147483647"/>
</pin_list>
<bind>
<StgValue><ssdm name="empty_10"/></StgValue>
</bind>
</comp>

<comp id="84" class="1001" name="const_84">
<pin_list>
<pin id="85" dir="1" index="0" bw="1" slack="2147483647"/>
</pin_list>
<bind>
<StgValue><ssdm name="empty_11"/></StgValue>
</bind>
</comp>

<comp id="86" class="1001" name="const_86">
<pin_list>
<pin id="87" dir="1" index="0" bw="1" slack="2147483647"/>
</pin_list>
<bind>
<StgValue><ssdm name="empty_12"/></StgValue>
</bind>
</comp>

<comp id="88" class="1001" name="const_88">
<pin_list>
<pin id="89" dir="1" index="0" bw="1" slack="2147483647"/>
</pin_list>
<bind>
<StgValue><ssdm name="empty_13"/></StgValue>
</bind>
</comp>

<comp id="90" class="1001" name="const_90">
<pin_list>
<pin id="91" dir="1" index="0" bw="1" slack="2147483647"/>
</pin_list>
<bind>
<StgValue><ssdm name="empty_14"/></StgValue>
</bind>
</comp>

<comp id="92" class="1001" name="const_92">
<pin_list>
<pin id="93" dir="1" index="0" bw="1" slack="2147483647"/>
</pin_list>
<bind>
<StgValue><ssdm name="empty_15"/></StgValue>
</bind>
</comp>

<comp id="94" class="1001" name="const_94">
<pin_list>
<pin id="95" dir="1" index="0" bw="1" slack="2147483647"/>
</pin_list>
<bind>
<StgValue><ssdm name="empty_16"/></StgValue>
</bind>
</comp>

<comp id="96" class="1001" name="const_96">
<pin_list>
<pin id="97" dir="1" index="0" bw="1" slack="0"/>
</pin_list>
<bind>
<StgValue><ssdm name="_ssdm_op_BitConcatenate.i48.i32.i16"/></StgValue>
</bind>
</comp>

<comp id="98" class="1001" name="const_98">
<pin_list>
<pin id="99" dir="1" index="0" bw="1" slack="0"/>
</pin_list>
<bind>
<StgValue><ssdm name=""/></StgValue>
</bind>
</comp>

<comp id="100" class="1001" name="const_100">
<pin_list>
<pin id="101" dir="1" index="0" bw="1" slack="0"/>
</pin_list>
<bind>
<StgValue><ssdm name=""/></StgValue>
</bind>
</comp>

<comp id="102" class="1001" name="const_102">
<pin_list>
<pin id="103" dir="1" index="0" bw="1" slack="0"/>
</pin_list>
<bind>
<StgValue><ssdm name=""/></StgValue>
</bind>
</comp>

<comp id="104" class="1001" name="const_104">
<pin_list>
<pin id="105" dir="1" index="0" bw="1" slack="0"/>
</pin_list>
<bind>
<StgValue><ssdm name=""/></StgValue>
</bind>
</comp>

<comp id="106" class="1001" name="const_106">
<pin_list>
<pin id="107" dir="1" index="0" bw="1" slack="0"/>
</pin_list>
<bind>
<StgValue><ssdm name="_ssdm_op_Write.s_axilite.i32P0A"/></StgValue>
</bind>
</comp>

<comp id="108" class="1004" name="dt_read_read_fu_108">
<pin_list>
<pin id="109" dir="0" index="0" bw="32" slack="0"/>
<pin id="110" dir="0" index="1" bw="32" slack="0"/>
<pin id="111" dir="1" index="2" bw="32" slack="3"/>
</pin_list>
<bind>
<opcode="read(1150) " fcode="read"/>
<opset="dt_read/1 "/>
</bind>
</comp>

<comp id="114" class="1004" name="kd_read_read_fu_114">
<pin_list>
<pin id="115" dir="0" index="0" bw="32" slack="0"/>
<pin id="116" dir="0" index="1" bw="32" slack="0"/>
<pin id="117" dir="1" index="2" bw="32" slack="5"/>
</pin_list>
<bind>
<opcode="read(1150) " fcode="read"/>
<opset="kd_read/1 "/>
</bind>
</comp>

<comp id="120" class="1004" name="ki_read_read_fu_120">
<pin_list>
<pin id="121" dir="0" index="0" bw="32" slack="0"/>
<pin id="122" dir="0" index="1" bw="32" slack="0"/>
<pin id="123" dir="1" index="2" bw="32" slack="1"/>
</pin_list>
<bind>
<opcode="read(1150) " fcode="read"/>
<opset="ki_read/1 "/>
</bind>
</comp>

<comp id="126" class="1004" name="kp_read_read_fu_126">
<pin_list>
<pin id="127" dir="0" index="0" bw="32" slack="0"/>
<pin id="128" dir="0" index="1" bw="32" slack="0"/>
<pin id="129" dir="1" index="2" bw="32" slack="1"/>
</pin_list>
<bind>
<opcode="read(1150) " fcode="read"/>
<opset="kp_read/1 "/>
</bind>
</comp>

<comp id="132" class="1004" name="gyro_z_read_read_fu_132">
<pin_list>
<pin id="133" dir="0" index="0" bw="32" slack="0"/>
<pin id="134" dir="0" index="1" bw="32" slack="0"/>
<pin id="135" dir="1" index="2" bw="32" slack="0"/>
</pin_list>
<bind>
<opcode="read(1150) " fcode="read"/>
<opset="gyro_z_read/1 "/>
</bind>
</comp>

<comp id="138" class="1004" name="gyro_y_read_read_fu_138">
<pin_list>
<pin id="139" dir="0" index="0" bw="32" slack="0"/>
<pin id="140" dir="0" index="1" bw="32" slack="0"/>
<pin id="141" dir="1" index="2" bw="32" slack="0"/>
</pin_list>
<bind>
<opcode="read(1150) " fcode="read"/>
<opset="gyro_y_read/1 "/>
</bind>
</comp>

<comp id="144" class="1004" name="gyro_x_read_read_fu_144">
<pin_list>
<pin id="145" dir="0" index="0" bw="32" slack="0"/>
<pin id="146" dir="0" index="1" bw="32" slack="0"/>
<pin id="147" dir="1" index="2" bw="32" slack="0"/>
</pin_list>
<bind>
<opcode="read(1150) " fcode="read"/>
<opset="gyro_x_read/1 "/>
</bind>
</comp>

<comp id="150" class="1004" name="set_yaw_read_read_fu_150">
<pin_list>
<pin id="151" dir="0" index="0" bw="32" slack="0"/>
<pin id="152" dir="0" index="1" bw="32" slack="0"/>
<pin id="153" dir="1" index="2" bw="32" slack="0"/>
</pin_list>
<bind>
<opcode="read(1150) " fcode="read"/>
<opset="set_yaw_read/1 "/>
</bind>
</comp>

<comp id="156" class="1004" name="set_pitch_read_read_fu_156">
<pin_list>
<pin id="157" dir="0" index="0" bw="32" slack="0"/>
<pin id="158" dir="0" index="1" bw="32" slack="0"/>
<pin id="159" dir="1" index="2" bw="32" slack="0"/>
</pin_list>
<bind>
<opcode="read(1150) " fcode="read"/>
<opset="set_pitch_read/1 "/>
</bind>
</comp>

<comp id="162" class="1004" name="set_roll_read_read_fu_162">
<pin_list>
<pin id="163" dir="0" index="0" bw="32" slack="0"/>
<pin id="164" dir="0" index="1" bw="32" slack="0"/>
<pin id="165" dir="1" index="2" bw="32" slack="0"/>
</pin_list>
<bind>
<opcode="read(1150) " fcode="read"/>
<opset="set_roll_read/1 "/>
</bind>
</comp>

<comp id="168" class="1004" name="write_ln63_write_fu_168">
<pin_list>
<pin id="169" dir="0" index="0" bw="0" slack="0"/>
<pin id="170" dir="0" index="1" bw="32" slack="0"/>
<pin id="171" dir="0" index="2" bw="18" slack="0"/>
<pin id="172" dir="1" index="3" bw="0" slack="2147483647"/>
</pin_list>
<bind>
<opcode="write(1151) " fcode="write"/>
<opset="write_ln63/61 "/>
</bind>
</comp>

<comp id="175" class="1004" name="write_ln64_write_fu_175">
<pin_list>
<pin id="176" dir="0" index="0" bw="0" slack="0"/>
<pin id="177" dir="0" index="1" bw="32" slack="0"/>
<pin id="178" dir="0" index="2" bw="18" slack="0"/>
<pin id="179" dir="1" index="3" bw="0" slack="2147483647"/>
</pin_list>
<bind>
<opcode="write(1151) " fcode="write"/>
<opset="write_ln64/61 "/>
</bind>
</comp>

<comp id="182" class="1004" name="write_ln65_write_fu_182">
<pin_list>
<pin id="183" dir="0" index="0" bw="0" slack="0"/>
<pin id="184" dir="0" index="1" bw="32" slack="0"/>
<pin id="185" dir="0" index="2" bw="18" slack="0"/>
<pin id="186" dir="1" index="3" bw="0" slack="2147483647"/>
</pin_list>
<bind>
<opcode="write(1151) " fcode="write"/>
<opset="write_ln65/61 "/>
</bind>
</comp>

<comp id="189" class="1005" name="cond_i2773_reg_189">
<pin_list>
<pin id="190" dir="0" index="0" bw="32" slack="54"/>
<pin id="191" dir="1" index="1" bw="32" slack="54"/>
</pin_list>
<bind>
<opset="cond_i2773 (phireg) "/>
</bind>
</comp>

<comp id="193" class="1004" name="cond_i2773_phi_fu_193">
<pin_list>
<pin id="194" dir="0" index="0" bw="32" slack="1"/>
<pin id="195" dir="0" index="1" bw="0" slack="2147483647"/>
<pin id="196" dir="0" index="2" bw="1" slack="54"/>
<pin id="197" dir="0" index="3" bw="0" slack="2147483647"/>
<pin id="198" dir="1" index="4" bw="32" slack="0"/>
</pin_list>
<bind>
<opcode="phi(47) " fcode="phi"/>
<opset="cond_i2773/60 "/>
</bind>
</comp>

<comp id="200" class="1005" name="cond_i6971_reg_200">
<pin_list>
<pin id="201" dir="0" index="0" bw="32" slack="54"/>
<pin id="202" dir="1" index="1" bw="32" slack="54"/>
</pin_list>
<bind>
<opset="cond_i6971 (phireg) "/>
</bind>
</comp>

<comp id="204" class="1004" name="cond_i6971_phi_fu_204">
<pin_list>
<pin id="205" dir="0" index="0" bw="32" slack="1"/>
<pin id="206" dir="0" index="1" bw="0" slack="2147483647"/>
<pin id="207" dir="0" index="2" bw="1" slack="54"/>
<pin id="208" dir="0" index="3" bw="0" slack="2147483647"/>
<pin id="209" dir="1" index="4" bw="32" slack="0"/>
</pin_list>
<bind>
<opcode="phi(47) " fcode="phi"/>
<opset="cond_i6971/60 "/>
</bind>
</comp>

<comp id="211" class="1005" name="D_reg_211">
<pin_list>
<pin id="212" dir="0" index="0" bw="32" slack="54"/>
<pin id="213" dir="1" index="1" bw="32" slack="54"/>
</pin_list>
<bind>
<opset="D (phireg) "/>
</bind>
</comp>

<comp id="215" class="1004" name="D_phi_fu_215">
<pin_list>
<pin id="216" dir="0" index="0" bw="32" slack="1"/>
<pin id="217" dir="0" index="1" bw="0" slack="2147483647"/>
<pin id="218" dir="0" index="2" bw="1" slack="54"/>
<pin id="219" dir="0" index="3" bw="0" slack="2147483647"/>
<pin id="220" dir="1" index="4" bw="32" slack="0"/>
</pin_list>
<bind>
<opcode="phi(47) " fcode="phi"/>
<opset="D/60 "/>
</bind>
</comp>

<comp id="222" class="1004" name="grp_fu_222">
<pin_list>
<pin id="223" dir="0" index="0" bw="32" slack="0"/>
<pin id="224" dir="0" index="1" bw="32" slack="0"/>
<pin id="225" dir="1" index="2" bw="48" slack="0"/>
</pin_list>
<bind>
<opcode="mul(12) " fcode="mul"/>
<opset="mul_ln7/2 mul_ln7_2/4 mul_ln7_9/6 "/>
</bind>
</comp>

<comp id="226" class="1004" name="grp_fu_226">
<pin_list>
<pin id="227" dir="0" index="0" bw="32" slack="0"/>
<pin id="228" dir="0" index="1" bw="32" slack="0"/>
<pin id="229" dir="1" index="2" bw="48" slack="0"/>
</pin_list>
<bind>
<opcode="mul(12) " fcode="mul"/>
<opset="mul_ln7_1/2 mul_ln7_5/4 mul_ln7_10/6 "/>
</bind>
</comp>

<comp id="230" class="1004" name="grp_fu_230">
<pin_list>
<pin id="231" dir="0" index="0" bw="32" slack="0"/>
<pin id="232" dir="0" index="1" bw="32" slack="0"/>
<pin id="233" dir="1" index="2" bw="48" slack="0"/>
</pin_list>
<bind>
<opcode="mul(12) " fcode="mul"/>
<opset="mul_ln7_3/2 mul_ln7_8/4 mul_ln7_11/6 "/>
</bind>
</comp>

<comp id="234" class="1004" name="grp_fu_234">
<pin_list>
<pin id="235" dir="0" index="0" bw="32" slack="0"/>
<pin id="236" dir="0" index="1" bw="32" slack="0"/>
<pin id="237" dir="1" index="2" bw="48" slack="0"/>
</pin_list>
<bind>
<opcode="mul(12) " fcode="mul"/>
<opset="mul_ln7_4/2 "/>
</bind>
</comp>

<comp id="238" class="1004" name="grp_fu_238">
<pin_list>
<pin id="239" dir="0" index="0" bw="32" slack="0"/>
<pin id="240" dir="0" index="1" bw="32" slack="0"/>
<pin id="241" dir="1" index="2" bw="48" slack="0"/>
</pin_list>
<bind>
<opcode="mul(12) " fcode="mul"/>
<opset="mul_ln7_6/2 "/>
</bind>
</comp>

<comp id="242" class="1004" name="grp_fu_242">
<pin_list>
<pin id="243" dir="0" index="0" bw="32" slack="0"/>
<pin id="244" dir="0" index="1" bw="32" slack="0"/>
<pin id="245" dir="1" index="2" bw="48" slack="0"/>
</pin_list>
<bind>
<opcode="mul(12) " fcode="mul"/>
<opset="mul_ln7_7/2 "/>
</bind>
</comp>

<comp id="246" class="1004" name="grp_fu_246">
<pin_list>
<pin id="247" dir="0" index="0" bw="32" slack="0"/>
<pin id="248" dir="0" index="1" bw="48" slack="0"/>
<pin id="249" dir="0" index="2" bw="6" slack="0"/>
<pin id="250" dir="0" index="3" bw="7" slack="0"/>
<pin id="251" dir="1" index="4" bw="32" slack="1"/>
</pin_list>
<bind>
<opcode="partselect(1002) " fcode="partselect"/>
<opset="P/3 delta_i/5 tmp/7 "/>
</bind>
</comp>

<comp id="256" class="1004" name="grp_fu_256">
<pin_list>
<pin id="257" dir="0" index="0" bw="32" slack="0"/>
<pin id="258" dir="0" index="1" bw="48" slack="0"/>
<pin id="259" dir="0" index="2" bw="6" slack="0"/>
<pin id="260" dir="0" index="3" bw="7" slack="0"/>
<pin id="261" dir="1" index="4" bw="32" slack="1"/>
</pin_list>
<bind>
<opcode="partselect(1002) " fcode="partselect"/>
<opset="a_assign/3 delta_i_1/5 tmp_1/7 "/>
</bind>
</comp>

<comp id="266" class="1004" name="grp_fu_266">
<pin_list>
<pin id="267" dir="0" index="0" bw="32" slack="0"/>
<pin id="268" dir="0" index="1" bw="48" slack="0"/>
<pin id="269" dir="0" index="2" bw="6" slack="0"/>
<pin id="270" dir="0" index="3" bw="7" slack="0"/>
<pin id="271" dir="1" index="4" bw="32" slack="1"/>
</pin_list>
<bind>
<opcode="partselect(1002) " fcode="partselect"/>
<opset="P_1/3 delta_i_2/5 tmp_2/7 "/>
</bind>
</comp>

<comp id="276" class="1005" name="reg_276">
<pin_list>
<pin id="277" dir="0" index="0" bw="32" slack="1"/>
<pin id="278" dir="1" index="1" bw="32" slack="1"/>
</pin_list>
<bind>
<opset="a_assign delta_i_1 tmp_1 "/>
</bind>
</comp>

<comp id="280" class="1005" name="reg_280">
<pin_list>
<pin id="281" dir="0" index="0" bw="32" slack="1"/>
<pin id="282" dir="1" index="1" bw="32" slack="1"/>
</pin_list>
<bind>
<opset="delta_i tmp "/>
</bind>
</comp>

<comp id="284" class="1005" name="reg_284">
<pin_list>
<pin id="285" dir="0" index="0" bw="32" slack="1"/>
<pin id="286" dir="1" index="1" bw="32" slack="1"/>
</pin_list>
<bind>
<opset="delta_i_2 tmp_2 "/>
</bind>
</comp>

<comp id="288" class="1004" name="err_fu_288">
<pin_list>
<pin id="289" dir="0" index="0" bw="32" slack="0"/>
<pin id="290" dir="0" index="1" bw="32" slack="0"/>
<pin id="291" dir="1" index="2" bw="32" slack="1"/>
</pin_list>
<bind>
<opcode="sub(10) " fcode="sub"/>
<opset="err/1 "/>
</bind>
</comp>

<comp id="294" class="1004" name="err_1_fu_294">
<pin_list>
<pin id="295" dir="0" index="0" bw="32" slack="0"/>
<pin id="296" dir="0" index="1" bw="32" slack="0"/>
<pin id="297" dir="1" index="2" bw="32" slack="1"/>
</pin_list>
<bind>
<opcode="sub(10) " fcode="sub"/>
<opset="err_1/1 "/>
</bind>
</comp>

<comp id="300" class="1004" name="err_2_fu_300">
<pin_list>
<pin id="301" dir="0" index="0" bw="32" slack="0"/>
<pin id="302" dir="0" index="1" bw="32" slack="0"/>
<pin id="303" dir="1" index="2" bw="32" slack="1"/>
</pin_list>
<bind>
<opcode="sub(10) " fcode="sub"/>
<opset="err_2/1 "/>
</bind>
</comp>

<comp id="306" class="1004" name="sext_ln7_fu_306">
<pin_list>
<pin id="307" dir="0" index="0" bw="32" slack="1"/>
<pin id="308" dir="1" index="1" bw="48" slack="0"/>
</pin_list>
<bind>
<opcode="sext(35) " fcode="sext"/>
<opset="sext_ln7/2 "/>
</bind>
</comp>

<comp id="312" class="1004" name="sext_ln7_1_fu_312">
<pin_list>
<pin id="313" dir="0" index="0" bw="32" slack="1"/>
<pin id="314" dir="1" index="1" bw="48" slack="0"/>
</pin_list>
<bind>
<opcode="sext(35) " fcode="sext"/>
<opset="sext_ln7_1/2 "/>
</bind>
</comp>

<comp id="317" class="1004" name="sext_ln7_2_fu_317">
<pin_list>
<pin id="318" dir="0" index="0" bw="32" slack="1"/>
<pin id="319" dir="1" index="1" bw="48" slack="0"/>
</pin_list>
<bind>
<opcode="sext(35) " fcode="sext"/>
<opset="sext_ln7_2/2 "/>
</bind>
</comp>

<comp id="323" class="1004" name="roll_st_last_err_load_load_fu_323">
<pin_list>
<pin id="324" dir="0" index="0" bw="32" slack="0"/>
<pin id="325" dir="1" index="1" bw="32" slack="0"/>
</pin_list>
<bind>
<opcode="load(27) " fcode="load"/>
<opset="roll_st_last_err_load/2 "/>
</bind>
</comp>

<comp id="327" class="1004" name="diff_fu_327">
<pin_list>
<pin id="328" dir="0" index="0" bw="32" slack="1"/>
<pin id="329" dir="0" index="1" bw="32" slack="0"/>
<pin id="330" dir="1" index="2" bw="32" slack="4"/>
</pin_list>
<bind>
<opcode="sub(10) " fcode="sub"/>
<opset="diff/2 "/>
</bind>
</comp>

<comp id="332" class="1004" name="store_ln25_store_fu_332">
<pin_list>
<pin id="333" dir="0" index="0" bw="32" slack="1"/>
<pin id="334" dir="0" index="1" bw="32" slack="0"/>
<pin id="335" dir="1" index="2" bw="0" slack="2147483647"/>
</pin_list>
<bind>
<opcode="store(28) " fcode="store"/>
<opset="store_ln25/2 "/>
</bind>
</comp>

<comp id="337" class="1004" name="sext_ln7_5_fu_337">
<pin_list>
<pin id="338" dir="0" index="0" bw="32" slack="1"/>
<pin id="339" dir="1" index="1" bw="48" slack="0"/>
</pin_list>
<bind>
<opcode="sext(35) " fcode="sext"/>
<opset="sext_ln7_5/2 "/>
</bind>
</comp>

<comp id="342" class="1004" name="pitch_st_last_err_load_load_fu_342">
<pin_list>
<pin id="343" dir="0" index="0" bw="32" slack="0"/>
<pin id="344" dir="1" index="1" bw="32" slack="0"/>
</pin_list>
<bind>
<opcode="load(27) " fcode="load"/>
<opset="pitch_st_last_err_load/2 "/>
</bind>
</comp>

<comp id="346" class="1004" name="diff_1_fu_346">
<pin_list>
<pin id="347" dir="0" index="0" bw="32" slack="1"/>
<pin id="348" dir="0" index="1" bw="32" slack="0"/>
<pin id="349" dir="1" index="2" bw="32" slack="4"/>
</pin_list>
<bind>
<opcode="sub(10) " fcode="sub"/>
<opset="diff_1/2 "/>
</bind>
</comp>

<comp id="351" class="1004" name="store_ln25_store_fu_351">
<pin_list>
<pin id="352" dir="0" index="0" bw="32" slack="1"/>
<pin id="353" dir="0" index="1" bw="32" slack="0"/>
<pin id="354" dir="1" index="2" bw="0" slack="2147483647"/>
</pin_list>
<bind>
<opcode="store(28) " fcode="store"/>
<opset="store_ln25/2 "/>
</bind>
</comp>

<comp id="356" class="1004" name="sext_ln7_7_fu_356">
<pin_list>
<pin id="357" dir="0" index="0" bw="32" slack="1"/>
<pin id="358" dir="1" index="1" bw="48" slack="0"/>
</pin_list>
<bind>
<opcode="sext(35) " fcode="sext"/>
<opset="sext_ln7_7/2 "/>
</bind>
</comp>

<comp id="361" class="1004" name="a_assign_1_fu_361">
<pin_list>
<pin id="362" dir="0" index="0" bw="32" slack="0"/>
<pin id="363" dir="0" index="1" bw="48" slack="0"/>
<pin id="364" dir="0" index="2" bw="6" slack="0"/>
<pin id="365" dir="0" index="3" bw="7" slack="0"/>
<pin id="366" dir="1" index="4" bw="32" slack="1"/>
</pin_list>
<bind>
<opcode="partselect(1002) " fcode="partselect"/>
<opset="a_assign_1/3 "/>
</bind>
</comp>

<comp id="371" class="1004" name="P_2_fu_371">
<pin_list>
<pin id="372" dir="0" index="0" bw="32" slack="0"/>
<pin id="373" dir="0" index="1" bw="48" slack="0"/>
<pin id="374" dir="0" index="2" bw="6" slack="0"/>
<pin id="375" dir="0" index="3" bw="7" slack="0"/>
<pin id="376" dir="1" index="4" bw="32" slack="57"/>
</pin_list>
<bind>
<opcode="partselect(1002) " fcode="partselect"/>
<opset="P_2/3 "/>
</bind>
</comp>

<comp id="381" class="1004" name="a_assign_2_fu_381">
<pin_list>
<pin id="382" dir="0" index="0" bw="32" slack="0"/>
<pin id="383" dir="0" index="1" bw="48" slack="0"/>
<pin id="384" dir="0" index="2" bw="6" slack="0"/>
<pin id="385" dir="0" index="3" bw="7" slack="0"/>
<pin id="386" dir="1" index="4" bw="32" slack="1"/>
</pin_list>
<bind>
<opcode="partselect(1002) " fcode="partselect"/>
<opset="a_assign_2/3 "/>
</bind>
</comp>

<comp id="391" class="1004" name="sext_ln7_3_fu_391">
<pin_list>
<pin id="392" dir="0" index="0" bw="32" slack="1"/>
<pin id="393" dir="1" index="1" bw="48" slack="0"/>
</pin_list>
<bind>
<opcode="sext(35) " fcode="sext"/>
<opset="sext_ln7_3/4 "/>
</bind>
</comp>

<comp id="396" class="1004" name="sext_ln7_4_fu_396">
<pin_list>
<pin id="397" dir="0" index="0" bw="32" slack="3"/>
<pin id="398" dir="1" index="1" bw="48" slack="0"/>
</pin_list>
<bind>
<opcode="sext(35) " fcode="sext"/>
<opset="sext_ln7_4/4 "/>
</bind>
</comp>

<comp id="402" class="1004" name="icmp_ln23_fu_402">
<pin_list>
<pin id="403" dir="0" index="0" bw="32" slack="3"/>
<pin id="404" dir="0" index="1" bw="32" slack="0"/>
<pin id="405" dir="1" index="2" bw="1" slack="2"/>
</pin_list>
<bind>
<opcode="icmp(45) " fcode="icmp"/>
<opset="icmp_ln23/4 "/>
</bind>
</comp>

<comp id="407" class="1004" name="sext_ln7_6_fu_407">
<pin_list>
<pin id="408" dir="0" index="0" bw="32" slack="1"/>
<pin id="409" dir="1" index="1" bw="48" slack="0"/>
</pin_list>
<bind>
<opcode="sext(35) " fcode="sext"/>
<opset="sext_ln7_6/4 "/>
</bind>
</comp>

<comp id="411" class="1004" name="sext_ln7_8_fu_411">
<pin_list>
<pin id="412" dir="0" index="0" bw="32" slack="1"/>
<pin id="413" dir="1" index="1" bw="48" slack="0"/>
</pin_list>
<bind>
<opcode="sext(35) " fcode="sext"/>
<opset="sext_ln7_8/4 "/>
</bind>
</comp>

<comp id="415" class="1004" name="yaw_st_last_err_load_load_fu_415">
<pin_list>
<pin id="416" dir="0" index="0" bw="32" slack="0"/>
<pin id="417" dir="1" index="1" bw="32" slack="0"/>
</pin_list>
<bind>
<opcode="load(27) " fcode="load"/>
<opset="yaw_st_last_err_load/5 "/>
</bind>
</comp>

<comp id="419" class="1004" name="diff_2_fu_419">
<pin_list>
<pin id="420" dir="0" index="0" bw="32" slack="4"/>
<pin id="421" dir="0" index="1" bw="32" slack="0"/>
<pin id="422" dir="1" index="2" bw="32" slack="1"/>
</pin_list>
<bind>
<opcode="sub(10) " fcode="sub"/>
<opset="diff_2/5 "/>
</bind>
</comp>

<comp id="424" class="1004" name="roll_st_integ_load_load_fu_424">
<pin_list>
<pin id="425" dir="0" index="0" bw="32" slack="0"/>
<pin id="426" dir="1" index="1" bw="32" slack="0"/>
</pin_list>
<bind>
<opcode="load(27) " fcode="load"/>
<opset="roll_st_integ_load/6 "/>
</bind>
</comp>

<comp id="428" class="1004" name="add_ln20_fu_428">
<pin_list>
<pin id="429" dir="0" index="0" bw="32" slack="0"/>
<pin id="430" dir="0" index="1" bw="32" slack="1"/>
<pin id="431" dir="1" index="2" bw="32" slack="0"/>
</pin_list>
<bind>
<opcode="add(8) " fcode="add"/>
<opset="add_ln20/6 "/>
</bind>
</comp>

<comp id="434" class="1004" name="store_ln20_store_fu_434">
<pin_list>
<pin id="435" dir="0" index="0" bw="32" slack="0"/>
<pin id="436" dir="0" index="1" bw="32" slack="0"/>
<pin id="437" dir="1" index="2" bw="0" slack="2147483647"/>
</pin_list>
<bind>
<opcode="store(28) " fcode="store"/>
<opset="store_ln20/6 "/>
</bind>
</comp>

<comp id="440" class="1004" name="pitch_st_integ_load_load_fu_440">
<pin_list>
<pin id="441" dir="0" index="0" bw="32" slack="0"/>
<pin id="442" dir="1" index="1" bw="32" slack="0"/>
</pin_list>
<bind>
<opcode="load(27) " fcode="load"/>
<opset="pitch_st_integ_load/6 "/>
</bind>
</comp>

<comp id="444" class="1004" name="add_ln20_1_fu_444">
<pin_list>
<pin id="445" dir="0" index="0" bw="32" slack="0"/>
<pin id="446" dir="0" index="1" bw="32" slack="1"/>
<pin id="447" dir="1" index="2" bw="32" slack="0"/>
</pin_list>
<bind>
<opcode="add(8) " fcode="add"/>
<opset="add_ln20_1/6 "/>
</bind>
</comp>

<comp id="450" class="1004" name="store_ln20_store_fu_450">
<pin_list>
<pin id="451" dir="0" index="0" bw="32" slack="0"/>
<pin id="452" dir="0" index="1" bw="32" slack="0"/>
<pin id="453" dir="1" index="2" bw="0" slack="2147483647"/>
</pin_list>
<bind>
<opcode="store(28) " fcode="store"/>
<opset="store_ln20/6 "/>
</bind>
</comp>

<comp id="456" class="1004" name="yaw_st_integ_load_load_fu_456">
<pin_list>
<pin id="457" dir="0" index="0" bw="32" slack="0"/>
<pin id="458" dir="1" index="1" bw="32" slack="0"/>
</pin_list>
<bind>
<opcode="load(27) " fcode="load"/>
<opset="yaw_st_integ_load/6 "/>
</bind>
</comp>

<comp id="460" class="1004" name="add_ln20_2_fu_460">
<pin_list>
<pin id="461" dir="0" index="0" bw="32" slack="0"/>
<pin id="462" dir="0" index="1" bw="32" slack="1"/>
<pin id="463" dir="1" index="2" bw="32" slack="0"/>
</pin_list>
<bind>
<opcode="add(8) " fcode="add"/>
<opset="add_ln20_2/6 "/>
</bind>
</comp>

<comp id="466" class="1004" name="store_ln20_store_fu_466">
<pin_list>
<pin id="467" dir="0" index="0" bw="32" slack="0"/>
<pin id="468" dir="0" index="1" bw="32" slack="0"/>
<pin id="469" dir="1" index="2" bw="0" slack="2147483647"/>
</pin_list>
<bind>
<opcode="store(28) " fcode="store"/>
<opset="store_ln20/6 "/>
</bind>
</comp>

<comp id="472" class="1004" name="sext_ln7_9_fu_472">
<pin_list>
<pin id="473" dir="0" index="0" bw="32" slack="5"/>
<pin id="474" dir="1" index="1" bw="48" slack="0"/>
</pin_list>
<bind>
<opcode="sext(35) " fcode="sext"/>
<opset="sext_ln7_9/6 "/>
</bind>
</comp>

<comp id="478" class="1004" name="sext_ln7_10_fu_478">
<pin_list>
<pin id="479" dir="0" index="0" bw="32" slack="4"/>
<pin id="480" dir="1" index="1" bw="48" slack="0"/>
</pin_list>
<bind>
<opcode="sext(35) " fcode="sext"/>
<opset="sext_ln7_10/6 "/>
</bind>
</comp>

<comp id="482" class="1004" name="sext_ln7_11_fu_482">
<pin_list>
<pin id="483" dir="0" index="0" bw="32" slack="4"/>
<pin id="484" dir="1" index="1" bw="48" slack="0"/>
</pin_list>
<bind>
<opcode="sext(35) " fcode="sext"/>
<opset="sext_ln7_11/6 "/>
</bind>
</comp>

<comp id="486" class="1004" name="sext_ln7_12_fu_486">
<pin_list>
<pin id="487" dir="0" index="0" bw="32" slack="1"/>
<pin id="488" dir="1" index="1" bw="48" slack="0"/>
</pin_list>
<bind>
<opcode="sext(35) " fcode="sext"/>
<opset="sext_ln7_12/6 "/>
</bind>
</comp>

<comp id="490" class="1004" name="shl_ln_fu_490">
<pin_list>
<pin id="491" dir="0" index="0" bw="48" slack="0"/>
<pin id="492" dir="0" index="1" bw="32" slack="1"/>
<pin id="493" dir="0" index="2" bw="1" slack="0"/>
<pin id="494" dir="1" index="3" bw="48" slack="0"/>
</pin_list>
<bind>
<opcode="bitconcatenate(1004) " fcode="bitconcatenate"/>
<opset="shl_ln/8 "/>
</bind>
</comp>

<comp id="498" class="1004" name="grp_fu_498">
<pin_list>
<pin id="499" dir="0" index="0" bw="48" slack="0"/>
<pin id="500" dir="0" index="1" bw="32" slack="4"/>
<pin id="501" dir="1" index="2" bw="32" slack="0"/>
</pin_list>
<bind>
<opcode="sdiv(15) " fcode="sdiv"/>
<opset="sdiv_ln23/8 "/>
</bind>
</comp>

<comp id="503" class="1004" name="shl_ln23_1_fu_503">
<pin_list>
<pin id="504" dir="0" index="0" bw="48" slack="0"/>
<pin id="505" dir="0" index="1" bw="32" slack="1"/>
<pin id="506" dir="0" index="2" bw="1" slack="0"/>
<pin id="507" dir="1" index="3" bw="48" slack="0"/>
</pin_list>
<bind>
<opcode="bitconcatenate(1004) " fcode="bitconcatenate"/>
<opset="shl_ln23_1/8 "/>
</bind>
</comp>

<comp id="511" class="1004" name="grp_fu_511">
<pin_list>
<pin id="512" dir="0" index="0" bw="48" slack="0"/>
<pin id="513" dir="0" index="1" bw="32" slack="4"/>
<pin id="514" dir="1" index="2" bw="32" slack="0"/>
</pin_list>
<bind>
<opcode="sdiv(15) " fcode="sdiv"/>
<opset="sdiv_ln23_1/8 "/>
</bind>
</comp>

<comp id="516" class="1004" name="shl_ln23_2_fu_516">
<pin_list>
<pin id="517" dir="0" index="0" bw="48" slack="0"/>
<pin id="518" dir="0" index="1" bw="32" slack="1"/>
<pin id="519" dir="0" index="2" bw="1" slack="0"/>
<pin id="520" dir="1" index="3" bw="48" slack="0"/>
</pin_list>
<bind>
<opcode="bitconcatenate(1004) " fcode="bitconcatenate"/>
<opset="shl_ln23_2/8 "/>
</bind>
</comp>

<comp id="524" class="1004" name="grp_fu_524">
<pin_list>
<pin id="525" dir="0" index="0" bw="48" slack="0"/>
<pin id="526" dir="0" index="1" bw="32" slack="4"/>
<pin id="527" dir="1" index="2" bw="32" slack="0"/>
</pin_list>
<bind>
<opcode="sdiv(15) " fcode="sdiv"/>
<opset="sdiv_ln23_2/8 "/>
</bind>
</comp>

<comp id="529" class="1004" name="trunc_ln23_fu_529">
<pin_list>
<pin id="530" dir="0" index="0" bw="32" slack="0"/>
<pin id="531" dir="1" index="1" bw="32" slack="1"/>
</pin_list>
<bind>
<opcode="trunc(33) " fcode="trunc"/>
<opset="trunc_ln23/59 "/>
</bind>
</comp>

<comp id="533" class="1004" name="trunc_ln23_1_fu_533">
<pin_list>
<pin id="534" dir="0" index="0" bw="32" slack="0"/>
<pin id="535" dir="1" index="1" bw="32" slack="1"/>
</pin_list>
<bind>
<opcode="trunc(33) " fcode="trunc"/>
<opset="trunc_ln23_1/59 "/>
</bind>
</comp>

<comp id="537" class="1004" name="trunc_ln23_2_fu_537">
<pin_list>
<pin id="538" dir="0" index="0" bw="32" slack="0"/>
<pin id="539" dir="1" index="1" bw="32" slack="1"/>
</pin_list>
<bind>
<opcode="trunc(33) " fcode="trunc"/>
<opset="trunc_ln23_2/59 "/>
</bind>
</comp>

<comp id="541" class="1004" name="store_ln25_store_fu_541">
<pin_list>
<pin id="542" dir="0" index="0" bw="32" slack="58"/>
<pin id="543" dir="0" index="1" bw="32" slack="0"/>
<pin id="544" dir="1" index="2" bw="0" slack="2147483647"/>
</pin_list>
<bind>
<opcode="store(28) " fcode="store"/>
<opset="store_ln25/59 "/>
</bind>
</comp>

<comp id="546" class="1004" name="add_ln26_fu_546">
<pin_list>
<pin id="547" dir="0" index="0" bw="32" slack="57"/>
<pin id="548" dir="0" index="1" bw="32" slack="0"/>
<pin id="549" dir="1" index="2" bw="32" slack="0"/>
</pin_list>
<bind>
<opcode="add(8) " fcode="add"/>
<opset="add_ln26/60 "/>
</bind>
</comp>

<comp id="551" class="1004" name="out_9_fu_551">
<pin_list>
<pin id="552" dir="0" index="0" bw="32" slack="0"/>
<pin id="553" dir="0" index="1" bw="32" slack="54"/>
<pin id="554" dir="1" index="2" bw="32" slack="0"/>
</pin_list>
<bind>
<opcode="add(8) " fcode="add"/>
<opset="out_9/60 "/>
</bind>
</comp>

<comp id="556" class="1004" name="icmp_ln28_fu_556">
<pin_list>
<pin id="557" dir="0" index="0" bw="32" slack="0"/>
<pin id="558" dir="0" index="1" bw="32" slack="0"/>
<pin id="559" dir="1" index="2" bw="1" slack="1"/>
</pin_list>
<bind>
<opcode="icmp(45) " fcode="icmp"/>
<opset="icmp_ln28/60 "/>
</bind>
</comp>

<comp id="562" class="1004" name="add_ln26_2_fu_562">
<pin_list>
<pin id="563" dir="0" index="0" bw="32" slack="57"/>
<pin id="564" dir="0" index="1" bw="32" slack="0"/>
<pin id="565" dir="1" index="2" bw="32" slack="0"/>
</pin_list>
<bind>
<opcode="add(8) " fcode="add"/>
<opset="add_ln26_2/60 "/>
</bind>
</comp>

<comp id="567" class="1004" name="out_12_fu_567">
<pin_list>
<pin id="568" dir="0" index="0" bw="32" slack="0"/>
<pin id="569" dir="0" index="1" bw="32" slack="54"/>
<pin id="570" dir="1" index="2" bw="32" slack="0"/>
</pin_list>
<bind>
<opcode="add(8) " fcode="add"/>
<opset="out_12/60 "/>
</bind>
</comp>

<comp id="572" class="1004" name="icmp_ln28_1_fu_572">
<pin_list>
<pin id="573" dir="0" index="0" bw="32" slack="0"/>
<pin id="574" dir="0" index="1" bw="32" slack="0"/>
<pin id="575" dir="1" index="2" bw="1" slack="1"/>
</pin_list>
<bind>
<opcode="icmp(45) " fcode="icmp"/>
<opset="icmp_ln28_1/60 "/>
</bind>
</comp>

<comp id="578" class="1004" name="add_ln26_4_fu_578">
<pin_list>
<pin id="579" dir="0" index="0" bw="32" slack="57"/>
<pin id="580" dir="0" index="1" bw="32" slack="0"/>
<pin id="581" dir="1" index="2" bw="32" slack="0"/>
</pin_list>
<bind>
<opcode="add(8) " fcode="add"/>
<opset="add_ln26_4/60 "/>
</bind>
</comp>

<comp id="583" class="1004" name="out_fu_583">
<pin_list>
<pin id="584" dir="0" index="0" bw="32" slack="0"/>
<pin id="585" dir="0" index="1" bw="32" slack="54"/>
<pin id="586" dir="1" index="2" bw="32" slack="0"/>
</pin_list>
<bind>
<opcode="add(8) " fcode="add"/>
<opset="out/60 "/>
</bind>
</comp>

<comp id="588" class="1004" name="icmp_ln28_2_fu_588">
<pin_list>
<pin id="589" dir="0" index="0" bw="32" slack="0"/>
<pin id="590" dir="0" index="1" bw="32" slack="0"/>
<pin id="591" dir="1" index="2" bw="1" slack="1"/>
</pin_list>
<bind>
<opcode="icmp(45) " fcode="icmp"/>
<opset="icmp_ln28_2/60 "/>
</bind>
</comp>

<comp id="594" class="1004" name="out_10_fu_594">
<pin_list>
<pin id="595" dir="0" index="0" bw="1" slack="1"/>
<pin id="596" dir="0" index="1" bw="32" slack="0"/>
<pin id="597" dir="0" index="2" bw="32" slack="1"/>
<pin id="598" dir="1" index="3" bw="32" slack="0"/>
</pin_list>
<bind>
<opcode="select(49) " fcode="select"/>
<opset="out_10/61 "/>
</bind>
</comp>

<comp id="600" class="1004" name="trunc_ln29_fu_600">
<pin_list>
<pin id="601" dir="0" index="0" bw="32" slack="0"/>
<pin id="602" dir="1" index="1" bw="18" slack="0"/>
</pin_list>
<bind>
<opcode="trunc(33) " fcode="trunc"/>
<opset="trunc_ln29/61 "/>
</bind>
</comp>

<comp id="604" class="1004" name="icmp_ln29_fu_604">
<pin_list>
<pin id="605" dir="0" index="0" bw="32" slack="0"/>
<pin id="606" dir="0" index="1" bw="32" slack="0"/>
<pin id="607" dir="1" index="2" bw="1" slack="0"/>
</pin_list>
<bind>
<opcode="icmp(45) " fcode="icmp"/>
<opset="icmp_ln29/61 "/>
</bind>
</comp>

<comp id="610" class="1004" name="out_11_fu_610">
<pin_list>
<pin id="611" dir="0" index="0" bw="1" slack="0"/>
<pin id="612" dir="0" index="1" bw="18" slack="0"/>
<pin id="613" dir="0" index="2" bw="18" slack="0"/>
<pin id="614" dir="1" index="3" bw="18" slack="0"/>
</pin_list>
<bind>
<opcode="select(49) " fcode="select"/>
<opset="out_11/61 "/>
</bind>
</comp>

<comp id="618" class="1004" name="sext_ln63_fu_618">
<pin_list>
<pin id="619" dir="0" index="0" bw="18" slack="0"/>
<pin id="620" dir="1" index="1" bw="32" slack="0"/>
</pin_list>
<bind>
<opcode="sext(35) " fcode="sext"/>
<opset="sext_ln63/61 "/>
</bind>
</comp>

<comp id="623" class="1004" name="out_13_fu_623">
<pin_list>
<pin id="624" dir="0" index="0" bw="1" slack="1"/>
<pin id="625" dir="0" index="1" bw="32" slack="0"/>
<pin id="626" dir="0" index="2" bw="32" slack="1"/>
<pin id="627" dir="1" index="3" bw="32" slack="0"/>
</pin_list>
<bind>
<opcode="select(49) " fcode="select"/>
<opset="out_13/61 "/>
</bind>
</comp>

<comp id="629" class="1004" name="trunc_ln29_1_fu_629">
<pin_list>
<pin id="630" dir="0" index="0" bw="32" slack="0"/>
<pin id="631" dir="1" index="1" bw="18" slack="0"/>
</pin_list>
<bind>
<opcode="trunc(33) " fcode="trunc"/>
<opset="trunc_ln29_1/61 "/>
</bind>
</comp>

<comp id="633" class="1004" name="icmp_ln29_1_fu_633">
<pin_list>
<pin id="634" dir="0" index="0" bw="32" slack="0"/>
<pin id="635" dir="0" index="1" bw="32" slack="0"/>
<pin id="636" dir="1" index="2" bw="1" slack="0"/>
</pin_list>
<bind>
<opcode="icmp(45) " fcode="icmp"/>
<opset="icmp_ln29_1/61 "/>
</bind>
</comp>

<comp id="639" class="1004" name="out_14_fu_639">
<pin_list>
<pin id="640" dir="0" index="0" bw="1" slack="0"/>
<pin id="641" dir="0" index="1" bw="18" slack="0"/>
<pin id="642" dir="0" index="2" bw="18" slack="0"/>
<pin id="643" dir="1" index="3" bw="18" slack="0"/>
</pin_list>
<bind>
<opcode="select(49) " fcode="select"/>
<opset="out_14/61 "/>
</bind>
</comp>

<comp id="647" class="1004" name="sext_ln64_fu_647">
<pin_list>
<pin id="648" dir="0" index="0" bw="18" slack="0"/>
<pin id="649" dir="1" index="1" bw="32" slack="0"/>
</pin_list>
<bind>
<opcode="sext(35) " fcode="sext"/>
<opset="sext_ln64/61 "/>
</bind>
</comp>

<comp id="652" class="1004" name="out_7_fu_652">
<pin_list>
<pin id="653" dir="0" index="0" bw="1" slack="1"/>
<pin id="654" dir="0" index="1" bw="32" slack="0"/>
<pin id="655" dir="0" index="2" bw="32" slack="1"/>
<pin id="656" dir="1" index="3" bw="32" slack="0"/>
</pin_list>
<bind>
<opcode="select(49) " fcode="select"/>
<opset="out_7/61 "/>
</bind>
</comp>

<comp id="658" class="1004" name="trunc_ln26_fu_658">
<pin_list>
<pin id="659" dir="0" index="0" bw="32" slack="0"/>
<pin id="660" dir="1" index="1" bw="18" slack="0"/>
</pin_list>
<bind>
<opcode="trunc(33) " fcode="trunc"/>
<opset="trunc_ln26/61 "/>
</bind>
</comp>

<comp id="662" class="1004" name="icmp_ln29_2_fu_662">
<pin_list>
<pin id="663" dir="0" index="0" bw="32" slack="0"/>
<pin id="664" dir="0" index="1" bw="32" slack="0"/>
<pin id="665" dir="1" index="2" bw="1" slack="0"/>
</pin_list>
<bind>
<opcode="icmp(45) " fcode="icmp"/>
<opset="icmp_ln29_2/61 "/>
</bind>
</comp>

<comp id="668" class="1004" name="out_8_fu_668">
<pin_list>
<pin id="669" dir="0" index="0" bw="1" slack="0"/>
<pin id="670" dir="0" index="1" bw="18" slack="0"/>
<pin id="671" dir="0" index="2" bw="18" slack="0"/>
<pin id="672" dir="1" index="3" bw="18" slack="0"/>
</pin_list>
<bind>
<opcode="select(49) " fcode="select"/>
<opset="out_8/61 "/>
</bind>
</comp>

<comp id="676" class="1004" name="sext_ln26_fu_676">
<pin_list>
<pin id="677" dir="0" index="0" bw="18" slack="0"/>
<pin id="678" dir="1" index="1" bw="32" slack="0"/>
</pin_list>
<bind>
<opcode="sext(35) " fcode="sext"/>
<opset="sext_ln26/61 "/>
</bind>
</comp>

<comp id="681" class="1005" name="dt_read_reg_681">
<pin_list>
<pin id="682" dir="0" index="0" bw="32" slack="3"/>
<pin id="683" dir="1" index="1" bw="32" slack="3"/>
</pin_list>
<bind>
<opset="dt_read "/>
</bind>
</comp>

<comp id="687" class="1005" name="kd_read_reg_687">
<pin_list>
<pin id="688" dir="0" index="0" bw="32" slack="5"/>
<pin id="689" dir="1" index="1" bw="32" slack="5"/>
</pin_list>
<bind>
<opset="kd_read "/>
</bind>
</comp>

<comp id="692" class="1005" name="ki_read_reg_692">
<pin_list>
<pin id="693" dir="0" index="0" bw="32" slack="1"/>
<pin id="694" dir="1" index="1" bw="32" slack="1"/>
</pin_list>
<bind>
<opset="ki_read "/>
</bind>
</comp>

<comp id="697" class="1005" name="kp_read_reg_697">
<pin_list>
<pin id="698" dir="0" index="0" bw="32" slack="1"/>
<pin id="699" dir="1" index="1" bw="32" slack="1"/>
</pin_list>
<bind>
<opset="kp_read "/>
</bind>
</comp>

<comp id="702" class="1005" name="err_reg_702">
<pin_list>
<pin id="703" dir="0" index="0" bw="32" slack="1"/>
<pin id="704" dir="1" index="1" bw="32" slack="1"/>
</pin_list>
<bind>
<opset="err "/>
</bind>
</comp>

<comp id="709" class="1005" name="err_1_reg_709">
<pin_list>
<pin id="710" dir="0" index="0" bw="32" slack="1"/>
<pin id="711" dir="1" index="1" bw="32" slack="1"/>
</pin_list>
<bind>
<opset="err_1 "/>
</bind>
</comp>

<comp id="716" class="1005" name="err_2_reg_716">
<pin_list>
<pin id="717" dir="0" index="0" bw="32" slack="1"/>
<pin id="718" dir="1" index="1" bw="32" slack="1"/>
</pin_list>
<bind>
<opset="err_2 "/>
</bind>
</comp>

<comp id="723" class="1005" name="sext_ln7_reg_723">
<pin_list>
<pin id="724" dir="0" index="0" bw="48" slack="1"/>
<pin id="725" dir="1" index="1" bw="48" slack="1"/>
</pin_list>
<bind>
<opset="sext_ln7 "/>
</bind>
</comp>

<comp id="730" class="1005" name="sext_ln7_1_reg_730">
<pin_list>
<pin id="731" dir="0" index="0" bw="48" slack="1"/>
<pin id="732" dir="1" index="1" bw="48" slack="1"/>
</pin_list>
<bind>
<opset="sext_ln7_1 "/>
</bind>
</comp>

<comp id="736" class="1005" name="sext_ln7_2_reg_736">
<pin_list>
<pin id="737" dir="0" index="0" bw="48" slack="1"/>
<pin id="738" dir="1" index="1" bw="48" slack="1"/>
</pin_list>
<bind>
<opset="sext_ln7_2 "/>
</bind>
</comp>

<comp id="743" class="1005" name="diff_reg_743">
<pin_list>
<pin id="744" dir="0" index="0" bw="32" slack="4"/>
<pin id="745" dir="1" index="1" bw="32" slack="4"/>
</pin_list>
<bind>
<opset="diff "/>
</bind>
</comp>

<comp id="748" class="1005" name="sext_ln7_5_reg_748">
<pin_list>
<pin id="749" dir="0" index="0" bw="48" slack="1"/>
<pin id="750" dir="1" index="1" bw="48" slack="1"/>
</pin_list>
<bind>
<opset="sext_ln7_5 "/>
</bind>
</comp>

<comp id="754" class="1005" name="diff_1_reg_754">
<pin_list>
<pin id="755" dir="0" index="0" bw="32" slack="4"/>
<pin id="756" dir="1" index="1" bw="32" slack="4"/>
</pin_list>
<bind>
<opset="diff_1 "/>
</bind>
</comp>

<comp id="759" class="1005" name="sext_ln7_7_reg_759">
<pin_list>
<pin id="760" dir="0" index="0" bw="48" slack="1"/>
<pin id="761" dir="1" index="1" bw="48" slack="1"/>
</pin_list>
<bind>
<opset="sext_ln7_7 "/>
</bind>
</comp>

<comp id="765" class="1005" name="P_reg_765">
<pin_list>
<pin id="766" dir="0" index="0" bw="32" slack="57"/>
<pin id="767" dir="1" index="1" bw="32" slack="57"/>
</pin_list>
<bind>
<opset="P "/>
</bind>
</comp>

<comp id="770" class="1005" name="P_1_reg_770">
<pin_list>
<pin id="771" dir="0" index="0" bw="32" slack="57"/>
<pin id="772" dir="1" index="1" bw="32" slack="57"/>
</pin_list>
<bind>
<opset="P_1 "/>
</bind>
</comp>

<comp id="775" class="1005" name="a_assign_1_reg_775">
<pin_list>
<pin id="776" dir="0" index="0" bw="32" slack="1"/>
<pin id="777" dir="1" index="1" bw="32" slack="1"/>
</pin_list>
<bind>
<opset="a_assign_1 "/>
</bind>
</comp>

<comp id="780" class="1005" name="P_2_reg_780">
<pin_list>
<pin id="781" dir="0" index="0" bw="32" slack="57"/>
<pin id="782" dir="1" index="1" bw="32" slack="57"/>
</pin_list>
<bind>
<opset="P_2 "/>
</bind>
</comp>

<comp id="785" class="1005" name="a_assign_2_reg_785">
<pin_list>
<pin id="786" dir="0" index="0" bw="32" slack="1"/>
<pin id="787" dir="1" index="1" bw="32" slack="1"/>
</pin_list>
<bind>
<opset="a_assign_2 "/>
</bind>
</comp>

<comp id="790" class="1005" name="sext_ln7_3_reg_790">
<pin_list>
<pin id="791" dir="0" index="0" bw="48" slack="1"/>
<pin id="792" dir="1" index="1" bw="48" slack="1"/>
</pin_list>
<bind>
<opset="sext_ln7_3 "/>
</bind>
</comp>

<comp id="795" class="1005" name="sext_ln7_4_reg_795">
<pin_list>
<pin id="796" dir="0" index="0" bw="48" slack="1"/>
<pin id="797" dir="1" index="1" bw="48" slack="1"/>
</pin_list>
<bind>
<opset="sext_ln7_4 "/>
</bind>
</comp>

<comp id="805" class="1005" name="icmp_ln23_reg_805">
<pin_list>
<pin id="806" dir="0" index="0" bw="1" slack="2"/>
<pin id="807" dir="1" index="1" bw="1" slack="2147483647"/>
</pin_list>
<bind>
<opset="icmp_ln23 "/>
</bind>
</comp>

<comp id="809" class="1005" name="sext_ln7_6_reg_809">
<pin_list>
<pin id="810" dir="0" index="0" bw="48" slack="1"/>
<pin id="811" dir="1" index="1" bw="48" slack="1"/>
</pin_list>
<bind>
<opset="sext_ln7_6 "/>
</bind>
</comp>

<comp id="814" class="1005" name="sext_ln7_8_reg_814">
<pin_list>
<pin id="815" dir="0" index="0" bw="48" slack="1"/>
<pin id="816" dir="1" index="1" bw="48" slack="1"/>
</pin_list>
<bind>
<opset="sext_ln7_8 "/>
</bind>
</comp>

<comp id="819" class="1005" name="diff_2_reg_819">
<pin_list>
<pin id="820" dir="0" index="0" bw="32" slack="1"/>
<pin id="821" dir="1" index="1" bw="32" slack="1"/>
</pin_list>
<bind>
<opset="diff_2 "/>
</bind>
</comp>

<comp id="824" class="1005" name="add_ln20_reg_824">
<pin_list>
<pin id="825" dir="0" index="0" bw="32" slack="54"/>
<pin id="826" dir="1" index="1" bw="32" slack="54"/>
</pin_list>
<bind>
<opset="add_ln20 "/>
</bind>
</comp>

<comp id="829" class="1005" name="add_ln20_1_reg_829">
<pin_list>
<pin id="830" dir="0" index="0" bw="32" slack="54"/>
<pin id="831" dir="1" index="1" bw="32" slack="54"/>
</pin_list>
<bind>
<opset="add_ln20_1 "/>
</bind>
</comp>

<comp id="834" class="1005" name="add_ln20_2_reg_834">
<pin_list>
<pin id="835" dir="0" index="0" bw="32" slack="54"/>
<pin id="836" dir="1" index="1" bw="32" slack="54"/>
</pin_list>
<bind>
<opset="add_ln20_2 "/>
</bind>
</comp>

<comp id="839" class="1005" name="sext_ln7_9_reg_839">
<pin_list>
<pin id="840" dir="0" index="0" bw="48" slack="1"/>
<pin id="841" dir="1" index="1" bw="48" slack="1"/>
</pin_list>
<bind>
<opset="sext_ln7_9 "/>
</bind>
</comp>

<comp id="846" class="1005" name="sext_ln7_10_reg_846">
<pin_list>
<pin id="847" dir="0" index="0" bw="48" slack="1"/>
<pin id="848" dir="1" index="1" bw="48" slack="1"/>
</pin_list>
<bind>
<opset="sext_ln7_10 "/>
</bind>
</comp>

<comp id="851" class="1005" name="sext_ln7_11_reg_851">
<pin_list>
<pin id="852" dir="0" index="0" bw="48" slack="1"/>
<pin id="853" dir="1" index="1" bw="48" slack="1"/>
</pin_list>
<bind>
<opset="sext_ln7_11 "/>
</bind>
</comp>

<comp id="856" class="1005" name="sext_ln7_12_reg_856">
<pin_list>
<pin id="857" dir="0" index="0" bw="48" slack="1"/>
<pin id="858" dir="1" index="1" bw="48" slack="1"/>
</pin_list>
<bind>
<opset="sext_ln7_12 "/>
</bind>
</comp>

<comp id="861" class="1005" name="shl_ln_reg_861">
<pin_list>
<pin id="862" dir="0" index="0" bw="48" slack="1"/>
<pin id="863" dir="1" index="1" bw="48" slack="1"/>
</pin_list>
<bind>
<opset="shl_ln "/>
</bind>
</comp>

<comp id="866" class="1005" name="shl_ln23_1_reg_866">
<pin_list>
<pin id="867" dir="0" index="0" bw="48" slack="1"/>
<pin id="868" dir="1" index="1" bw="48" slack="1"/>
</pin_list>
<bind>
<opset="shl_ln23_1 "/>
</bind>
</comp>

<comp id="871" class="1005" name="shl_ln23_2_reg_871">
<pin_list>
<pin id="872" dir="0" index="0" bw="48" slack="1"/>
<pin id="873" dir="1" index="1" bw="48" slack="1"/>
</pin_list>
<bind>
<opset="shl_ln23_2 "/>
</bind>
</comp>

<comp id="876" class="1005" name="trunc_ln23_reg_876">
<pin_list>
<pin id="877" dir="0" index="0" bw="32" slack="1"/>
<pin id="878" dir="1" index="1" bw="32" slack="1"/>
</pin_list>
<bind>
<opset="trunc_ln23 "/>
</bind>
</comp>

<comp id="881" class="1005" name="trunc_ln23_1_reg_881">
<pin_list>
<pin id="882" dir="0" index="0" bw="32" slack="1"/>
<pin id="883" dir="1" index="1" bw="32" slack="1"/>
</pin_list>
<bind>
<opset="trunc_ln23_1 "/>
</bind>
</comp>

<comp id="886" class="1005" name="trunc_ln23_2_reg_886">
<pin_list>
<pin id="887" dir="0" index="0" bw="32" slack="1"/>
<pin id="888" dir="1" index="1" bw="32" slack="1"/>
</pin_list>
<bind>
<opset="trunc_ln23_2 "/>
</bind>
</comp>

<comp id="891" class="1005" name="out_9_reg_891">
<pin_list>
<pin id="892" dir="0" index="0" bw="32" slack="1"/>
<pin id="893" dir="1" index="1" bw="32" slack="1"/>
</pin_list>
<bind>
<opset="out_9 "/>
</bind>
</comp>

<comp id="896" class="1005" name="icmp_ln28_reg_896">
<pin_list>
<pin id="897" dir="0" index="0" bw="1" slack="1"/>
<pin id="898" dir="1" index="1" bw="1" slack="1"/>
</pin_list>
<bind>
<opset="icmp_ln28 "/>
</bind>
</comp>

<comp id="901" class="1005" name="out_12_reg_901">
<pin_list>
<pin id="902" dir="0" index="0" bw="32" slack="1"/>
<pin id="903" dir="1" index="1" bw="32" slack="1"/>
</pin_list>
<bind>
<opset="out_12 "/>
</bind>
</comp>

<comp id="906" class="1005" name="icmp_ln28_1_reg_906">
<pin_list>
<pin id="907" dir="0" index="0" bw="1" slack="1"/>
<pin id="908" dir="1" index="1" bw="1" slack="1"/>
</pin_list>
<bind>
<opset="icmp_ln28_1 "/>
</bind>
</comp>

<comp id="911" class="1005" name="out_reg_911">
<pin_list>
<pin id="912" dir="0" index="0" bw="32" slack="1"/>
<pin id="913" dir="1" index="1" bw="32" slack="1"/>
</pin_list>
<bind>
<opset="out "/>
</bind>
</comp>

<comp id="916" class="1005" name="icmp_ln28_2_reg_916">
<pin_list>
<pin id="917" dir="0" index="0" bw="1" slack="1"/>
<pin id="918" dir="1" index="1" bw="1" slack="1"/>
</pin_list>
<bind>
<opset="icmp_ln28_2 "/>
</bind>
</comp>

</comp_list>

<net_list>
<net id="112"><net_src comp="40" pin="0"/><net_sink comp="108" pin=0"/></net>

<net id="113"><net_src comp="18" pin="0"/><net_sink comp="108" pin=1"/></net>

<net id="118"><net_src comp="40" pin="0"/><net_sink comp="114" pin=0"/></net>

<net id="119"><net_src comp="16" pin="0"/><net_sink comp="114" pin=1"/></net>

<net id="124"><net_src comp="40" pin="0"/><net_sink comp="120" pin=0"/></net>

<net id="125"><net_src comp="14" pin="0"/><net_sink comp="120" pin=1"/></net>

<net id="130"><net_src comp="40" pin="0"/><net_sink comp="126" pin=0"/></net>

<net id="131"><net_src comp="12" pin="0"/><net_sink comp="126" pin=1"/></net>

<net id="136"><net_src comp="40" pin="0"/><net_sink comp="132" pin=0"/></net>

<net id="137"><net_src comp="10" pin="0"/><net_sink comp="132" pin=1"/></net>

<net id="142"><net_src comp="40" pin="0"/><net_sink comp="138" pin=0"/></net>

<net id="143"><net_src comp="8" pin="0"/><net_sink comp="138" pin=1"/></net>

<net id="148"><net_src comp="40" pin="0"/><net_sink comp="144" pin=0"/></net>

<net id="149"><net_src comp="6" pin="0"/><net_sink comp="144" pin=1"/></net>

<net id="154"><net_src comp="40" pin="0"/><net_sink comp="150" pin=0"/></net>

<net id="155"><net_src comp="4" pin="0"/><net_sink comp="150" pin=1"/></net>

<net id="160"><net_src comp="40" pin="0"/><net_sink comp="156" pin=0"/></net>

<net id="161"><net_src comp="2" pin="0"/><net_sink comp="156" pin=1"/></net>

<net id="166"><net_src comp="40" pin="0"/><net_sink comp="162" pin=0"/></net>

<net id="167"><net_src comp="0" pin="0"/><net_sink comp="162" pin=1"/></net>

<net id="173"><net_src comp="106" pin="0"/><net_sink comp="168" pin=0"/></net>

<net id="174"><net_src comp="22" pin="0"/><net_sink comp="168" pin=1"/></net>

<net id="180"><net_src comp="106" pin="0"/><net_sink comp="175" pin=0"/></net>

<net id="181"><net_src comp="24" pin="0"/><net_sink comp="175" pin=1"/></net>

<net id="187"><net_src comp="106" pin="0"/><net_sink comp="182" pin=0"/></net>

<net id="188"><net_src comp="26" pin="0"/><net_sink comp="182" pin=1"/></net>

<net id="192"><net_src comp="48" pin="0"/><net_sink comp="189" pin=0"/></net>

<net id="199"><net_src comp="189" pin="1"/><net_sink comp="193" pin=2"/></net>

<net id="203"><net_src comp="48" pin="0"/><net_sink comp="200" pin=0"/></net>

<net id="210"><net_src comp="200" pin="1"/><net_sink comp="204" pin=2"/></net>

<net id="214"><net_src comp="48" pin="0"/><net_sink comp="211" pin=0"/></net>

<net id="221"><net_src comp="211" pin="1"/><net_sink comp="215" pin=2"/></net>

<net id="252"><net_src comp="42" pin="0"/><net_sink comp="246" pin=0"/></net>

<net id="253"><net_src comp="222" pin="2"/><net_sink comp="246" pin=1"/></net>

<net id="254"><net_src comp="44" pin="0"/><net_sink comp="246" pin=2"/></net>

<net id="255"><net_src comp="46" pin="0"/><net_sink comp="246" pin=3"/></net>

<net id="262"><net_src comp="42" pin="0"/><net_sink comp="256" pin=0"/></net>

<net id="263"><net_src comp="226" pin="2"/><net_sink comp="256" pin=1"/></net>

<net id="264"><net_src comp="44" pin="0"/><net_sink comp="256" pin=2"/></net>

<net id="265"><net_src comp="46" pin="0"/><net_sink comp="256" pin=3"/></net>

<net id="272"><net_src comp="42" pin="0"/><net_sink comp="266" pin=0"/></net>

<net id="273"><net_src comp="230" pin="2"/><net_sink comp="266" pin=1"/></net>

<net id="274"><net_src comp="44" pin="0"/><net_sink comp="266" pin=2"/></net>

<net id="275"><net_src comp="46" pin="0"/><net_sink comp="266" pin=3"/></net>

<net id="279"><net_src comp="256" pin="4"/><net_sink comp="276" pin=0"/></net>

<net id="283"><net_src comp="246" pin="4"/><net_sink comp="280" pin=0"/></net>

<net id="287"><net_src comp="266" pin="4"/><net_sink comp="284" pin=0"/></net>

<net id="292"><net_src comp="162" pin="2"/><net_sink comp="288" pin=0"/></net>

<net id="293"><net_src comp="138" pin="2"/><net_sink comp="288" pin=1"/></net>

<net id="298"><net_src comp="156" pin="2"/><net_sink comp="294" pin=0"/></net>

<net id="299"><net_src comp="144" pin="2"/><net_sink comp="294" pin=1"/></net>

<net id="304"><net_src comp="150" pin="2"/><net_sink comp="300" pin=0"/></net>

<net id="305"><net_src comp="132" pin="2"/><net_sink comp="300" pin=1"/></net>

<net id="309"><net_src comp="306" pin="1"/><net_sink comp="222" pin=0"/></net>

<net id="310"><net_src comp="306" pin="1"/><net_sink comp="230" pin=0"/></net>

<net id="311"><net_src comp="306" pin="1"/><net_sink comp="238" pin=0"/></net>

<net id="315"><net_src comp="312" pin="1"/><net_sink comp="222" pin=1"/></net>

<net id="316"><net_src comp="312" pin="1"/><net_sink comp="226" pin=1"/></net>

<net id="320"><net_src comp="317" pin="1"/><net_sink comp="226" pin=0"/></net>

<net id="321"><net_src comp="317" pin="1"/><net_sink comp="234" pin=0"/></net>

<net id="322"><net_src comp="317" pin="1"/><net_sink comp="242" pin=0"/></net>

<net id="326"><net_src comp="30" pin="0"/><net_sink comp="323" pin=0"/></net>

<net id="331"><net_src comp="323" pin="1"/><net_sink comp="327" pin=1"/></net>

<net id="336"><net_src comp="30" pin="0"/><net_sink comp="332" pin=1"/></net>

<net id="340"><net_src comp="337" pin="1"/><net_sink comp="230" pin=1"/></net>

<net id="341"><net_src comp="337" pin="1"/><net_sink comp="234" pin=1"/></net>

<net id="345"><net_src comp="34" pin="0"/><net_sink comp="342" pin=0"/></net>

<net id="350"><net_src comp="342" pin="1"/><net_sink comp="346" pin=1"/></net>

<net id="355"><net_src comp="34" pin="0"/><net_sink comp="351" pin=1"/></net>

<net id="359"><net_src comp="356" pin="1"/><net_sink comp="238" pin=1"/></net>

<net id="360"><net_src comp="356" pin="1"/><net_sink comp="242" pin=1"/></net>

<net id="367"><net_src comp="42" pin="0"/><net_sink comp="361" pin=0"/></net>

<net id="368"><net_src comp="234" pin="2"/><net_sink comp="361" pin=1"/></net>

<net id="369"><net_src comp="44" pin="0"/><net_sink comp="361" pin=2"/></net>

<net id="370"><net_src comp="46" pin="0"/><net_sink comp="361" pin=3"/></net>

<net id="377"><net_src comp="42" pin="0"/><net_sink comp="371" pin=0"/></net>

<net id="378"><net_src comp="238" pin="2"/><net_sink comp="371" pin=1"/></net>

<net id="379"><net_src comp="44" pin="0"/><net_sink comp="371" pin=2"/></net>

<net id="380"><net_src comp="46" pin="0"/><net_sink comp="371" pin=3"/></net>

<net id="387"><net_src comp="42" pin="0"/><net_sink comp="381" pin=0"/></net>

<net id="388"><net_src comp="242" pin="2"/><net_sink comp="381" pin=1"/></net>

<net id="389"><net_src comp="44" pin="0"/><net_sink comp="381" pin=2"/></net>

<net id="390"><net_src comp="46" pin="0"/><net_sink comp="381" pin=3"/></net>

<net id="394"><net_src comp="276" pin="1"/><net_sink comp="391" pin=0"/></net>

<net id="395"><net_src comp="391" pin="1"/><net_sink comp="222" pin=0"/></net>

<net id="399"><net_src comp="396" pin="1"/><net_sink comp="222" pin=1"/></net>

<net id="400"><net_src comp="396" pin="1"/><net_sink comp="226" pin=1"/></net>

<net id="401"><net_src comp="396" pin="1"/><net_sink comp="230" pin=1"/></net>

<net id="406"><net_src comp="48" pin="0"/><net_sink comp="402" pin=1"/></net>

<net id="410"><net_src comp="407" pin="1"/><net_sink comp="226" pin=0"/></net>

<net id="414"><net_src comp="411" pin="1"/><net_sink comp="230" pin=0"/></net>

<net id="418"><net_src comp="38" pin="0"/><net_sink comp="415" pin=0"/></net>

<net id="423"><net_src comp="415" pin="1"/><net_sink comp="419" pin=1"/></net>

<net id="427"><net_src comp="28" pin="0"/><net_sink comp="424" pin=0"/></net>

<net id="432"><net_src comp="424" pin="1"/><net_sink comp="428" pin=0"/></net>

<net id="433"><net_src comp="280" pin="1"/><net_sink comp="428" pin=1"/></net>

<net id="438"><net_src comp="428" pin="2"/><net_sink comp="434" pin=0"/></net>

<net id="439"><net_src comp="28" pin="0"/><net_sink comp="434" pin=1"/></net>

<net id="443"><net_src comp="32" pin="0"/><net_sink comp="440" pin=0"/></net>

<net id="448"><net_src comp="440" pin="1"/><net_sink comp="444" pin=0"/></net>

<net id="449"><net_src comp="276" pin="1"/><net_sink comp="444" pin=1"/></net>

<net id="454"><net_src comp="444" pin="2"/><net_sink comp="450" pin=0"/></net>

<net id="455"><net_src comp="32" pin="0"/><net_sink comp="450" pin=1"/></net>

<net id="459"><net_src comp="36" pin="0"/><net_sink comp="456" pin=0"/></net>

<net id="464"><net_src comp="456" pin="1"/><net_sink comp="460" pin=0"/></net>

<net id="465"><net_src comp="284" pin="1"/><net_sink comp="460" pin=1"/></net>

<net id="470"><net_src comp="460" pin="2"/><net_sink comp="466" pin=0"/></net>

<net id="471"><net_src comp="36" pin="0"/><net_sink comp="466" pin=1"/></net>

<net id="475"><net_src comp="472" pin="1"/><net_sink comp="222" pin=1"/></net>

<net id="476"><net_src comp="472" pin="1"/><net_sink comp="226" pin=1"/></net>

<net id="477"><net_src comp="472" pin="1"/><net_sink comp="230" pin=1"/></net>

<net id="481"><net_src comp="478" pin="1"/><net_sink comp="222" pin=0"/></net>

<net id="485"><net_src comp="482" pin="1"/><net_sink comp="226" pin=0"/></net>

<net id="489"><net_src comp="486" pin="1"/><net_sink comp="230" pin=0"/></net>

<net id="495"><net_src comp="96" pin="0"/><net_sink comp="490" pin=0"/></net>

<net id="496"><net_src comp="280" pin="1"/><net_sink comp="490" pin=1"/></net>

<net id="497"><net_src comp="98" pin="0"/><net_sink comp="490" pin=2"/></net>

<net id="502"><net_src comp="490" pin="3"/><net_sink comp="498" pin=0"/></net>

<net id="508"><net_src comp="96" pin="0"/><net_sink comp="503" pin=0"/></net>

<net id="509"><net_src comp="276" pin="1"/><net_sink comp="503" pin=1"/></net>

<net id="510"><net_src comp="98" pin="0"/><net_sink comp="503" pin=2"/></net>

<net id="515"><net_src comp="503" pin="3"/><net_sink comp="511" pin=0"/></net>

<net id="521"><net_src comp="96" pin="0"/><net_sink comp="516" pin=0"/></net>

<net id="522"><net_src comp="284" pin="1"/><net_sink comp="516" pin=1"/></net>

<net id="523"><net_src comp="98" pin="0"/><net_sink comp="516" pin=2"/></net>

<net id="528"><net_src comp="516" pin="3"/><net_sink comp="524" pin=0"/></net>

<net id="532"><net_src comp="498" pin="2"/><net_sink comp="529" pin=0"/></net>

<net id="536"><net_src comp="511" pin="2"/><net_sink comp="533" pin=0"/></net>

<net id="540"><net_src comp="524" pin="2"/><net_sink comp="537" pin=0"/></net>

<net id="545"><net_src comp="38" pin="0"/><net_sink comp="541" pin=1"/></net>

<net id="550"><net_src comp="204" pin="4"/><net_sink comp="546" pin=1"/></net>

<net id="555"><net_src comp="546" pin="2"/><net_sink comp="551" pin=0"/></net>

<net id="560"><net_src comp="551" pin="2"/><net_sink comp="556" pin=0"/></net>

<net id="561"><net_src comp="100" pin="0"/><net_sink comp="556" pin=1"/></net>

<net id="566"><net_src comp="193" pin="4"/><net_sink comp="562" pin=1"/></net>

<net id="571"><net_src comp="562" pin="2"/><net_sink comp="567" pin=0"/></net>

<net id="576"><net_src comp="567" pin="2"/><net_sink comp="572" pin=0"/></net>

<net id="577"><net_src comp="100" pin="0"/><net_sink comp="572" pin=1"/></net>

<net id="582"><net_src comp="215" pin="4"/><net_sink comp="578" pin=1"/></net>

<net id="587"><net_src comp="578" pin="2"/><net_sink comp="583" pin=0"/></net>

<net id="592"><net_src comp="583" pin="2"/><net_sink comp="588" pin=0"/></net>

<net id="593"><net_src comp="100" pin="0"/><net_sink comp="588" pin=1"/></net>

<net id="599"><net_src comp="100" pin="0"/><net_sink comp="594" pin=1"/></net>

<net id="603"><net_src comp="594" pin="3"/><net_sink comp="600" pin=0"/></net>

<net id="608"><net_src comp="594" pin="3"/><net_sink comp="604" pin=0"/></net>

<net id="609"><net_src comp="102" pin="0"/><net_sink comp="604" pin=1"/></net>

<net id="615"><net_src comp="604" pin="2"/><net_sink comp="610" pin=0"/></net>

<net id="616"><net_src comp="104" pin="0"/><net_sink comp="610" pin=1"/></net>

<net id="617"><net_src comp="600" pin="1"/><net_sink comp="610" pin=2"/></net>

<net id="621"><net_src comp="610" pin="3"/><net_sink comp="618" pin=0"/></net>

<net id="622"><net_src comp="618" pin="1"/><net_sink comp="168" pin=2"/></net>

<net id="628"><net_src comp="100" pin="0"/><net_sink comp="623" pin=1"/></net>

<net id="632"><net_src comp="623" pin="3"/><net_sink comp="629" pin=0"/></net>

<net id="637"><net_src comp="623" pin="3"/><net_sink comp="633" pin=0"/></net>

<net id="638"><net_src comp="102" pin="0"/><net_sink comp="633" pin=1"/></net>

<net id="644"><net_src comp="633" pin="2"/><net_sink comp="639" pin=0"/></net>

<net id="645"><net_src comp="104" pin="0"/><net_sink comp="639" pin=1"/></net>

<net id="646"><net_src comp="629" pin="1"/><net_sink comp="639" pin=2"/></net>

<net id="650"><net_src comp="639" pin="3"/><net_sink comp="647" pin=0"/></net>

<net id="651"><net_src comp="647" pin="1"/><net_sink comp="175" pin=2"/></net>

<net id="657"><net_src comp="100" pin="0"/><net_sink comp="652" pin=1"/></net>

<net id="661"><net_src comp="652" pin="3"/><net_sink comp="658" pin=0"/></net>

<net id="666"><net_src comp="652" pin="3"/><net_sink comp="662" pin=0"/></net>

<net id="667"><net_src comp="102" pin="0"/><net_sink comp="662" pin=1"/></net>

<net id="673"><net_src comp="662" pin="2"/><net_sink comp="668" pin=0"/></net>

<net id="674"><net_src comp="104" pin="0"/><net_sink comp="668" pin=1"/></net>

<net id="675"><net_src comp="658" pin="1"/><net_sink comp="668" pin=2"/></net>

<net id="679"><net_src comp="668" pin="3"/><net_sink comp="676" pin=0"/></net>

<net id="680"><net_src comp="676" pin="1"/><net_sink comp="182" pin=2"/></net>

<net id="684"><net_src comp="108" pin="2"/><net_sink comp="681" pin=0"/></net>

<net id="685"><net_src comp="681" pin="1"/><net_sink comp="396" pin=0"/></net>

<net id="686"><net_src comp="681" pin="1"/><net_sink comp="402" pin=0"/></net>

<net id="690"><net_src comp="114" pin="2"/><net_sink comp="687" pin=0"/></net>

<net id="691"><net_src comp="687" pin="1"/><net_sink comp="472" pin=0"/></net>

<net id="695"><net_src comp="120" pin="2"/><net_sink comp="692" pin=0"/></net>

<net id="696"><net_src comp="692" pin="1"/><net_sink comp="317" pin=0"/></net>

<net id="700"><net_src comp="126" pin="2"/><net_sink comp="697" pin=0"/></net>

<net id="701"><net_src comp="697" pin="1"/><net_sink comp="306" pin=0"/></net>

<net id="705"><net_src comp="288" pin="2"/><net_sink comp="702" pin=0"/></net>

<net id="706"><net_src comp="702" pin="1"/><net_sink comp="312" pin=0"/></net>

<net id="707"><net_src comp="702" pin="1"/><net_sink comp="327" pin=0"/></net>

<net id="708"><net_src comp="702" pin="1"/><net_sink comp="332" pin=0"/></net>

<net id="712"><net_src comp="294" pin="2"/><net_sink comp="709" pin=0"/></net>

<net id="713"><net_src comp="709" pin="1"/><net_sink comp="337" pin=0"/></net>

<net id="714"><net_src comp="709" pin="1"/><net_sink comp="346" pin=0"/></net>

<net id="715"><net_src comp="709" pin="1"/><net_sink comp="351" pin=0"/></net>

<net id="719"><net_src comp="300" pin="2"/><net_sink comp="716" pin=0"/></net>

<net id="720"><net_src comp="716" pin="1"/><net_sink comp="356" pin=0"/></net>

<net id="721"><net_src comp="716" pin="1"/><net_sink comp="419" pin=0"/></net>

<net id="722"><net_src comp="716" pin="1"/><net_sink comp="541" pin=0"/></net>

<net id="726"><net_src comp="306" pin="1"/><net_sink comp="723" pin=0"/></net>

<net id="727"><net_src comp="723" pin="1"/><net_sink comp="222" pin=0"/></net>

<net id="728"><net_src comp="723" pin="1"/><net_sink comp="230" pin=0"/></net>

<net id="729"><net_src comp="723" pin="1"/><net_sink comp="238" pin=0"/></net>

<net id="733"><net_src comp="312" pin="1"/><net_sink comp="730" pin=0"/></net>

<net id="734"><net_src comp="730" pin="1"/><net_sink comp="222" pin=1"/></net>

<net id="735"><net_src comp="730" pin="1"/><net_sink comp="226" pin=1"/></net>

<net id="739"><net_src comp="317" pin="1"/><net_sink comp="736" pin=0"/></net>

<net id="740"><net_src comp="736" pin="1"/><net_sink comp="226" pin=0"/></net>

<net id="741"><net_src comp="736" pin="1"/><net_sink comp="234" pin=0"/></net>

<net id="742"><net_src comp="736" pin="1"/><net_sink comp="242" pin=0"/></net>

<net id="746"><net_src comp="327" pin="2"/><net_sink comp="743" pin=0"/></net>

<net id="747"><net_src comp="743" pin="1"/><net_sink comp="478" pin=0"/></net>

<net id="751"><net_src comp="337" pin="1"/><net_sink comp="748" pin=0"/></net>

<net id="752"><net_src comp="748" pin="1"/><net_sink comp="230" pin=1"/></net>

<net id="753"><net_src comp="748" pin="1"/><net_sink comp="234" pin=1"/></net>

<net id="757"><net_src comp="346" pin="2"/><net_sink comp="754" pin=0"/></net>

<net id="758"><net_src comp="754" pin="1"/><net_sink comp="482" pin=0"/></net>

<net id="762"><net_src comp="356" pin="1"/><net_sink comp="759" pin=0"/></net>

<net id="763"><net_src comp="759" pin="1"/><net_sink comp="238" pin=1"/></net>

<net id="764"><net_src comp="759" pin="1"/><net_sink comp="242" pin=1"/></net>

<net id="768"><net_src comp="246" pin="4"/><net_sink comp="765" pin=0"/></net>

<net id="769"><net_src comp="765" pin="1"/><net_sink comp="546" pin=0"/></net>

<net id="773"><net_src comp="266" pin="4"/><net_sink comp="770" pin=0"/></net>

<net id="774"><net_src comp="770" pin="1"/><net_sink comp="562" pin=0"/></net>

<net id="778"><net_src comp="361" pin="4"/><net_sink comp="775" pin=0"/></net>

<net id="779"><net_src comp="775" pin="1"/><net_sink comp="407" pin=0"/></net>

<net id="783"><net_src comp="371" pin="4"/><net_sink comp="780" pin=0"/></net>

<net id="784"><net_src comp="780" pin="1"/><net_sink comp="578" pin=0"/></net>

<net id="788"><net_src comp="381" pin="4"/><net_sink comp="785" pin=0"/></net>

<net id="789"><net_src comp="785" pin="1"/><net_sink comp="411" pin=0"/></net>

<net id="793"><net_src comp="391" pin="1"/><net_sink comp="790" pin=0"/></net>

<net id="794"><net_src comp="790" pin="1"/><net_sink comp="222" pin=0"/></net>

<net id="798"><net_src comp="396" pin="1"/><net_sink comp="795" pin=0"/></net>

<net id="799"><net_src comp="795" pin="1"/><net_sink comp="222" pin=1"/></net>

<net id="800"><net_src comp="795" pin="1"/><net_sink comp="226" pin=1"/></net>

<net id="801"><net_src comp="795" pin="1"/><net_sink comp="230" pin=1"/></net>

<net id="802"><net_src comp="795" pin="1"/><net_sink comp="498" pin=1"/></net>

<net id="803"><net_src comp="795" pin="1"/><net_sink comp="511" pin=1"/></net>

<net id="804"><net_src comp="795" pin="1"/><net_sink comp="524" pin=1"/></net>

<net id="808"><net_src comp="402" pin="2"/><net_sink comp="805" pin=0"/></net>

<net id="812"><net_src comp="407" pin="1"/><net_sink comp="809" pin=0"/></net>

<net id="813"><net_src comp="809" pin="1"/><net_sink comp="226" pin=0"/></net>

<net id="817"><net_src comp="411" pin="1"/><net_sink comp="814" pin=0"/></net>

<net id="818"><net_src comp="814" pin="1"/><net_sink comp="230" pin=0"/></net>

<net id="822"><net_src comp="419" pin="2"/><net_sink comp="819" pin=0"/></net>

<net id="823"><net_src comp="819" pin="1"/><net_sink comp="486" pin=0"/></net>

<net id="827"><net_src comp="428" pin="2"/><net_sink comp="824" pin=0"/></net>

<net id="828"><net_src comp="824" pin="1"/><net_sink comp="551" pin=1"/></net>

<net id="832"><net_src comp="444" pin="2"/><net_sink comp="829" pin=0"/></net>

<net id="833"><net_src comp="829" pin="1"/><net_sink comp="567" pin=1"/></net>

<net id="837"><net_src comp="460" pin="2"/><net_sink comp="834" pin=0"/></net>

<net id="838"><net_src comp="834" pin="1"/><net_sink comp="583" pin=1"/></net>

<net id="842"><net_src comp="472" pin="1"/><net_sink comp="839" pin=0"/></net>

<net id="843"><net_src comp="839" pin="1"/><net_sink comp="222" pin=1"/></net>

<net id="844"><net_src comp="839" pin="1"/><net_sink comp="226" pin=1"/></net>

<net id="845"><net_src comp="839" pin="1"/><net_sink comp="230" pin=1"/></net>

<net id="849"><net_src comp="478" pin="1"/><net_sink comp="846" pin=0"/></net>

<net id="850"><net_src comp="846" pin="1"/><net_sink comp="222" pin=0"/></net>

<net id="854"><net_src comp="482" pin="1"/><net_sink comp="851" pin=0"/></net>

<net id="855"><net_src comp="851" pin="1"/><net_sink comp="226" pin=0"/></net>

<net id="859"><net_src comp="486" pin="1"/><net_sink comp="856" pin=0"/></net>

<net id="860"><net_src comp="856" pin="1"/><net_sink comp="230" pin=0"/></net>

<net id="864"><net_src comp="490" pin="3"/><net_sink comp="861" pin=0"/></net>

<net id="865"><net_src comp="861" pin="1"/><net_sink comp="498" pin=0"/></net>

<net id="869"><net_src comp="503" pin="3"/><net_sink comp="866" pin=0"/></net>

<net id="870"><net_src comp="866" pin="1"/><net_sink comp="511" pin=0"/></net>

<net id="874"><net_src comp="516" pin="3"/><net_sink comp="871" pin=0"/></net>

<net id="875"><net_src comp="871" pin="1"/><net_sink comp="524" pin=0"/></net>

<net id="879"><net_src comp="529" pin="1"/><net_sink comp="876" pin=0"/></net>

<net id="880"><net_src comp="876" pin="1"/><net_sink comp="204" pin=0"/></net>

<net id="884"><net_src comp="533" pin="1"/><net_sink comp="881" pin=0"/></net>

<net id="885"><net_src comp="881" pin="1"/><net_sink comp="193" pin=0"/></net>

<net id="889"><net_src comp="537" pin="1"/><net_sink comp="886" pin=0"/></net>

<net id="890"><net_src comp="886" pin="1"/><net_sink comp="215" pin=0"/></net>

<net id="894"><net_src comp="551" pin="2"/><net_sink comp="891" pin=0"/></net>

<net id="895"><net_src comp="891" pin="1"/><net_sink comp="594" pin=2"/></net>

<net id="899"><net_src comp="556" pin="2"/><net_sink comp="896" pin=0"/></net>

<net id="900"><net_src comp="896" pin="1"/><net_sink comp="594" pin=0"/></net>

<net id="904"><net_src comp="567" pin="2"/><net_sink comp="901" pin=0"/></net>

<net id="905"><net_src comp="901" pin="1"/><net_sink comp="623" pin=2"/></net>

<net id="909"><net_src comp="572" pin="2"/><net_sink comp="906" pin=0"/></net>

<net id="910"><net_src comp="906" pin="1"/><net_sink comp="623" pin=0"/></net>

<net id="914"><net_src comp="583" pin="2"/><net_sink comp="911" pin=0"/></net>

<net id="915"><net_src comp="911" pin="1"/><net_sink comp="652" pin=2"/></net>

<net id="919"><net_src comp="588" pin="2"/><net_sink comp="916" pin=0"/></net>

<net id="920"><net_src comp="916" pin="1"/><net_sink comp="652" pin=0"/></net>

</net_list>

</model> 
---------------- Datapath Model END ------------------

* FSMD analyzer results:
  - Output states:
	Port: out_roll | {61 }
	Port: out_pitch | {61 }
	Port: out_yaw | {61 }
	Port: roll_st_integ | {6 }
	Port: roll_st_last_err | {2 }
	Port: pitch_st_integ | {6 }
	Port: pitch_st_last_err | {2 }
	Port: yaw_st_integ | {6 }
	Port: yaw_st_last_err | {59 }
 - Input state : 
	Port: hardware_pid_engine : set_roll | {1 }
	Port: hardware_pid_engine : set_pitch | {1 }
	Port: hardware_pid_engine : set_yaw | {1 }
	Port: hardware_pid_engine : gyro_x | {1 }
	Port: hardware_pid_engine : gyro_y | {1 }
	Port: hardware_pid_engine : gyro_z | {1 }
	Port: hardware_pid_engine : kp | {1 }
	Port: hardware_pid_engine : ki | {1 }
	Port: hardware_pid_engine : kd | {1 }
	Port: hardware_pid_engine : dt | {1 }
	Port: hardware_pid_engine : roll_st_integ | {6 }
	Port: hardware_pid_engine : roll_st_last_err | {2 }
	Port: hardware_pid_engine : pitch_st_integ | {6 }
	Port: hardware_pid_engine : pitch_st_last_err | {2 }
	Port: hardware_pid_engine : yaw_st_integ | {6 }
	Port: hardware_pid_engine : yaw_st_last_err | {5 }
  - Chain level:
	State 1
	State 2
		mul_ln7 : 1
		mul_ln7_1 : 1
		diff : 1
		mul_ln7_3 : 1
		mul_ln7_4 : 1
		diff_1 : 1
		mul_ln7_6 : 1
		mul_ln7_7 : 1
	State 3
		P : 1
		a_assign : 1
		P_1 : 1
		a_assign_1 : 1
		P_2 : 1
		a_assign_2 : 1
	State 4
		mul_ln7_2 : 1
		mul_ln7_5 : 1
		mul_ln7_8 : 1
	State 5
		delta_i : 1
		delta_i_1 : 1
		delta_i_2 : 1
		diff_2 : 1
	State 6
		add_ln20 : 1
		store_ln20 : 2
		add_ln20_1 : 1
		store_ln20 : 2
		add_ln20_2 : 1
		store_ln20 : 2
		mul_ln7_9 : 1
		mul_ln7_10 : 1
		mul_ln7_11 : 1
	State 7
		tmp : 1
		tmp_1 : 1
		tmp_2 : 1
	State 8
		sdiv_ln23 : 1
		sdiv_ln23_1 : 1
		sdiv_ln23_2 : 1
	State 9
	State 10
	State 11
	State 12
	State 13
	State 14
	State 15
	State 16
	State 17
	State 18
	State 19
	State 20
	State 21
	State 22
	State 23
	State 24
	State 25
	State 26
	State 27
	State 28
	State 29
	State 30
	State 31
	State 32
	State 33
	State 34
	State 35
	State 36
	State 37
	State 38
	State 39
	State 40
	State 41
	State 42
	State 43
	State 44
	State 45
	State 46
	State 47
	State 48
	State 49
	State 50
	State 51
	State 52
	State 53
	State 54
	State 55
	State 56
	State 57
	State 58
	State 59
		trunc_ln23 : 1
		trunc_ln23_1 : 1
		trunc_ln23_2 : 1
	State 60
		add_ln26 : 1
		out_9 : 2
		icmp_ln28 : 3
		add_ln26_2 : 1
		out_12 : 2
		icmp_ln28_1 : 3
		add_ln26_4 : 1
		out : 2
		icmp_ln28_2 : 3
	State 61
		trunc_ln29 : 1
		icmp_ln29 : 1
		out_11 : 2
		sext_ln63 : 3
		write_ln63 : 4
		trunc_ln29_1 : 1
		icmp_ln29_1 : 1
		out_14 : 2
		sext_ln64 : 3
		write_ln64 : 4
		trunc_ln26 : 1
		icmp_ln29_2 : 1
		out_8 : 2
		sext_ln26 : 3
		write_ln65 : 4


============================================================
+ Verbose Summary: Datapath Resource usage 
============================================================

* Functional unit list:
|----------|----------------------------|---------|---------|---------|
| Operation|       Functional Unit      |   DSP   |    FF   |   LUT   |
|----------|----------------------------|---------|---------|---------|
|          |         grp_fu_498         |    0    |   586   |   353   |
|   sdiv   |         grp_fu_511         |    0    |   586   |   353   |
|          |         grp_fu_524         |    0    |   586   |   353   |
|----------|----------------------------|---------|---------|---------|
|          |         grp_fu_222         |    4    |   165   |    50   |
|          |         grp_fu_226         |    4    |   165   |    50   |
|    mul   |         grp_fu_230         |    4    |   165   |    50   |
|          |         grp_fu_234         |    4    |   165   |    50   |
|          |         grp_fu_238         |    4    |   165   |    50   |
|          |         grp_fu_242         |    4    |   165   |    50   |
|----------|----------------------------|---------|---------|---------|
|          |       add_ln20_fu_428      |    0    |    0    |    39   |
|          |      add_ln20_1_fu_444     |    0    |    0    |    39   |
|          |      add_ln20_2_fu_460     |    0    |    0    |    39   |
|          |       add_ln26_fu_546      |    0    |    0    |    32   |
|    add   |        out_9_fu_551        |    0    |    0    |    32   |
|          |      add_ln26_2_fu_562     |    0    |    0    |    32   |
|          |        out_12_fu_567       |    0    |    0    |    32   |
|          |      add_ln26_4_fu_578     |    0    |    0    |    32   |
|          |         out_fu_583         |    0    |    0    |    32   |
|----------|----------------------------|---------|---------|---------|
|          |      icmp_ln23_fu_402      |    0    |    0    |    39   |
|          |      icmp_ln28_fu_556      |    0    |    0    |    39   |
|          |     icmp_ln28_1_fu_572     |    0    |    0    |    39   |
|   icmp   |     icmp_ln28_2_fu_588     |    0    |    0    |    39   |
|          |      icmp_ln29_fu_604      |    0    |    0    |    39   |
|          |     icmp_ln29_1_fu_633     |    0    |    0    |    39   |
|          |     icmp_ln29_2_fu_662     |    0    |    0    |    39   |
|----------|----------------------------|---------|---------|---------|
|          |         err_fu_288         |    0    |    0    |    39   |
|          |        err_1_fu_294        |    0    |    0    |    39   |
|    sub   |        err_2_fu_300        |    0    |    0    |    39   |
|          |         diff_fu_327        |    0    |    0    |    39   |
|          |        diff_1_fu_346       |    0    |    0    |    39   |
|          |        diff_2_fu_419       |    0    |    0    |    39   |
|----------|----------------------------|---------|---------|---------|
|          |        out_10_fu_594       |    0    |    0    |    32   |
|          |        out_11_fu_610       |    0    |    0    |    18   |
|  select  |        out_13_fu_623       |    0    |    0    |    32   |
|          |        out_14_fu_639       |    0    |    0    |    18   |
|          |        out_7_fu_652        |    0    |    0    |    32   |
|          |        out_8_fu_668        |    0    |    0    |    18   |
|----------|----------------------------|---------|---------|---------|
|          |     dt_read_read_fu_108    |    0    |    0    |    0    |
|          |     kd_read_read_fu_114    |    0    |    0    |    0    |
|          |     ki_read_read_fu_120    |    0    |    0    |    0    |
|          |     kp_read_read_fu_126    |    0    |    0    |    0    |
|   read   |   gyro_z_read_read_fu_132  |    0    |    0    |    0    |
|          |   gyro_y_read_read_fu_138  |    0    |    0    |    0    |
|          |   gyro_x_read_read_fu_144  |    0    |    0    |    0    |
|          |  set_yaw_read_read_fu_150  |    0    |    0    |    0    |
|          | set_pitch_read_read_fu_156 |    0    |    0    |    0    |
|          |  set_roll_read_read_fu_162 |    0    |    0    |    0    |
|----------|----------------------------|---------|---------|---------|
|          |   write_ln63_write_fu_168  |    0    |    0    |    0    |
|   write  |   write_ln64_write_fu_175  |    0    |    0    |    0    |
|          |   write_ln65_write_fu_182  |    0    |    0    |    0    |
|----------|----------------------------|---------|---------|---------|
|          |         grp_fu_246         |    0    |    0    |    0    |
|          |         grp_fu_256         |    0    |    0    |    0    |
|partselect|         grp_fu_266         |    0    |    0    |    0    |
|          |      a_assign_1_fu_361     |    0    |    0    |    0    |
|          |         P_2_fu_371         |    0    |    0    |    0    |
|          |      a_assign_2_fu_381     |    0    |    0    |    0    |
|----------|----------------------------|---------|---------|---------|
|          |       sext_ln7_fu_306      |    0    |    0    |    0    |
|          |      sext_ln7_1_fu_312     |    0    |    0    |    0    |
|          |      sext_ln7_2_fu_317     |    0    |    0    |    0    |
|          |      sext_ln7_5_fu_337     |    0    |    0    |    0    |
|          |      sext_ln7_7_fu_356     |    0    |    0    |    0    |
|          |      sext_ln7_3_fu_391     |    0    |    0    |    0    |
|          |      sext_ln7_4_fu_396     |    0    |    0    |    0    |
|   sext   |      sext_ln7_6_fu_407     |    0    |    0    |    0    |
|          |      sext_ln7_8_fu_411     |    0    |    0    |    0    |
|          |      sext_ln7_9_fu_472     |    0    |    0    |    0    |
|          |     sext_ln7_10_fu_478     |    0    |    0    |    0    |
|          |     sext_ln7_11_fu_482     |    0    |    0    |    0    |
|          |     sext_ln7_12_fu_486     |    0    |    0    |    0    |
|          |      sext_ln63_fu_618      |    0    |    0    |    0    |
|          |      sext_ln64_fu_647      |    0    |    0    |    0    |
|          |      sext_ln26_fu_676      |    0    |    0    |    0    |
|----------|----------------------------|---------|---------|---------|
|          |        shl_ln_fu_490       |    0    |    0    |    0    |
|bitconcatenate|      shl_ln23_1_fu_503     |    0    |    0    |    0    |
|          |      shl_ln23_2_fu_516     |    0    |    0    |    0    |
|----------|----------------------------|---------|---------|---------|
|          |      trunc_ln23_fu_529     |    0    |    0    |    0    |
|          |     trunc_ln23_1_fu_533    |    0    |    0    |    0    |
|   trunc  |     trunc_ln23_2_fu_537    |    0    |    0    |    0    |
|          |      trunc_ln29_fu_600     |    0    |    0    |    0    |
|          |     trunc_ln29_1_fu_629    |    0    |    0    |    0    |
|          |      trunc_ln26_fu_658     |    0    |    0    |    0    |
|----------|----------------------------|---------|---------|---------|
|   Total  |                            |    24   |   2748  |   2325  |
|----------|----------------------------|---------|---------|---------|

Memories:
N/A

* Register list:
+--------------------+--------+
|                    |   FF   |
+--------------------+--------+
|      D_reg_211     |   32   |
|     P_1_reg_770    |   32   |
|     P_2_reg_780    |   32   |
|      P_reg_765     |   32   |
| a_assign_1_reg_775 |   32   |
| a_assign_2_reg_785 |   32   |
| add_ln20_1_reg_829 |   32   |
| add_ln20_2_reg_834 |   32   |
|  add_ln20_reg_824  |   32   |
| cond_i2773_reg_189 |   32   |
| cond_i6971_reg_200 |   32   |
|   diff_1_reg_754   |   32   |
|   diff_2_reg_819   |   32   |
|    diff_reg_743    |   32   |
|   dt_read_reg_681  |   32   |
|    err_1_reg_709   |   32   |
|    err_2_reg_716   |   32   |
|     err_reg_702    |   32   |
|  icmp_ln23_reg_805 |    1   |
| icmp_ln28_1_reg_906|    1   |
| icmp_ln28_2_reg_916|    1   |
|  icmp_ln28_reg_896 |    1   |
|   kd_read_reg_687  |   32   |
|   ki_read_reg_692  |   32   |
|   kp_read_reg_697  |   32   |
|   out_12_reg_901   |   32   |
|    out_9_reg_891   |   32   |
|     out_reg_911    |   32   |
|       reg_276      |   32   |
|       reg_280      |   32   |
|       reg_284      |   32   |
| sext_ln7_10_reg_846|   48   |
| sext_ln7_11_reg_851|   48   |
| sext_ln7_12_reg_856|   48   |
| sext_ln7_1_reg_730 |   48   |
| sext_ln7_2_reg_736 |   48   |
| sext_ln7_3_reg_790 |   48   |
| sext_ln7_4_reg_795 |   48   |
| sext_ln7_5_reg_748 |   48   |
| sext_ln7_6_reg_809 |   48   |
| sext_ln7_7_reg_759 |   48   |
| sext_ln7_8_reg_814 |   48   |
| sext_ln7_9_reg_839 |   48   |
|  sext_ln7_reg_723  |   48   |
| shl_ln23_1_reg_866 |   48   |
| shl_ln23_2_reg_871 |   48   |
|   shl_ln_reg_861   |   48   |
|trunc_ln23_1_reg_881|   32   |
|trunc_ln23_2_reg_886|   32   |
| trunc_ln23_reg_876 |   32   |
+--------------------+--------+
|        Total       |  1732  |
+--------------------+--------+

* Multiplexer (MUX) list: 
|------------|------|------|------|--------||---------||---------||---------|
|    Comp    |  Pin | Size |  BW  | S x BW ||  Delay  ||    FF   ||   LUT   |
|------------|------|------|------|--------||---------||---------||---------|
| grp_fu_222 |  p0  |   6  |  32  |   192  ||    0    ||    31   |
| grp_fu_222 |  p1  |   6  |  32  |   192  ||    0    ||    31   |
| grp_fu_226 |  p0  |   6  |  32  |   192  ||    0    ||    31   |
| grp_fu_226 |  p1  |   6  |  32  |   192  ||    0    ||    31   |
| grp_fu_230 |  p0  |   6  |  32  |   192  ||    0    ||    31   |
| grp_fu_230 |  p1  |   6  |  32  |   192  ||    0    ||    31   |
| grp_fu_234 |  p0  |   2  |  32  |   64   ||    0    ||    9    |
| grp_fu_234 |  p1  |   2  |  32  |   64   ||    0    ||    9    |
| grp_fu_238 |  p0  |   2  |  32  |   64   ||    0    ||    9    |
| grp_fu_238 |  p1  |   2  |  32  |   64   ||    0    ||    9    |
| grp_fu_242 |  p0  |   2  |  32  |   64   ||    0    ||    9    |
| grp_fu_242 |  p1  |   2  |  32  |   64   ||    0    ||    9    |
| grp_fu_498 |  p0  |   2  |  48  |   96   ||    0    ||    9    |
| grp_fu_511 |  p0  |   2  |  48  |   96   ||    0    ||    9    |
| grp_fu_524 |  p0  |   2  |  48  |   96   ||    0    ||    9    |
|------------|------|------|------|--------||---------||---------||---------|
|    Total   |      |      |      |  1824  || 26.6832 ||    0    ||   267   |
|------------|------|------|------|--------||---------||---------||---------|



* Summary:
+-----------+--------+--------+--------+--------+
|           |   DSP  |  Delay |   FF   |   LUT  |
+-----------+--------+--------+--------+--------+
|  Function |   24   |    -   |  2748  |  2325  |
|   Memory  |    -   |    -   |    -   |    -   |
|Multiplexer|    -   |   26   |    0   |   267  |
|  Register |    -   |    -   |  1732  |    -   |
+-----------+--------+--------+--------+--------+
|   Total   |   24   |   26   |  4480  |  2592  |
+-----------+--------+--------+--------+--------+
